2025-12-07 20:46:50,426 - ida_adapter - INFO - 开始分析文件: E:\WorkSpace\ReBind_demo\tmp\Malware_sample.exe
2025-12-07 20:46:50,427 - ida_adapter - INFO - 准备工作目录: E:\WorkSpace\ReBind_demo\tmp\Malware_sample_idademo
2025-12-07 20:46:50,429 - ida_adapter - DEBUG - 复制脚本: ExtractBinaryInfo_IDA.py
2025-12-07 20:46:50,431 - ida_adapter - DEBUG - 复制脚本: ExtractDisassembly_IDA.py
2025-12-07 20:46:50,433 - ida_adapter - DEBUG - 复制脚本: ExtractPseudocode_IDA.py
2025-12-07 20:46:50,433 - ida_adapter - INFO - [1/3] 执行脚本: ExtractBinaryInfo_IDA.py
2025-12-07 20:46:50,433 - ida_adapter - DEBUG - 构建的命令: C:\Program Files\IDA Professional 9.2\idat.exe -A -c -S"ExtractBinaryInfo_IDA.py" E:\WorkSpace\ReBind_demo\tmp\Malware_sample.exe
2025-12-07 20:46:55,304 - ida_adapter - INFO - 脚本 ExtractBinaryInfo_IDA.py 执行完成
2025-12-07 20:46:55,304 - ida_adapter - INFO - [2/3] 执行脚本: ExtractDisassembly_IDA.py
2025-12-07 20:46:55,304 - ida_adapter - DEBUG - 构建的命令: C:\Program Files\IDA Professional 9.2\idat.exe -A -c -S"ExtractDisassembly_IDA.py" E:\WorkSpace\ReBind_demo\tmp\Malware_sample.exe
2025-12-07 20:46:59,522 - ida_adapter - INFO - 脚本 ExtractDisassembly_IDA.py 执行完成
2025-12-07 20:46:59,522 - ida_adapter - INFO - [3/3] 执行脚本: ExtractPseudocode_IDA.py
2025-12-07 20:46:59,523 - ida_adapter - DEBUG - 构建的命令: C:\Program Files\IDA Professional 9.2\idat.exe -A -c -S"ExtractPseudocode_IDA.py" E:\WorkSpace\ReBind_demo\tmp\Malware_sample.exe
2025-12-07 20:47:04,711 - ida_adapter - INFO - 脚本 ExtractPseudocode_IDA.py 执行完成
2025-12-07 20:47:04,712 - ida_adapter - INFO - 所有脚本执行完成
2025-12-07 20:47:04,712 - ida_adapter - DEBUG - 文件名清理: Malware_sample.exe -> Malware_sample
2025-12-07 20:47:04,712 - ida_adapter - INFO - 处理输出文件...
2025-12-07 20:47:04,713 - ida_adapter - DEBUG - 删除临时脚本: ExtractBinaryInfo_IDA.py
2025-12-07 20:47:04,715 - ida_adapter - DEBUG - 删除临时脚本: ExtractDisassembly_IDA.py
2025-12-07 20:47:04,715 - ida_adapter - DEBUG - 删除临时脚本: ExtractPseudocode_IDA.py
2025-12-07 20:47:04,715 - ida_adapter - INFO - 分析完成，输出目录: E:\WorkSpace\ReBind_demo\tmp\Malware_sample_idademo
2025-12-07 20:51:07,943 - ida_adapter - INFO - 开始分析文件: E:\WorkSpace\ReBind_demo\tmp\Malware_sample.exe
2025-12-07 20:51:07,944 - ida_adapter - INFO - 准备工作目录: E:\WorkSpace\ReBind_demo\tmp\Malware_sample_idademo
2025-12-07 20:51:07,946 - ida_adapter - DEBUG - 复制脚本: ExtractBinaryInfo_IDA.py
2025-12-07 20:51:07,947 - ida_adapter - DEBUG - 复制脚本: ExtractDisassembly_IDA.py
2025-12-07 20:51:07,949 - ida_adapter - DEBUG - 复制脚本: ExtractPseudocode_IDA.py
2025-12-07 20:51:07,949 - ida_adapter - INFO - [1/3] 执行脚本: ExtractBinaryInfo_IDA.py
2025-12-07 20:51:07,949 - ida_adapter - DEBUG - 构建的命令: C:\Program Files\IDA Professional 9.2\idat.exe -A -c -S"ExtractBinaryInfo_IDA.py" E:\WorkSpace\ReBind_demo\tmp\Malware_sample.exe
2025-12-07 20:51:07,950 - ida_adapter - DEBUG - 完整命令: C:\Program Files\IDA Professional 9.2\idat.exe -A -c -S"ExtractBinaryInfo_IDA.py" E:\WorkSpace\ReBind_demo\tmp\Malware_sample.exe
2025-12-07 20:51:07,950 - ida_adapter - DEBUG - 当前工作目录: E:\WorkSpace\ReBind_demo\tmp\Malware_sample_idademo
2025-12-07 20:51:12,220 - ida_adapter - INFO - 脚本 ExtractBinaryInfo_IDA.py 执行完成
2025-12-07 20:51:12,220 - ida_adapter - INFO - [2/3] 执行脚本: ExtractDisassembly_IDA.py
2025-12-07 20:51:12,221 - ida_adapter - DEBUG - 构建的命令: C:\Program Files\IDA Professional 9.2\idat.exe -A -c -S"ExtractDisassembly_IDA.py" E:\WorkSpace\ReBind_demo\tmp\Malware_sample.exe
2025-12-07 20:51:12,221 - ida_adapter - DEBUG - 完整命令: C:\Program Files\IDA Professional 9.2\idat.exe -A -c -S"ExtractDisassembly_IDA.py" E:\WorkSpace\ReBind_demo\tmp\Malware_sample.exe
2025-12-07 20:51:12,221 - ida_adapter - DEBUG - 当前工作目录: E:\WorkSpace\ReBind_demo\tmp\Malware_sample_idademo
2025-12-07 20:51:16,464 - ida_adapter - INFO - 脚本 ExtractDisassembly_IDA.py 执行完成
2025-12-07 20:51:16,464 - ida_adapter - INFO - [3/3] 执行脚本: ExtractPseudocode_IDA.py
2025-12-07 20:51:16,464 - ida_adapter - DEBUG - 构建的命令: C:\Program Files\IDA Professional 9.2\idat.exe -A -c -S"ExtractPseudocode_IDA.py" E:\WorkSpace\ReBind_demo\tmp\Malware_sample.exe
2025-12-07 20:51:16,464 - ida_adapter - DEBUG - 完整命令: C:\Program Files\IDA Professional 9.2\idat.exe -A -c -S"ExtractPseudocode_IDA.py" E:\WorkSpace\ReBind_demo\tmp\Malware_sample.exe
2025-12-07 20:51:16,464 - ida_adapter - DEBUG - 当前工作目录: E:\WorkSpace\ReBind_demo\tmp\Malware_sample_idademo
2025-12-07 20:51:21,214 - ida_adapter - INFO - 脚本 ExtractPseudocode_IDA.py 执行完成
2025-12-07 20:51:21,215 - ida_adapter - INFO - 所有脚本执行完成
2025-12-07 20:51:21,215 - ida_adapter - DEBUG - 当前工作目录内容 (E:\WorkSpace\ReBind_demo\tmp\Malware_sample_idademo):
2025-12-07 20:51:21,215 - ida_adapter - DEBUG -   - ExtractBinaryInfo_IDA.py
2025-12-07 20:51:21,215 - ida_adapter - DEBUG -   - ExtractDisassembly_IDA.py
2025-12-07 20:51:21,215 - ida_adapter - DEBUG -   - ExtractPseudocode_IDA.py
2025-12-07 20:51:21,216 - ida_adapter - DEBUG - 原始目录内容 (E:\WorkSpace\ReBind_demo\tmp):
2025-12-07 20:51:21,216 - ida_adapter - DEBUG -   - Malware_sample.exe
2025-12-07 20:51:21,216 - ida_adapter - DEBUG -   - Malware_sample.exe.i64
2025-12-07 20:51:21,216 - ida_adapter - DEBUG -   - Malware_sample_disassembly
2025-12-07 20:51:21,216 - ida_adapter - DEBUG -   - Malware_sample_ghidemo
2025-12-07 20:51:21,216 - ida_adapter - DEBUG -   - Malware_sample_idademo
2025-12-07 20:51:21,216 - ida_adapter - DEBUG -   - Malware_sample_output
2025-12-07 20:51:21,216 - ida_adapter - DEBUG -   - Malware_sample_pesudocode
2025-12-07 20:51:21,217 - ida_adapter - DEBUG - 文件名清理: Malware_sample.exe -> Malware_sample
2025-12-07 20:51:21,217 - ida_adapter - INFO - 处理输出文件...
2025-12-07 20:51:21,217 - ida_adapter - DEBUG - 清理后的文件名: Malware_sample
2025-12-07 20:51:21,217 - ida_adapter - DEBUG - 输出目录: E:\WorkSpace\ReBind_demo\tmp\Malware_sample_idademo
2025-12-07 20:51:21,217 - ida_adapter - DEBUG - 当前工作目录: E:\WorkSpace\ReBind_demo\tools\IDA_Headless_Demo
2025-12-07 20:51:21,217 - ida_adapter - DEBUG - 检查目录: E:\WorkSpace\ReBind_demo\tmp\Malware_sample_disassembly (绝对路径: E:\WorkSpace\ReBind_demo\tmp\Malware_sample_disassembly)
2025-12-07 20:51:21,217 - ida_adapter - DEBUG - 目标路径: E:\WorkSpace\ReBind_demo\tmp\Malware_sample_idademo\Malware_sample_disassembly
2025-12-07 20:51:21,218 - ida_adapter - DEBUG - 移动目录: Malware_sample_disassembly -> E:\WorkSpace\ReBind_demo\tmp\Malware_sample_idademo\Malware_sample_disassembly
2025-12-07 20:51:21,219 - ida_adapter - DEBUG - 检查目录: E:\WorkSpace\ReBind_demo\tmp\Malware_sample_output (绝对路径: E:\WorkSpace\ReBind_demo\tmp\Malware_sample_output)
2025-12-07 20:51:21,219 - ida_adapter - DEBUG - 目标路径: E:\WorkSpace\ReBind_demo\tmp\Malware_sample_idademo\Malware_sample_output
2025-12-07 20:51:21,220 - ida_adapter - DEBUG - 移动目录: Malware_sample_output -> E:\WorkSpace\ReBind_demo\tmp\Malware_sample_idademo\Malware_sample_output
2025-12-07 20:51:21,220 - ida_adapter - DEBUG - 检查目录: E:\WorkSpace\ReBind_demo\tmp\Malware_sample_pseudocode (绝对路径: E:\WorkSpace\ReBind_demo\tmp\Malware_sample_pseudocode)
2025-12-07 20:51:21,221 - ida_adapter - WARNING - 输出目录不存在: E:\WorkSpace\ReBind_demo\tmp\Malware_sample_pseudocode
2025-12-07 20:51:21,221 - ida_adapter - DEBUG - 原始目录内容 (E:\WorkSpace\ReBind_demo\tmp):
2025-12-07 20:51:21,221 - ida_adapter - DEBUG -   - Malware_sample.exe
2025-12-07 20:51:21,221 - ida_adapter - DEBUG -   - Malware_sample.exe.i64
2025-12-07 20:51:21,221 - ida_adapter - DEBUG -   - Malware_sample_ghidemo
2025-12-07 20:51:21,221 - ida_adapter - DEBUG -   - Malware_sample_idademo
2025-12-07 20:51:21,221 - ida_adapter - DEBUG -   - Malware_sample_pesudocode
2025-12-07 20:51:21,221 - ida_adapter - DEBUG - 检查目录: E:\WorkSpace\ReBind_demo\tmp\Malware_sample_pesudocode (绝对路径: E:\WorkSpace\ReBind_demo\tmp\Malware_sample_pesudocode)
2025-12-07 20:51:21,222 - ida_adapter - DEBUG - 目标路径: E:\WorkSpace\ReBind_demo\tmp\Malware_sample_idademo\Malware_sample_pesudocode
2025-12-07 20:51:21,223 - ida_adapter - DEBUG - 移动目录: Malware_sample_pesudocode -> E:\WorkSpace\ReBind_demo\tmp\Malware_sample_idademo\Malware_sample_pesudocode
2025-12-07 20:51:21,223 - ida_adapter - DEBUG - 删除临时脚本: ExtractBinaryInfo_IDA.py
2025-12-07 20:51:21,224 - ida_adapter - DEBUG - 删除临时脚本: ExtractDisassembly_IDA.py
2025-12-07 20:51:21,224 - ida_adapter - DEBUG - 删除临时脚本: ExtractPseudocode_IDA.py
2025-12-07 20:51:21,224 - ida_adapter - INFO - 分析完成，输出目录: E:\WorkSpace\ReBind_demo\tmp\Malware_sample_idademo
2025-12-07 21:12:21,162 - ida_adapter - INFO - 开始分析文件: E:\WorkSpace\ReBind_demo\tmp\Malware_sample.exe
2025-12-07 21:12:21,163 - ida_adapter - INFO - 准备工作目录: E:\WorkSpace\ReBind_demo\tmp\Malware_sample_exe_idademo
2025-12-07 21:12:21,168 - ida_adapter - INFO - [1/3] 执行脚本: ExtractBinaryInfo_IDA.py
2025-12-07 21:12:26,069 - ida_adapter - INFO - 脚本 ExtractBinaryInfo_IDA.py 执行完成
2025-12-07 21:12:26,069 - ida_adapter - INFO - [2/3] 执行脚本: ExtractDisassembly_IDA.py
2025-12-07 21:12:31,532 - ida_adapter - INFO - 脚本 ExtractDisassembly_IDA.py 执行完成
2025-12-07 21:12:31,532 - ida_adapter - INFO - [3/3] 执行脚本: ExtractPseudocode_IDA.py
2025-12-07 21:12:38,585 - ida_adapter - INFO - 脚本 ExtractPseudocode_IDA.py 执行完成
2025-12-07 21:12:38,585 - ida_adapter - INFO - 所有脚本执行完成
2025-12-07 21:12:38,586 - ida_adapter - INFO - 处理输出文件...
2025-12-07 21:12:38,586 - ida_adapter - WARNING - 输出目录不存在: E:\WorkSpace\ReBind_demo\tmp\Malware_sample_exe_disassembly
2025-12-07 21:12:38,587 - ida_adapter - WARNING - 输出目录不存在: E:\WorkSpace\ReBind_demo\tmp\Malware_sample_exe_binaryinfo
2025-12-07 21:12:38,587 - ida_adapter - WARNING - 输出目录不存在: E:\WorkSpace\ReBind_demo\tmp\Malware_sample_exe_pseudocode
2025-12-07 21:12:38,587 - ida_adapter - WARNING - 输出目录不存在: E:\WorkSpace\ReBind_demo\tmp\Malware_sample_exe_pesudocode
2025-12-07 21:12:38,589 - ida_adapter - INFO - 分析完成，输出目录: E:\WorkSpace\ReBind_demo\tmp\Malware_sample_exe_idademo
2025-12-07 21:23:06,463 - ida_adapter - INFO - 开始分析文件: E:\WorkSpace\ReBind_demo\tmp\Malware_sample.exe
2025-12-07 21:23:06,463 - ida_adapter - INFO - 准备工作目录: E:\WorkSpace\ReBind_demo\tmp\Malware_sample_exe_idademo
2025-12-07 21:23:06,469 - ida_adapter - INFO - [1/3] 执行脚本: ExtractBinaryInfo_IDA.py
2025-12-07 21:23:11,324 - ida_adapter - INFO - 脚本 ExtractBinaryInfo_IDA.py 执行完成
2025-12-07 21:23:11,324 - ida_adapter - INFO - [2/3] 执行脚本: ExtractDisassembly_IDA.py
2025-12-07 21:23:15,372 - ida_adapter - INFO - 脚本 ExtractDisassembly_IDA.py 执行完成
2025-12-07 21:23:15,373 - ida_adapter - INFO - [3/3] 执行脚本: ExtractPseudocode_IDA.py
2025-12-07 21:23:20,483 - ida_adapter - INFO - 脚本 ExtractPseudocode_IDA.py 执行完成
2025-12-07 21:23:20,484 - ida_adapter - INFO - 所有脚本执行完成
2025-12-07 21:23:20,484 - ida_adapter - INFO - 处理输出文件...
2025-12-07 21:23:20,484 - ida_adapter - WARNING - 输出目录不存在: E:\WorkSpace\Malware_sample_exe_disassembly
2025-12-07 21:23:20,484 - ida_adapter - WARNING - 输出目录不存在: E:\WorkSpace\Malware_sample_exe_binaryinfo
2025-12-07 21:23:20,484 - ida_adapter - WARNING - 输出目录不存在: E:\WorkSpace\Malware_sample_exe_pseudocode
2025-12-07 21:23:20,486 - ida_adapter - WARNING - 输出目录不存在: E:\WorkSpace\Malware_sample_exe_pesudocode
2025-12-07 21:23:20,487 - ida_adapter - INFO - 分析完成，输出目录: E:\WorkSpace\ReBind_demo\tmp\Malware_sample_exe_idademo
2025-12-07 21:27:54,737 - ida_adapter - INFO - 开始分析文件: E:\WorkSpace\ReBind_demo\tmp\Malware_sample.exe
2025-12-07 21:27:54,738 - ida_adapter - INFO - 准备工作目录: E:\WorkSpace\ReBind_demo\tmp\Malware_sample_exe_idademo
2025-12-07 21:27:54,743 - ida_adapter - INFO - [1/3] 执行脚本: ExtractBinaryInfo_IDA.py
2025-12-07 21:27:59,776 - ida_adapter - INFO - 脚本 ExtractBinaryInfo_IDA.py 执行完成
2025-12-07 21:27:59,776 - ida_adapter - INFO - [2/3] 执行脚本: ExtractDisassembly_IDA.py
2025-12-07 21:28:03,948 - ida_adapter - INFO - 脚本 ExtractDisassembly_IDA.py 执行完成
2025-12-07 21:28:03,948 - ida_adapter - INFO - [3/3] 执行脚本: ExtractPseudocode_IDA.py
2025-12-07 21:28:09,083 - ida_adapter - INFO - 脚本 ExtractPseudocode_IDA.py 执行完成
2025-12-07 21:28:09,083 - ida_adapter - INFO - 所有脚本执行完成
2025-12-07 21:28:09,085 - ida_adapter - INFO - 处理输出文件...
2025-12-07 21:28:09,086 - ida_adapter - INFO - 分析完成，输出目录: E:\WorkSpace\ReBind_demo\tmp\Malware_sample_exe_idademo
2025-12-07 21:35:07,313 - ida_adapter - INFO - 开始分析文件: E:\WorkSpace\ReBind_demo\tmp\Malware_sample.exe
2025-12-07 21:35:07,314 - ida_adapter - INFO - 准备工作目录: E:\WorkSpace\ReBind_demo\tmp\Malware_sample_exe_idademo
2025-12-07 21:35:07,334 - ida_adapter - INFO - [1/3] 执行脚本: ExtractBinaryInfo_IDA.py
2025-12-07 21:35:11,712 - ida_adapter - INFO - 脚本 ExtractBinaryInfo_IDA.py 执行完成
2025-12-07 21:35:11,712 - ida_adapter - INFO - [2/3] 执行脚本: ExtractDisassembly_IDA.py
2025-12-07 21:35:16,033 - ida_adapter - INFO - 脚本 ExtractDisassembly_IDA.py 执行完成
2025-12-07 21:35:16,033 - ida_adapter - INFO - [3/3] 执行脚本: ExtractPseudocode_IDA.py
2025-12-07 21:35:20,708 - ida_adapter - INFO - 脚本 ExtractPseudocode_IDA.py 执行完成
2025-12-07 21:35:20,708 - ida_adapter - INFO - 所有脚本执行完成
2025-12-07 21:35:20,709 - ida_adapter - INFO - 处理输出文件...
2025-12-07 21:35:20,711 - ida_adapter - INFO - 分析完成，输出目录: E:\WorkSpace\ReBind_demo\tmp\Malware_sample_exe_idademo
2025-12-07 21:49:36,028 - ida_adapter - INFO - 开始分析文件: E:\WorkSpace\ReBind_demo\tmp\Malware_sample.exe
2025-12-07 21:49:36,029 - ida_adapter - INFO - 准备工作目录: E:\WorkSpace\ReBind_demo\tmp\Malware_sample_exe_idademo
2025-12-07 21:49:36,034 - ida_adapter - INFO - [1/3] 执行脚本: ExtractBinaryInfo_IDA.py
2025-12-07 21:49:40,417 - ida_adapter - INFO - 脚本 ExtractBinaryInfo_IDA.py 执行完成
2025-12-07 21:49:40,418 - ida_adapter - INFO - [2/3] 执行脚本: ExtractDisassembly_IDA.py
2025-12-07 21:49:44,714 - ida_adapter - INFO - 脚本 ExtractDisassembly_IDA.py 执行完成
2025-12-07 21:49:44,714 - ida_adapter - INFO - [3/3] 执行脚本: ExtractPseudocode_IDA.py
2025-12-07 21:49:49,418 - ida_adapter - INFO - 脚本 ExtractPseudocode_IDA.py 执行完成
2025-12-07 21:49:49,418 - ida_adapter - INFO - 所有脚本执行完成
2025-12-07 21:49:49,418 - ida_adapter - INFO - 处理输出文件...
2025-12-07 21:49:49,421 - ida_adapter - INFO - 分析完成，输出目录: E:\WorkSpace\ReBind_demo\tmp\Malware_sample_exe_idademo
2025-12-07 21:54:22,546 - ida_adapter - INFO - 开始分析文件: E:\WorkSpace\ReBind_demo\tmp\Malware_sample.exe
2025-12-07 21:54:22,547 - ida_adapter - INFO - 准备工作目录: E:\WorkSpace\ReBind_demo\tmp\Malware_sample_exe_idademo
2025-12-07 21:54:22,553 - ida_adapter - INFO - [1/3] 执行脚本: ExtractBinaryInfo_IDA.py
2025-12-07 21:54:26,965 - ida_adapter - INFO - 脚本 ExtractBinaryInfo_IDA.py 执行完成
2025-12-07 21:54:26,965 - ida_adapter - INFO - [2/3] 执行脚本: ExtractDisassembly_IDA.py
2025-12-07 21:54:31,282 - ida_adapter - INFO - 脚本 ExtractDisassembly_IDA.py 执行完成
2025-12-07 21:54:31,283 - ida_adapter - INFO - [3/3] 执行脚本: ExtractPseudocode_IDA.py
2025-12-07 21:54:36,010 - ida_adapter - INFO - 脚本 ExtractPseudocode_IDA.py 执行完成
2025-12-07 21:54:36,010 - ida_adapter - INFO - 所有脚本执行完成
2025-12-07 21:54:36,011 - ida_adapter - INFO - 处理输出文件...
2025-12-07 21:54:36,013 - ida_adapter - INFO - 分析完成，输出目录: E:\WorkSpace\ReBind_demo\tmp\Malware_sample_exe_idademo
2025-12-07 21:58:35,284 - ida_adapter - INFO - 开始分析文件: E:\WorkSpace\ReBind_demo\tmp\Malware_sample.exe
2025-12-07 21:58:35,284 - ida_adapter - INFO - 准备工作目录: E:\WorkSpace\ReBind_demo\tmp\Malware_sample_exe_idademo
2025-12-07 21:58:35,289 - ida_adapter - INFO - [1/3] 执行脚本: ExtractBinaryInfo_IDA.py
2025-12-07 21:58:39,632 - ida_adapter - INFO - 脚本 ExtractBinaryInfo_IDA.py 执行完成
2025-12-07 21:58:39,633 - ida_adapter - INFO - [2/3] 执行脚本: ExtractDisassembly_IDA.py
2025-12-07 21:58:43,826 - ida_adapter - INFO - 脚本 ExtractDisassembly_IDA.py 执行完成
2025-12-07 21:58:43,826 - ida_adapter - INFO - [3/3] 执行脚本: ExtractPseudocode_IDA.py
2025-12-07 21:58:48,420 - ida_adapter - INFO - 脚本 ExtractPseudocode_IDA.py 执行完成
2025-12-07 21:58:48,420 - ida_adapter - INFO - 所有脚本执行完成
2025-12-07 21:58:48,421 - ida_adapter - INFO - 处理输出文件...
2025-12-07 21:58:48,423 - ida_adapter - INFO - 分析完成，输出目录: E:\WorkSpace\ReBind_demo\tmp\Malware_sample_exe_idademo
2025-12-07 22:06:18,974 - ida_adapter - INFO - 开始分析文件: E:\WorkSpace\ReBind_demo\tmp\Malware_sample.exe
2025-12-07 22:06:18,975 - ida_adapter - INFO - 准备工作目录: E:\WorkSpace\ReBind_demo\tmp\Malware_sample_exe_idademo
2025-12-07 22:06:18,980 - ida_adapter - INFO - [1/3] 执行脚本: ExtractBinaryInfo_IDA.py
2025-12-07 22:06:23,266 - ida_adapter - INFO - 脚本 ExtractBinaryInfo_IDA.py 执行完成
2025-12-07 22:06:23,266 - ida_adapter - INFO - [2/3] 执行脚本: ExtractDisassembly_IDA.py
2025-12-07 22:06:27,550 - ida_adapter - INFO - 脚本 ExtractDisassembly_IDA.py 执行完成
2025-12-07 22:06:27,550 - ida_adapter - INFO - [3/3] 执行脚本: ExtractPseudocode_IDA.py
2025-12-07 22:06:32,219 - ida_adapter - INFO - 脚本 ExtractPseudocode_IDA.py 执行完成
2025-12-07 22:06:32,219 - ida_adapter - INFO - 所有脚本执行完成
2025-12-07 22:06:32,221 - ida_adapter - INFO - 处理输出文件...
2025-12-07 22:06:32,223 - ida_adapter - INFO - 分析完成，输出目录: E:\WorkSpace\ReBind_demo\tmp\Malware_sample_exe_idademo
2025-12-07 22:12:37,896 - ida_adapter - INFO - 开始分析文件: E:\WorkSpace\ReBind_demo\tmp\Malware_sample.exe
2025-12-07 22:12:37,896 - ida_adapter - INFO - 准备工作目录: E:\WorkSpace\ReBind_demo\tmp\Malware_sample_exe_idademo
2025-12-07 22:12:37,901 - ida_adapter - INFO - [1/3] 执行脚本: ExtractBinaryInfo_IDA.py
2025-12-07 22:12:42,269 - ida_adapter - INFO - 脚本 ExtractBinaryInfo_IDA.py 执行完成
2025-12-07 22:12:42,269 - ida_adapter - INFO - [2/3] 执行脚本: ExtractDisassembly_IDA.py
2025-12-07 22:12:46,527 - ida_adapter - INFO - 脚本 ExtractDisassembly_IDA.py 执行完成
2025-12-07 22:12:46,527 - ida_adapter - INFO - [3/3] 执行脚本: ExtractPseudocode_IDA.py
2025-12-07 22:12:51,193 - ida_adapter - INFO - 脚本 ExtractPseudocode_IDA.py 执行完成
2025-12-07 22:12:51,193 - ida_adapter - INFO - 所有脚本执行完成
2025-12-07 22:12:51,194 - ida_adapter - INFO - 处理输出文件...
2025-12-07 22:12:51,196 - ida_adapter - INFO - 分析完成，输出目录: E:\WorkSpace\ReBind_demo\tmp\Malware_sample_exe_idademo
2025-12-07 22:13:00,497 - ida_adapter - INFO - 开始分析文件: E:\WorkSpace\ReBind_demo\tmp\Malware_sample.exe
2025-12-07 22:13:00,498 - ida_adapter - INFO - 准备工作目录: E:\WorkSpace\ReBind_demo\tmp\Malware_sample_exe_idademo
2025-12-07 22:13:00,504 - ida_adapter - INFO - [1/3] 执行脚本: ExtractBinaryInfo_IDA.py
2025-12-07 22:13:05,362 - ida_adapter - INFO - 脚本 ExtractBinaryInfo_IDA.py 执行完成
2025-12-07 22:13:05,362 - ida_adapter - INFO - [2/3] 执行脚本: ExtractDisassembly_IDA.py
2025-12-07 22:13:09,605 - ida_adapter - INFO - 脚本 ExtractDisassembly_IDA.py 执行完成
2025-12-07 22:13:09,605 - ida_adapter - INFO - [3/3] 执行脚本: ExtractPseudocode_IDA.py
2025-12-07 22:13:14,725 - ida_adapter - INFO - 脚本 ExtractPseudocode_IDA.py 执行完成
2025-12-07 22:13:14,727 - ida_adapter - INFO - 所有脚本执行完成
2025-12-07 22:13:14,727 - ida_adapter - INFO - 处理输出文件...
2025-12-07 22:13:14,729 - ida_adapter - INFO - 分析完成，输出目录: E:\WorkSpace\ReBind_demo\tmp\Malware_sample_exe_idademo
2025-12-07 22:22:32,365 - ida_adapter - INFO - 开始分析文件: E:\WorkSpace\ReBind_demo\tmp\Malware_sample.exe
2025-12-07 22:22:32,366 - ida_adapter - INFO - 准备工作目录: E:\WorkSpace\ReBind_demo\tmp\Malware_sample_exe_idademo
2025-12-07 22:22:32,372 - ida_adapter - INFO - [1/3] 执行脚本: ExtractBinaryInfo_IDA.py
2025-12-07 22:22:37,203 - ida_adapter - INFO - 脚本 ExtractBinaryInfo_IDA.py 执行完成
2025-12-07 22:22:37,203 - ida_adapter - INFO - [2/3] 执行脚本: ExtractDisassembly_IDA.py
2025-12-07 22:22:41,451 - ida_adapter - INFO - 脚本 ExtractDisassembly_IDA.py 执行完成
2025-12-07 22:22:41,451 - ida_adapter - INFO - [3/3] 执行脚本: ExtractPseudocode_IDA.py
2025-12-07 22:22:46,585 - ida_adapter - INFO - 脚本 ExtractPseudocode_IDA.py 执行完成
2025-12-07 22:22:46,585 - ida_adapter - INFO - 所有脚本执行完成
2025-12-07 22:22:46,586 - ida_adapter - INFO - 处理输出文件...
2025-12-07 22:22:46,587 - ida_adapter - INFO - 分析完成，输出目录: E:\WorkSpace\ReBind_demo\tmp\Malware_sample_exe_idademo
2025-12-07 22:39:12,514 - ida_adapter - INFO - 开始分析文件: E:\WorkSpace\ReBind_demo\tmp\Malware_sample.exe
2025-12-07 22:39:12,515 - ida_adapter - INFO - 准备工作目录: E:\WorkSpace\ReBind_demo\tmp\Malware_sample_exe_idademo
2025-12-07 22:39:12,521 - ida_adapter - INFO - [1/3] 执行脚本: ExtractBinaryInfo_IDA.py
2025-12-07 22:39:17,406 - ida_adapter - INFO - 脚本 ExtractBinaryInfo_IDA.py 执行完成
2025-12-07 22:39:17,406 - ida_adapter - INFO - [2/3] 执行脚本: ExtractDisassembly_IDA.py
2025-12-07 22:39:21,605 - ida_adapter - INFO - 脚本 ExtractDisassembly_IDA.py 执行完成
2025-12-07 22:39:21,605 - ida_adapter - INFO - [3/3] 执行脚本: ExtractPseudocode_IDA.py
2025-12-07 22:39:26,704 - ida_adapter - INFO - 脚本 ExtractPseudocode_IDA.py 执行完成
2025-12-07 22:39:26,704 - ida_adapter - INFO - 所有脚本执行完成
2025-12-07 22:39:26,704 - ida_adapter - INFO - 处理输出文件...
2025-12-07 22:39:26,706 - ida_adapter - INFO - 分析完成，输出目录: E:\WorkSpace\ReBind_demo\tmp\Malware_sample_exe_idademo
2025-12-08 09:51:01,515 - ida_adapter - INFO - 开始分析文件: E:\WorkSpace\ReBind_demo\tmp\Malware_sample.exe
2025-12-08 09:51:01,529 - ida_adapter - INFO - 准备工作目录: E:\WorkSpace\ReBind_demo\tmp\Malware_sample_exe_idademo
2025-12-08 09:51:01,535 - ida_adapter - INFO - [1/3] 执行脚本: ExtractBinaryInfo_IDA.py
2025-12-08 09:51:06,482 - ida_adapter - INFO - 脚本 ExtractBinaryInfo_IDA.py 执行完成
2025-12-08 09:51:06,482 - ida_adapter - INFO - [2/3] 执行脚本: ExtractDisassembly_IDA.py
2025-12-08 09:51:10,355 - ida_adapter - INFO - 脚本 ExtractDisassembly_IDA.py 执行完成
2025-12-08 09:51:10,355 - ida_adapter - INFO - [3/3] 执行脚本: ExtractPseudocode_IDA.py
2025-12-08 09:51:15,138 - ida_adapter - INFO - 脚本 ExtractPseudocode_IDA.py 执行完成
2025-12-08 09:51:15,138 - ida_adapter - INFO - 所有脚本执行完成
2025-12-08 09:51:15,139 - ida_adapter - INFO - 处理输出文件...
2025-12-08 09:51:15,140 - ida_adapter - INFO - 分析完成，输出目录: E:\WorkSpace\ReBind_demo\tmp\Malware_sample_exe_idademo
2025-12-08 21:13:32,205 - ida_adapter - INFO - 开始分析文件: E:\WorkSpace\ReBind_demo\tmp\Malware_sample.exe
2025-12-08 21:13:32,206 - ida_adapter - INFO - 准备工作目录: E:\WorkSpace\ReBind_demo\tmp\Malware_sample_exe_idademo
2025-12-08 21:13:32,213 - ida_adapter - INFO - [1/3] 执行脚本: ExtractBinaryInfo_IDA.py
2025-12-08 21:13:37,408 - ida_adapter - INFO - 脚本 ExtractBinaryInfo_IDA.py 执行完成
2025-12-08 21:13:37,408 - ida_adapter - INFO - [2/3] 执行脚本: ExtractDisassembly_IDA.py
2025-12-08 21:13:41,555 - ida_adapter - INFO - 脚本 ExtractDisassembly_IDA.py 执行完成
2025-12-08 21:13:41,555 - ida_adapter - INFO - [3/3] 执行脚本: ExtractPseudocode_IDA.py
2025-12-08 21:13:46,700 - ida_adapter - INFO - 脚本 ExtractPseudocode_IDA.py 执行完成
2025-12-08 21:13:46,700 - ida_adapter - INFO - 所有脚本执行完成
2025-12-08 21:13:46,701 - ida_adapter - INFO - 处理输出文件...
2025-12-08 21:13:46,703 - ida_adapter - INFO - 分析完成，输出目录: E:\WorkSpace\ReBind_demo\tmp\Malware_sample_exe_idademo
2025-12-08 21:31:49,156 - ida_adapter - INFO - 开始分析文件: E:\WorkSpace\ReBind_demo\tmp\Malware_sample.exe
2025-12-08 21:31:49,157 - ida_adapter - INFO - 准备工作目录: E:\WorkSpace\ReBind_demo\tmp\Malware_sample_exe_idademo
2025-12-08 21:31:49,162 - ida_adapter - INFO - [1/3] 执行脚本: ExtractBinaryInfo_IDA.py
2025-12-08 21:31:53,734 - ida_adapter - INFO - 脚本 ExtractBinaryInfo_IDA.py 执行完成
2025-12-08 21:31:53,734 - ida_adapter - INFO - [2/3] 执行脚本: ExtractDisassembly_IDA.py
2025-12-08 21:31:57,684 - ida_adapter - INFO - 脚本 ExtractDisassembly_IDA.py 执行完成
2025-12-08 21:31:57,684 - ida_adapter - INFO - [3/3] 执行脚本: ExtractPseudocode_IDA.py
2025-12-08 21:31:59,888 - ida_adapter - INFO - 脚本 ExtractPseudocode_IDA.py 执行完成
2025-12-08 21:31:59,888 - ida_adapter - INFO - 所有脚本执行完成
2025-12-08 21:31:59,889 - ida_adapter - INFO - 处理输出文件...
2025-12-08 21:31:59,890 - ida_adapter - INFO - 分析完成，输出目录: E:\WorkSpace\ReBind_demo\tmp\Malware_sample_exe_idademo
2025-12-08 22:44:36,948 - ida_adapter - INFO - 开始分析文件: E:\WorkSpace\ReBind_demo\tmp\firebox_re\liblogxlate.so
2025-12-08 22:44:36,949 - ida_adapter - INFO - 准备工作目录: E:\WorkSpace\ReBind_demo\tmp\firebox_re\liblogxlate_so_idademo
2025-12-08 22:44:36,957 - ida_adapter - INFO - [1/3] 执行脚本: ExtractBinaryInfo_IDA.py
2025-12-08 22:44:43,248 - ida_adapter - INFO - 脚本 ExtractBinaryInfo_IDA.py 执行完成
2025-12-08 22:44:43,249 - ida_adapter - INFO - [2/3] 执行脚本: ExtractDisassembly_IDA.py
2025-12-08 22:44:47,584 - ida_adapter - INFO - 脚本 ExtractDisassembly_IDA.py 执行完成
2025-12-08 22:44:47,585 - ida_adapter - INFO - [3/3] 执行脚本: ExtractPseudocode_IDA.py
2025-12-08 22:44:59,797 - ida_adapter - INFO - 脚本 ExtractPseudocode_IDA.py 执行完成
2025-12-08 22:44:59,797 - ida_adapter - INFO - 所有脚本执行完成
2025-12-08 22:44:59,798 - ida_adapter - INFO - 处理输出文件...
2025-12-08 22:44:59,801 - ida_adapter - INFO - 分析完成，输出目录: E:\WorkSpace\ReBind_demo\tmp\firebox_re\liblogxlate_so_idademo
2025-12-08 23:00:55,798 - ida_adapter - INFO - 开始分析文件: E:\WorkSpace\ReBind_demo\tmp\firebox_re\liblogxlate.so
2025-12-08 23:00:55,799 - ida_adapter - INFO - 准备工作目录: E:\WorkSpace\ReBind_demo\tmp\firebox_re\liblogxlate_so_idademo
2025-12-08 23:00:55,804 - ida_adapter - INFO - [1/3] 执行脚本: ExtractBinaryInfo_IDA.py
2025-12-08 23:01:01,264 - ida_adapter - INFO - 脚本 ExtractBinaryInfo_IDA.py 执行完成
2025-12-08 23:01:01,265 - ida_adapter - INFO - [2/3] 执行脚本: ExtractDisassembly_IDA.py
2025-12-08 23:01:05,582 - ida_adapter - INFO - 脚本 ExtractDisassembly_IDA.py 执行完成
2025-12-08 23:01:05,582 - ida_adapter - INFO - [3/3] 执行脚本: ExtractPseudocode_IDA.py
2025-12-08 23:01:14,175 - ida_adapter - INFO - 脚本 ExtractPseudocode_IDA.py 执行完成
2025-12-08 23:01:14,175 - ida_adapter - INFO - 所有脚本执行完成
2025-12-08 23:01:14,176 - ida_adapter - INFO - 处理输出文件...
2025-12-08 23:01:14,178 - ida_adapter - INFO - 分析完成，输出目录: E:\WorkSpace\ReBind_demo\tmp\firebox_re\liblogxlate_so_idademo
2025-12-09 07:28:47,575 - ida_adapter - INFO - 开始分析文件: E:\WorkSpace\ReBind_demo\tmp\firebox_re\liblogxlate.so
2025-12-09 07:28:47,575 - ida_adapter - INFO - 准备工作目录: E:\WorkSpace\ReBind_demo\tmp\firebox_re\liblogxlate_so_idademo
2025-12-09 07:28:47,595 - ida_adapter - INFO - [1/3] 执行脚本: ExtractBinaryInfo_IDA.py
2025-12-09 07:28:53,220 - ida_adapter - INFO - 脚本 ExtractBinaryInfo_IDA.py 执行完成
2025-12-09 07:28:53,220 - ida_adapter - INFO - [2/3] 执行脚本: ExtractDisassembly_IDA.py
2025-12-09 07:28:57,545 - ida_adapter - INFO - 脚本 ExtractDisassembly_IDA.py 执行完成
2025-12-09 07:28:57,545 - ida_adapter - INFO - [3/3] 执行脚本: ExtractPseudocode_IDA.py
2025-12-09 07:29:08,901 - ida_adapter - INFO - 脚本 ExtractPseudocode_IDA.py 执行完成
2025-12-09 07:29:08,901 - ida_adapter - INFO - 所有脚本执行完成
2025-12-09 07:29:08,902 - ida_adapter - INFO - 处理输出文件...
2025-12-09 07:29:08,904 - ida_adapter - INFO - 分析完成，输出目录: E:\WorkSpace\ReBind_demo\tmp\firebox_re\liblogxlate_so_idademo
2025-12-09 07:57:34,510 - ida_adapter - INFO - 开始分析文件: E:\WorkSpace\ReBind_demo\tmp\firebox_re\liblogxlate.so
2025-12-09 07:57:34,511 - ida_adapter - INFO - 准备工作目录: E:\WorkSpace\ReBind_demo\tmp\firebox_re\liblogxlate_so_idademo
2025-12-09 07:57:34,516 - ida_adapter - INFO - [1/3] 执行脚本: ExtractBinaryInfo_IDA.py
2025-12-09 07:57:39,574 - ida_adapter - INFO - 脚本 ExtractBinaryInfo_IDA.py 执行完成
2025-12-09 07:57:39,575 - ida_adapter - INFO - [2/3] 执行脚本: ExtractDisassembly_IDA.py
2025-12-09 07:57:44,172 - ida_adapter - INFO - 脚本 ExtractDisassembly_IDA.py 执行完成
2025-12-09 07:57:44,172 - ida_adapter - INFO - [3/3] 执行脚本: ExtractPseudocode_IDA.py
2025-12-09 07:57:56,805 - ida_adapter - INFO - 脚本 ExtractPseudocode_IDA.py 执行完成
2025-12-09 07:57:56,805 - ida_adapter - INFO - 所有脚本执行完成
2025-12-09 07:57:56,806 - ida_adapter - INFO - 处理输出文件...
2025-12-09 07:57:56,807 - ida_adapter - INFO - 分析完成，输出目录: E:\WorkSpace\ReBind_demo\tmp\firebox_re\liblogxlate_so_idademo
2025-12-09 08:31:51,034 - ida_adapter - INFO - 开始分析文件: E:\WorkSpace\ReBind_demo\tmp\firebox_re\libwgapt.so
2025-12-09 08:31:51,035 - ida_adapter - INFO - 准备工作目录: E:\WorkSpace\ReBind_demo\tmp\firebox_re\libwgapt_so_idademo
2025-12-09 08:31:51,045 - ida_adapter - INFO - [1/3] 执行脚本: ExtractBinaryInfo_IDA.py
2025-12-09 08:31:55,710 - ida_adapter - INFO - 脚本 ExtractBinaryInfo_IDA.py 执行完成
2025-12-09 08:31:55,710 - ida_adapter - INFO - [2/3] 执行脚本: ExtractDisassembly_IDA.py
2025-12-09 08:31:59,969 - ida_adapter - INFO - 脚本 ExtractDisassembly_IDA.py 执行完成
2025-12-09 08:31:59,970 - ida_adapter - INFO - [3/3] 执行脚本: ExtractPseudocode_IDA.py
2025-12-09 08:32:05,222 - ida_adapter - INFO - 脚本 ExtractPseudocode_IDA.py 执行完成
2025-12-09 08:32:05,222 - ida_adapter - INFO - 所有脚本执行完成
2025-12-09 08:32:05,223 - ida_adapter - INFO - 处理输出文件...
2025-12-09 08:32:05,226 - ida_adapter - INFO - 分析完成，输出目录: E:\WorkSpace\ReBind_demo\tmp\firebox_re\libwgapt_so_idademo
2025-12-10 11:47:59,120 - ida_adapter - INFO - 开始分析文件: E:\WorkSpace\ReBind_demo\tmp\firebox_re\liblogxlate.so
2025-12-10 11:47:59,122 - ida_adapter - INFO - 准备工作目录: E:\WorkSpace\ReBind_demo\tmp\firebox_re\liblogxlate_so_idademo
2025-12-10 11:47:59,129 - ida_adapter - INFO - [1/3] 执行脚本: ExtractBinaryInfo_IDA.py
2025-12-10 11:48:05,077 - ida_adapter - INFO - 脚本 ExtractBinaryInfo_IDA.py 执行完成
2025-12-10 11:48:05,077 - ida_adapter - INFO - [2/3] 执行脚本: ExtractDisassembly_IDA.py
2025-12-10 11:48:09,609 - ida_adapter - INFO - 脚本 ExtractDisassembly_IDA.py 执行完成
2025-12-10 11:48:09,609 - ida_adapter - INFO - [3/3] 执行脚本: ExtractPseudocode_IDA.py
2025-12-10 11:48:22,493 - ida_adapter - INFO - 脚本 ExtractPseudocode_IDA.py 执行完成
2025-12-10 11:48:22,493 - ida_adapter - INFO - 所有脚本执行完成
2025-12-10 11:48:22,494 - ida_adapter - INFO - 处理输出文件...
2025-12-10 11:48:22,495 - ida_adapter - INFO - 分析完成，输出目录: E:\WorkSpace\ReBind_demo\tmp\firebox_re\liblogxlate_so_idademo
2025-12-10 11:50:25,805 - ida_adapter - INFO - 开始分析文件: E:\WorkSpace\ReBind_demo\tmp\firebox_re\liblogxlate.so
2025-12-10 11:50:25,806 - ida_adapter - INFO - 准备工作目录: E:\WorkSpace\ReBind_demo\tmp\firebox_re\liblogxlate_so_idademo
2025-12-10 11:50:25,812 - ida_adapter - INFO - [1/3] 执行脚本: ExtractBinaryInfo_IDA.py
2025-12-10 11:50:30,757 - ida_adapter - INFO - 脚本 ExtractBinaryInfo_IDA.py 执行完成
2025-12-10 11:50:30,757 - ida_adapter - INFO - [2/3] 执行脚本: ExtractDisassembly_IDA.py
2025-12-10 11:50:35,474 - ida_adapter - INFO - 脚本 ExtractDisassembly_IDA.py 执行完成
2025-12-10 11:50:35,476 - ida_adapter - INFO - [3/3] 执行脚本: ExtractPseudocode_IDA.py
2025-12-10 11:50:43,519 - ida_adapter - INFO - 脚本 ExtractPseudocode_IDA.py 执行完成
2025-12-10 11:50:43,519 - ida_adapter - INFO - 所有脚本执行完成
2025-12-10 11:50:43,520 - ida_adapter - INFO - 处理输出文件...
2025-12-10 11:50:43,522 - ida_adapter - INFO - 分析完成，输出目录: E:\WorkSpace\ReBind_demo\tmp\firebox_re\liblogxlate_so_idademo
2025-12-11 21:02:01,106 - ida_adapter - INFO - 开始分析文件: E:\WorkSpace\ReBind_demo\tmp\firebox_re\liblogxlate.so
2025-12-11 21:02:01,119 - ida_adapter - INFO - 准备工作目录: E:\WorkSpace\ReBind_demo\tmp\firebox_re\liblogxlate_so_idademo
2025-12-11 21:02:01,129 - ida_adapter - INFO - [1/3] 执行脚本: ExtractBinaryInfo_IDA.py
2025-12-11 21:02:05,098 - ida_adapter - WARNING - 脚本 ExtractBinaryInfo_IDA.py 执行失败，返回码: 4
2025-12-11 21:02:05,098 - ida_adapter - WARNING - 标准错误: 
2025-12-11 21:02:05,098 - ida_adapter - INFO - [2/3] 执行脚本: ExtractDisassembly_IDA.py
2025-12-11 21:02:09,026 - ida_adapter - WARNING - 脚本 ExtractDisassembly_IDA.py 执行失败，返回码: 4
2025-12-11 21:02:09,026 - ida_adapter - WARNING - 标准错误: 
2025-12-11 21:02:09,026 - ida_adapter - INFO - [3/3] 执行脚本: ExtractPseudocode_IDA.py
2025-12-11 21:02:12,955 - ida_adapter - WARNING - 脚本 ExtractPseudocode_IDA.py 执行失败，返回码: 4
2025-12-11 21:02:12,956 - ida_adapter - WARNING - 标准错误: 
2025-12-11 21:02:12,956 - ida_adapter - INFO - 所有脚本执行完成
2025-12-11 21:02:12,956 - ida_adapter - INFO - 处理输出文件...
2025-12-11 21:02:12,959 - ida_adapter - INFO - 分析完成，输出目录: E:\WorkSpace\ReBind_demo\tmp\firebox_re\liblogxlate_so_idademo
2025-12-11 21:03:59,028 - ida_adapter - INFO - 开始分析文件: E:\WorkSpace\ReBind_demo\tmp\firebox_re\libwgapt.so
2025-12-11 21:03:59,029 - ida_adapter - INFO - 准备工作目录: E:\WorkSpace\ReBind_demo\tmp\firebox_re\libwgapt_so_idademo
2025-12-11 21:03:59,036 - ida_adapter - INFO - [1/3] 执行脚本: ExtractBinaryInfo_IDA.py
2025-12-11 21:04:03,741 - ida_adapter - INFO - 脚本 ExtractBinaryInfo_IDA.py 执行完成
2025-12-11 21:04:03,741 - ida_adapter - INFO - [2/3] 执行脚本: ExtractDisassembly_IDA.py
2025-12-11 21:04:08,115 - ida_adapter - INFO - 脚本 ExtractDisassembly_IDA.py 执行完成
2025-12-11 21:04:08,115 - ida_adapter - INFO - [3/3] 执行脚本: ExtractPseudocode_IDA.py
2025-12-11 21:04:12,895 - ida_adapter - INFO - 脚本 ExtractPseudocode_IDA.py 执行完成
2025-12-11 21:04:12,895 - ida_adapter - INFO - 所有脚本执行完成
2025-12-11 21:04:12,896 - ida_adapter - INFO - 处理输出文件...
2025-12-11 21:04:12,898 - ida_adapter - INFO - 分析完成，输出目录: E:\WorkSpace\ReBind_demo\tmp\firebox_re\libwgapt_so_idademo
2025-12-11 21:17:48,412 - ida_adapter - INFO - 开始分析文件: E:\WorkSpace\ReBind_demo\tmp\firebox_re\libwgct.so
2025-12-11 21:17:48,413 - ida_adapter - INFO - 准备工作目录: E:\WorkSpace\ReBind_demo\tmp\firebox_re\libwgct_so_idademo
2025-12-11 21:17:48,420 - ida_adapter - INFO - [1/3] 执行脚本: ExtractBinaryInfo_IDA.py
2025-12-11 21:17:53,397 - ida_adapter - INFO - 脚本 ExtractBinaryInfo_IDA.py 执行完成
2025-12-11 21:17:53,398 - ida_adapter - INFO - [2/3] 执行脚本: ExtractDisassembly_IDA.py
2025-12-11 21:17:57,998 - ida_adapter - INFO - 脚本 ExtractDisassembly_IDA.py 执行完成
2025-12-11 21:17:57,999 - ida_adapter - INFO - [3/3] 执行脚本: ExtractPseudocode_IDA.py
2025-12-11 21:18:04,859 - ida_adapter - INFO - 脚本 ExtractPseudocode_IDA.py 执行完成
2025-12-11 21:18:04,859 - ida_adapter - INFO - 所有脚本执行完成
2025-12-11 21:18:04,860 - ida_adapter - INFO - 处理输出文件...
2025-12-11 21:18:04,862 - ida_adapter - INFO - 分析完成，输出目录: E:\WorkSpace\ReBind_demo\tmp\firebox_re\libwgct_so_idademo
2025-12-11 21:50:55,454 - ida_adapter - INFO - 开始分析文件: E:\WorkSpace\ReBind_demo\tmp\firebox_re\libwgct.so
2025-12-11 21:50:55,455 - ida_adapter - INFO - 准备工作目录: E:\WorkSpace\ReBind_demo\tmp\firebox_re\libwgct_so_idademo
2025-12-11 21:50:55,461 - ida_adapter - INFO - [1/3] 执行脚本: ExtractBinaryInfo_IDA.py
2025-12-11 21:50:59,872 - ida_adapter - INFO - 脚本 ExtractBinaryInfo_IDA.py 执行完成
2025-12-11 21:50:59,872 - ida_adapter - INFO - [2/3] 执行脚本: ExtractDisassembly_IDA.py
2025-12-11 21:51:04,367 - ida_adapter - INFO - 脚本 ExtractDisassembly_IDA.py 执行完成
2025-12-11 21:51:04,367 - ida_adapter - INFO - [3/3] 执行脚本: ExtractPseudocode_IDA.py
2025-12-11 21:51:11,118 - ida_adapter - INFO - 脚本 ExtractPseudocode_IDA.py 执行完成
2025-12-11 21:51:11,118 - ida_adapter - INFO - 所有脚本执行完成
2025-12-11 21:51:11,120 - ida_adapter - INFO - 处理输出文件...
2025-12-11 21:51:11,122 - ida_adapter - INFO - 分析完成，输出目录: E:\WorkSpace\ReBind_demo\tmp\firebox_re\libwgct_so_idademo
2025-12-11 21:55:45,426 - ida_adapter - INFO - 开始分析文件: E:\WorkSpace\ReBind_demo\tmp\firebox_re\libwgct.so
2025-12-11 21:55:45,427 - ida_adapter - INFO - 准备工作目录: E:\WorkSpace\ReBind_demo\tmp\firebox_re\libwgct_so_idademo
2025-12-11 21:55:45,433 - ida_adapter - INFO - [1/3] 执行脚本: ExtractBinaryInfo_IDA.py
2025-12-11 21:55:49,924 - ida_adapter - INFO - 脚本 ExtractBinaryInfo_IDA.py 执行完成
2025-12-11 21:55:49,924 - ida_adapter - INFO - [2/3] 执行脚本: ExtractDisassembly_IDA.py
2025-12-11 21:55:54,398 - ida_adapter - INFO - 脚本 ExtractDisassembly_IDA.py 执行完成
2025-12-11 21:55:54,398 - ida_adapter - INFO - [3/3] 执行脚本: ExtractPseudocode_IDA.py
2025-12-11 21:55:59,706 - ida_adapter - INFO - 脚本 ExtractPseudocode_IDA.py 执行完成
2025-12-11 21:55:59,707 - ida_adapter - INFO - 所有脚本执行完成
2025-12-11 21:55:59,707 - ida_adapter - INFO - 处理输出文件...
2025-12-11 21:55:59,710 - ida_adapter - INFO - 分析完成，输出目录: E:\WorkSpace\ReBind_demo\tmp\firebox_re\libwgct_so_idademo
2025-12-11 22:07:04,206 - ida_adapter - INFO - 开始分析文件: E:\WorkSpace\ReBind_demo\tmp\firebox_re\libwgct.so
2025-12-11 22:07:04,206 - ida_adapter - INFO - 准备工作目录: E:\WorkSpace\ReBind_demo\tmp\firebox_re\libwgct_so_idademo
2025-12-11 22:07:04,211 - ida_adapter - INFO - [1/3] 执行脚本: ExtractBinaryInfo_IDA.py
2025-12-11 22:07:08,486 - ida_adapter - INFO - 脚本 ExtractBinaryInfo_IDA.py 执行完成
2025-12-11 22:07:08,486 - ida_adapter - INFO - [2/3] 执行脚本: ExtractDisassembly_IDA.py
2025-12-11 22:07:13,157 - ida_adapter - INFO - 脚本 ExtractDisassembly_IDA.py 执行完成
2025-12-11 22:07:13,157 - ida_adapter - INFO - [3/3] 执行脚本: ExtractPseudocode_IDA.py
2025-12-11 22:07:18,344 - ida_adapter - INFO - 脚本 ExtractPseudocode_IDA.py 执行完成
2025-12-11 22:07:18,344 - ida_adapter - INFO - 所有脚本执行完成
2025-12-11 22:07:18,345 - ida_adapter - INFO - 处理输出文件...
2025-12-11 22:07:18,347 - ida_adapter - INFO - 分析完成，输出目录: E:\WorkSpace\ReBind_demo\tmp\firebox_re\libwgct_so_idademo
2025-12-11 22:13:16,966 - ida_adapter - INFO - 开始分析文件: E:\WorkSpace\ReBind_demo\tmp\firebox_re\libwgct.so
2025-12-11 22:13:16,967 - ida_adapter - INFO - 准备工作目录: E:\WorkSpace\ReBind_demo\tmp\firebox_re\libwgct_so_idademo
2025-12-11 22:13:16,974 - ida_adapter - INFO - [1/3] 执行脚本: ExtractBinaryInfo_IDA.py
2025-12-11 22:13:21,358 - ida_adapter - INFO - 脚本 ExtractBinaryInfo_IDA.py 执行完成
2025-12-11 22:13:21,358 - ida_adapter - INFO - [2/3] 执行脚本: ExtractDisassembly_IDA.py
2025-12-11 22:13:25,994 - ida_adapter - INFO - 脚本 ExtractDisassembly_IDA.py 执行完成
2025-12-11 22:13:25,994 - ida_adapter - INFO - [3/3] 执行脚本: ExtractPseudocode_IDA.py
2025-12-11 22:13:31,415 - ida_adapter - INFO - 脚本 ExtractPseudocode_IDA.py 执行完成
2025-12-11 22:13:31,415 - ida_adapter - INFO - 所有脚本执行完成
2025-12-11 22:13:31,416 - ida_adapter - INFO - 处理输出文件...
2025-12-11 22:13:31,418 - ida_adapter - INFO - 分析完成，输出目录: E:\WorkSpace\ReBind_demo\tmp\firebox_re\libwgct_so_idademo
2025-12-11 22:34:59,420 - ida_adapter - INFO - 开始分析文件: E:\WorkSpace\ReBind_demo\tmp\firebox_re\libwgct.so
2025-12-11 22:34:59,421 - ida_adapter - INFO - 准备工作目录: E:\WorkSpace\ReBind_demo\tmp\firebox_re\libwgct_so_idademo
2025-12-11 22:34:59,430 - ida_adapter - INFO - [1/3] 执行脚本: ExtractBinaryInfo_IDA.py
2025-12-11 22:35:03,628 - ida_adapter - INFO - 脚本 ExtractBinaryInfo_IDA.py 执行完成
2025-12-11 22:35:03,628 - ida_adapter - INFO - [2/3] 执行脚本: ExtractDisassembly_IDA.py
2025-12-11 22:35:07,913 - ida_adapter - INFO - 脚本 ExtractDisassembly_IDA.py 执行完成
2025-12-11 22:35:07,913 - ida_adapter - INFO - [3/3] 执行脚本: ExtractPseudocode_IDA.py
2025-12-11 22:35:12,877 - ida_adapter - INFO - 脚本 ExtractPseudocode_IDA.py 执行完成
2025-12-11 22:35:12,877 - ida_adapter - INFO - 所有脚本执行完成
2025-12-11 22:35:12,878 - ida_adapter - INFO - 处理输出文件...
2025-12-11 22:35:12,880 - ida_adapter - INFO - 分析完成，输出目录: E:\WorkSpace\ReBind_demo\tmp\firebox_re\libwgct_so_idademo
2025-12-11 22:59:37,005 - ida_adapter - INFO - 开始分析文件: E:\WorkSpace\ReBind_demo\tmp\firebox_re\libwgdlp.so
2025-12-11 22:59:37,005 - ida_adapter - INFO - 准备工作目录: E:\WorkSpace\ReBind_demo\tmp\firebox_re\libwgdlp_so_idademo
2025-12-11 22:59:37,013 - ida_adapter - INFO - [1/3] 执行脚本: ExtractBinaryInfo_IDA.py
2025-12-11 22:59:42,037 - ida_adapter - INFO - 脚本 ExtractBinaryInfo_IDA.py 执行完成
2025-12-11 22:59:42,037 - ida_adapter - INFO - [2/3] 执行脚本: ExtractDisassembly_IDA.py
2025-12-11 22:59:46,275 - ida_adapter - INFO - 脚本 ExtractDisassembly_IDA.py 执行完成
2025-12-11 22:59:46,277 - ida_adapter - INFO - [3/3] 执行脚本: ExtractPseudocode_IDA.py
2025-12-11 22:59:52,351 - ida_adapter - INFO - 脚本 ExtractPseudocode_IDA.py 执行完成
2025-12-11 22:59:52,351 - ida_adapter - INFO - 所有脚本执行完成
2025-12-11 22:59:52,352 - ida_adapter - INFO - 处理输出文件...
2025-12-11 22:59:52,354 - ida_adapter - INFO - 分析完成，输出目录: E:\WorkSpace\ReBind_demo\tmp\firebox_re\libwgdlp_so_idademo
2025-12-11 23:16:46,555 - ida_adapter - INFO - 开始分析文件: E:\WorkSpace\ReBind_demo\tmp\firebox_re\libwgfwctr.so
2025-12-11 23:16:46,558 - ida_adapter - INFO - 准备工作目录: E:\WorkSpace\ReBind_demo\tmp\firebox_re\libwgfwctr_so_idademo
2025-12-11 23:16:46,565 - ida_adapter - INFO - [1/3] 执行脚本: ExtractBinaryInfo_IDA.py
2025-12-11 23:16:51,541 - ida_adapter - INFO - 脚本 ExtractBinaryInfo_IDA.py 执行完成
2025-12-11 23:16:51,541 - ida_adapter - INFO - [2/3] 执行脚本: ExtractDisassembly_IDA.py
2025-12-11 23:16:55,854 - ida_adapter - INFO - 脚本 ExtractDisassembly_IDA.py 执行完成
2025-12-11 23:16:55,854 - ida_adapter - INFO - [3/3] 执行脚本: ExtractPseudocode_IDA.py
2025-12-11 23:17:00,829 - ida_adapter - INFO - 脚本 ExtractPseudocode_IDA.py 执行完成
2025-12-11 23:17:00,829 - ida_adapter - INFO - 所有脚本执行完成
2025-12-11 23:17:00,830 - ida_adapter - INFO - 处理输出文件...
2025-12-11 23:17:00,833 - ida_adapter - INFO - 分析完成，输出目录: E:\WorkSpace\ReBind_demo\tmp\firebox_re\libwgfwctr_so_idademo
2025-12-11 23:24:04,228 - ida_adapter - INFO - 开始分析文件: E:\WorkSpace\ReBind_demo\tmp\firebox_re\libwglog.so
2025-12-11 23:24:04,229 - ida_adapter - INFO - 准备工作目录: E:\WorkSpace\ReBind_demo\tmp\firebox_re\libwglog_so_idademo
2025-12-11 23:24:04,236 - ida_adapter - INFO - [1/3] 执行脚本: ExtractBinaryInfo_IDA.py
2025-12-11 23:24:09,378 - ida_adapter - INFO - 脚本 ExtractBinaryInfo_IDA.py 执行完成
2025-12-11 23:24:09,378 - ida_adapter - INFO - [2/3] 执行脚本: ExtractDisassembly_IDA.py
2025-12-11 23:24:14,074 - ida_adapter - INFO - 脚本 ExtractDisassembly_IDA.py 执行完成
2025-12-11 23:24:14,075 - ida_adapter - INFO - [3/3] 执行脚本: ExtractPseudocode_IDA.py
2025-12-11 23:24:20,911 - ida_adapter - INFO - 脚本 ExtractPseudocode_IDA.py 执行完成
2025-12-11 23:24:20,911 - ida_adapter - INFO - 所有脚本执行完成
2025-12-11 23:24:20,912 - ida_adapter - INFO - 处理输出文件...
2025-12-11 23:24:20,914 - ida_adapter - INFO - 分析完成，输出目录: E:\WorkSpace\ReBind_demo\tmp\firebox_re\libwglog_so_idademo
2025-12-11 23:25:02,735 - ida_adapter - INFO - 开始分析文件: E:\WorkSpace\ReBind_demo\tmp\firebox_re\libwgsi.so
2025-12-11 23:25:02,735 - ida_adapter - INFO - 准备工作目录: E:\WorkSpace\ReBind_demo\tmp\firebox_re\libwgsi_so_idademo
2025-12-11 23:25:02,742 - ida_adapter - INFO - [1/3] 执行脚本: ExtractBinaryInfo_IDA.py
2025-12-11 23:25:07,148 - ida_adapter - INFO - 脚本 ExtractBinaryInfo_IDA.py 执行完成
2025-12-11 23:25:07,148 - ida_adapter - INFO - [2/3] 执行脚本: ExtractDisassembly_IDA.py
2025-12-11 23:25:11,425 - ida_adapter - INFO - 脚本 ExtractDisassembly_IDA.py 执行完成
2025-12-11 23:25:11,425 - ida_adapter - INFO - [3/3] 执行脚本: ExtractPseudocode_IDA.py
2025-12-11 23:25:16,285 - ida_adapter - INFO - 脚本 ExtractPseudocode_IDA.py 执行完成
2025-12-11 23:25:16,285 - ida_adapter - INFO - 所有脚本执行完成
2025-12-11 23:25:16,286 - ida_adapter - INFO - 处理输出文件...
2025-12-11 23:25:16,288 - ida_adapter - INFO - 分析完成，输出目录: E:\WorkSpace\ReBind_demo\tmp\firebox_re\libwgsi_so_idademo
2025-12-11 23:33:59,455 - ida_adapter - INFO - 开始分析文件: E:\WorkSpace\ReBind_demo\tmp\firebox_re\libwgvoip.so
2025-12-11 23:33:59,456 - ida_adapter - INFO - 准备工作目录: E:\WorkSpace\ReBind_demo\tmp\firebox_re\libwgvoip_so_idademo
2025-12-11 23:33:59,463 - ida_adapter - INFO - [1/3] 执行脚本: ExtractBinaryInfo_IDA.py
2025-12-11 23:34:04,270 - ida_adapter - INFO - 脚本 ExtractBinaryInfo_IDA.py 执行完成
2025-12-11 23:34:04,271 - ida_adapter - INFO - [2/3] 执行脚本: ExtractDisassembly_IDA.py
2025-12-11 23:34:08,591 - ida_adapter - INFO - 脚本 ExtractDisassembly_IDA.py 执行完成
2025-12-11 23:34:08,591 - ida_adapter - INFO - [3/3] 执行脚本: ExtractPseudocode_IDA.py
2025-12-11 23:34:14,750 - ida_adapter - INFO - 脚本 ExtractPseudocode_IDA.py 执行完成
2025-12-11 23:34:14,751 - ida_adapter - INFO - 所有脚本执行完成
2025-12-11 23:34:14,751 - ida_adapter - INFO - 处理输出文件...
2025-12-11 23:34:14,753 - ida_adapter - INFO - 分析完成，输出目录: E:\WorkSpace\ReBind_demo\tmp\firebox_re\libwgvoip_so_idademo
2025-12-11 23:54:19,175 - ida_adapter - INFO - 开始分析文件: E:\WorkSpace\ReBind_demo\tmp\firebox_re\123\libwgxbind.so
2025-12-11 23:54:19,175 - ida_adapter - INFO - 准备工作目录: E:\WorkSpace\ReBind_demo\tmp\firebox_re\123\libwgxbind_so_idademo
2025-12-11 23:54:19,183 - ida_adapter - INFO - [1/3] 执行脚本: ExtractBinaryInfo_IDA.py
2025-12-11 23:55:09,156 - ida_adapter - INFO - 脚本 ExtractBinaryInfo_IDA.py 执行完成
2025-12-11 23:55:09,156 - ida_adapter - INFO - [2/3] 执行脚本: ExtractDisassembly_IDA.py
2025-12-11 23:55:44,548 - ida_adapter - INFO - 脚本 ExtractDisassembly_IDA.py 执行完成
2025-12-11 23:55:44,548 - ida_adapter - INFO - [3/3] 执行脚本: ExtractPseudocode_IDA.py
2025-12-12 00:01:59,316 - ida_adapter - INFO - 脚本 ExtractPseudocode_IDA.py 执行完成
2025-12-12 00:01:59,316 - ida_adapter - INFO - 所有脚本执行完成
2025-12-12 00:01:59,318 - ida_adapter - INFO - 处理输出文件...
2025-12-12 00:01:59,320 - ida_adapter - INFO - 分析完成，输出目录: E:\WorkSpace\ReBind_demo\tmp\firebox_re\123\libwgxbind_so_idademo
2025-12-15 16:50:31,381 - ida_adapter - INFO - 开始分析文件: E:\WorkSpace\ReBind_demo\tmp\_top\VisiONiNdE.exe
2025-12-15 16:50:31,382 - ida_adapter - INFO - 准备工作目录: E:\WorkSpace\ReBind_demo\tmp\_top\VisiONiNdE_exe_idademo
2025-12-15 16:50:31,391 - ida_adapter - INFO - [1/3] 执行脚本: ExtractBinaryInfo_IDA.py
2025-12-15 16:50:37,258 - ida_adapter - INFO - 脚本 ExtractBinaryInfo_IDA.py 执行完成
2025-12-15 16:50:37,258 - ida_adapter - INFO - [2/3] 执行脚本: ExtractDisassembly_IDA.py
2025-12-15 16:50:42,271 - ida_adapter - INFO - 脚本 ExtractDisassembly_IDA.py 执行完成
2025-12-15 16:50:42,271 - ida_adapter - INFO - [3/3] 执行脚本: ExtractPseudocode_IDA.py
2025-12-15 16:50:52,343 - ida_adapter - INFO - 脚本 ExtractPseudocode_IDA.py 执行完成
2025-12-15 16:50:52,343 - ida_adapter - INFO - 所有脚本执行完成
2025-12-15 16:50:52,344 - ida_adapter - INFO - 处理输出文件...
2025-12-15 16:50:52,347 - ida_adapter - INFO - 分析完成，输出目录: E:\WorkSpace\ReBind_demo\tmp\_top\VisiONiNdE_exe_idademo
2025-12-16 23:00:13,169 - ida_adapter - INFO - 开始分析文件: /Users/lovensar/Workspace/ReBind_Demo/ReBind_demo/tmp/liblogxlate.so
2025-12-16 23:00:13,170 - ida_adapter - INFO - 准备工作目录: /Users/lovensar/Workspace/ReBind_Demo/ReBind_demo/tmp/liblogxlate_so_idademo
2025-12-16 23:00:13,172 - ida_adapter - INFO - [1/3] 执行脚本: ExtractBinaryInfo_IDA.py
2025-12-16 23:00:14,720 - ida_adapter - INFO - 脚本 ExtractBinaryInfo_IDA.py 执行完成
2025-12-16 23:00:14,720 - ida_adapter - INFO - [2/3] 执行脚本: ExtractDisassembly_IDA.py
2025-12-16 23:00:15,497 - ida_adapter - INFO - 脚本 ExtractDisassembly_IDA.py 执行完成
2025-12-16 23:00:15,497 - ida_adapter - INFO - [3/3] 执行脚本: ExtractPseudocode_IDA.py
2025-12-16 23:00:21,794 - ida_adapter - INFO - 脚本 ExtractPseudocode_IDA.py 执行完成
2025-12-16 23:00:21,794 - ida_adapter - INFO - 所有脚本执行完成
2025-12-16 23:00:21,795 - ida_adapter - INFO - 处理输出文件...
2025-12-16 23:00:21,795 - ida_adapter - INFO - 分析完成，输出目录: /Users/lovensar/Workspace/ReBind_Demo/ReBind_demo/tmp/liblogxlate_so_idademo
2025-12-16 23:00:57,621 - ida_adapter - INFO - 开始分析文件: /Users/lovensar/Workspace/ReBind_Demo/ReBind_demo/tmp/liblogxlate.so
2025-12-16 23:00:57,621 - ida_adapter - INFO - 准备工作目录: /Users/lovensar/Workspace/ReBind_Demo/ReBind_demo/tmp/liblogxlate_so_idademo
2025-12-16 23:00:57,623 - ida_adapter - INFO - [1/3] 执行脚本: ExtractBinaryInfo_IDA.py
2025-12-16 23:00:59,223 - ida_adapter - INFO - 脚本 ExtractBinaryInfo_IDA.py 执行完成
2025-12-16 23:00:59,223 - ida_adapter - INFO - [2/3] 执行脚本: ExtractDisassembly_IDA.py
2025-12-16 23:01:00,066 - ida_adapter - INFO - 脚本 ExtractDisassembly_IDA.py 执行完成
2025-12-16 23:01:00,066 - ida_adapter - INFO - [3/3] 执行脚本: ExtractPseudocode_IDA.py
2025-12-16 23:01:06,373 - ida_adapter - INFO - 脚本 ExtractPseudocode_IDA.py 执行完成
2025-12-16 23:01:06,373 - ida_adapter - INFO - 所有脚本执行完成
2025-12-16 23:01:06,373 - ida_adapter - INFO - 处理输出文件...
2025-12-16 23:01:06,374 - ida_adapter - INFO - 分析完成，输出目录: /Users/lovensar/Workspace/ReBind_Demo/ReBind_demo/tmp/liblogxlate_so_idademo
2025-12-16 23:01:24,763 - ida_adapter - INFO - 开始分析文件: /Users/lovensar/Workspace/ReBind_Demo/ReBind_demo/tmp/liblogxlate.so
2025-12-16 23:01:24,763 - ida_adapter - INFO - 准备工作目录: /Users/lovensar/Workspace/ReBind_Demo/ReBind_demo/tmp/liblogxlate_so_idademo
2025-12-16 23:01:24,765 - ida_adapter - INFO - [1/3] 执行脚本: ExtractBinaryInfo_IDA.py
2025-12-16 23:01:26,403 - ida_adapter - INFO - 脚本 ExtractBinaryInfo_IDA.py 执行完成
2025-12-16 23:01:26,403 - ida_adapter - INFO - [2/3] 执行脚本: ExtractDisassembly_IDA.py
2025-12-16 23:01:27,177 - ida_adapter - INFO - 脚本 ExtractDisassembly_IDA.py 执行完成
2025-12-16 23:01:27,178 - ida_adapter - INFO - [3/3] 执行脚本: ExtractPseudocode_IDA.py
2025-12-16 23:01:33,442 - ida_adapter - INFO - 脚本 ExtractPseudocode_IDA.py 执行完成
2025-12-16 23:01:33,442 - ida_adapter - INFO - 所有脚本执行完成
2025-12-16 23:01:33,443 - ida_adapter - INFO - 处理输出文件...
2025-12-16 23:01:33,443 - ida_adapter - INFO - 分析完成，输出目录: /Users/lovensar/Workspace/ReBind_Demo/ReBind_demo/tmp/liblogxlate_so_idademo
2025-12-16 23:07:28,492 - ida_adapter - INFO - 开始分析文件: /Users/lovensar/Workspace/ReBind_Demo/ReBind_demo/tmp/liblogxlate.so
2025-12-16 23:07:28,493 - ida_adapter - INFO - 准备工作目录: /Users/lovensar/Workspace/ReBind_Demo/ReBind_demo/tmp/liblogxlate_so_idademo
2025-12-16 23:07:28,494 - ida_adapter - INFO - [1/3] 执行脚本: ExtractBinaryInfo_IDA.py
2025-12-16 23:07:29,411 - ida_adapter - INFO - 脚本 ExtractBinaryInfo_IDA.py 执行完成
2025-12-16 23:07:29,411 - ida_adapter - INFO - [2/3] 执行脚本: ExtractDisassembly_IDA.py
2025-12-16 23:07:30,303 - ida_adapter - INFO - 脚本 ExtractDisassembly_IDA.py 执行完成
2025-12-16 23:07:30,303 - ida_adapter - INFO - [3/3] 执行脚本: ExtractPseudocode_IDA.py
2025-12-16 23:07:33,580 - ida_adapter - INFO - 脚本 ExtractPseudocode_IDA.py 执行完成
2025-12-16 23:07:33,580 - ida_adapter - INFO - 所有脚本执行完成
2025-12-16 23:07:33,580 - ida_adapter - INFO - 处理输出文件...
2025-12-16 23:07:33,581 - ida_adapter - INFO - 分析完成，输出目录: /Users/lovensar/Workspace/ReBind_Demo/ReBind_demo/tmp/liblogxlate_so_idademo
2025-12-16 23:08:20,516 - ida_adapter - INFO - 开始分析文件: /Users/lovensar/Workspace/ReBind_Demo/ReBind_demo/tmp/liblogxlate.so
2025-12-16 23:08:20,516 - ida_adapter - INFO - 准备工作目录: /Users/lovensar/Workspace/ReBind_Demo/ReBind_demo/tmp/liblogxlate_so_idademo
2025-12-16 23:08:20,518 - ida_adapter - INFO - [1/3] 执行脚本: ExtractBinaryInfo_IDA.py
2025-12-16 23:08:22,085 - ida_adapter - INFO - 脚本 ExtractBinaryInfo_IDA.py 执行完成
2025-12-16 23:08:22,085 - ida_adapter - INFO - [2/3] 执行脚本: ExtractDisassembly_IDA.py
2025-12-16 23:08:22,944 - ida_adapter - INFO - 脚本 ExtractDisassembly_IDA.py 执行完成
2025-12-16 23:08:22,944 - ida_adapter - INFO - [3/3] 执行脚本: ExtractPseudocode_IDA.py
2025-12-16 23:08:29,194 - ida_adapter - INFO - 脚本 ExtractPseudocode_IDA.py 执行完成
2025-12-16 23:08:29,194 - ida_adapter - INFO - 所有脚本执行完成
2025-12-16 23:08:29,195 - ida_adapter - INFO - 处理输出文件...
2025-12-16 23:08:29,195 - ida_adapter - INFO - 分析完成，输出目录: /Users/lovensar/Workspace/ReBind_Demo/ReBind_demo/tmp/liblogxlate_so_idademo
2025-12-16 23:09:04,567 - ida_adapter - INFO - 开始分析文件: /Users/lovensar/Workspace/ReBind_Demo/ReBind_demo/tmp/liblogxlate.so
2025-12-16 23:09:04,568 - ida_adapter - INFO - 准备工作目录: /Users/lovensar/Workspace/ReBind_Demo/ReBind_demo/tmp/liblogxlate_so_idademo
2025-12-16 23:09:04,569 - ida_adapter - INFO - [1/3] 执行脚本: ExtractBinaryInfo_IDA.py
2025-12-16 23:09:05,361 - ida_adapter - INFO - 脚本 ExtractBinaryInfo_IDA.py 执行完成
2025-12-16 23:09:05,362 - ida_adapter - INFO - [2/3] 执行脚本: ExtractDisassembly_IDA.py
2025-12-16 23:09:06,218 - ida_adapter - INFO - 脚本 ExtractDisassembly_IDA.py 执行完成
2025-12-16 23:09:06,218 - ida_adapter - INFO - [3/3] 执行脚本: ExtractPseudocode_IDA.py
2025-12-16 23:09:09,467 - ida_adapter - INFO - 脚本 ExtractPseudocode_IDA.py 执行完成
2025-12-16 23:09:09,467 - ida_adapter - INFO - 所有脚本执行完成
2025-12-16 23:09:09,467 - ida_adapter - INFO - 处理输出文件...
2025-12-16 23:09:09,467 - ida_adapter - INFO - 分析完成，输出目录: /Users/lovensar/Workspace/ReBind_Demo/ReBind_demo/tmp/liblogxlate_so_idademo
2025-12-16 23:14:52,732 - ida_adapter - INFO - 开始分析文件: /Users/lovensar/Workspace/ReBind_Demo/ReBind_demo/tmp/liblogxlate.so
2025-12-16 23:14:52,732 - ida_adapter - INFO - 准备工作目录: /Users/lovensar/Workspace/ReBind_Demo/ReBind_demo/tmp/liblogxlate_so_idademo
2025-12-16 23:14:52,733 - ida_adapter - INFO - [1/3] 执行脚本: ExtractBinaryInfo_IDA.py
2025-12-16 23:14:53,589 - ida_adapter - INFO - 脚本 ExtractBinaryInfo_IDA.py 执行完成
2025-12-16 23:14:53,589 - ida_adapter - INFO - [2/3] 执行脚本: ExtractDisassembly_IDA.py
2025-12-16 23:14:54,440 - ida_adapter - INFO - 脚本 ExtractDisassembly_IDA.py 执行完成
2025-12-16 23:14:54,440 - ida_adapter - INFO - [3/3] 执行脚本: ExtractPseudocode_IDA.py
2025-12-16 23:14:57,637 - ida_adapter - INFO - 脚本 ExtractPseudocode_IDA.py 执行完成
2025-12-16 23:14:57,637 - ida_adapter - INFO - 所有脚本执行完成
2025-12-16 23:14:57,637 - ida_adapter - INFO - 处理输出文件...
2025-12-16 23:14:57,638 - ida_adapter - INFO - 分析完成，输出目录: /Users/lovensar/Workspace/ReBind_Demo/ReBind_demo/tmp/liblogxlate_so_idademo
2025-12-16 23:16:36,705 - ida_adapter - INFO - 开始分析文件: /Users/lovensar/Workspace/ReBind_Demo/ReBind_demo/tmp/liblogxlate.so
2025-12-16 23:16:36,705 - ida_adapter - INFO - 准备工作目录: /Users/lovensar/Workspace/ReBind_Demo/ReBind_demo/tmp/liblogxlate_so_idademo
2025-12-16 23:16:36,706 - ida_adapter - INFO - [1/3] 执行脚本: ExtractBinaryInfo_IDA.py
2025-12-16 23:16:37,592 - ida_adapter - INFO - 脚本 ExtractBinaryInfo_IDA.py 执行完成
2025-12-16 23:16:37,592 - ida_adapter - INFO - [2/3] 执行脚本: ExtractDisassembly_IDA.py
2025-12-16 23:16:38,502 - ida_adapter - INFO - 脚本 ExtractDisassembly_IDA.py 执行完成
2025-12-16 23:16:38,502 - ida_adapter - INFO - [3/3] 执行脚本: ExtractPseudocode_IDA.py
2025-12-16 23:16:41,724 - ida_adapter - INFO - 脚本 ExtractPseudocode_IDA.py 执行完成
2025-12-16 23:16:41,724 - ida_adapter - INFO - 所有脚本执行完成
2025-12-16 23:16:41,724 - ida_adapter - INFO - 处理输出文件...
2025-12-16 23:16:41,724 - ida_adapter - INFO - 分析完成，输出目录: /Users/lovensar/Workspace/ReBind_Demo/ReBind_demo/tmp/liblogxlate_so_idademo
2025-12-16 23:17:21,175 - ida_adapter - INFO - 开始分析文件: /Users/lovensar/Workspace/ReBind_Demo/ReBind_demo/tmp/liblogxlate.so
2025-12-16 23:17:21,175 - ida_adapter - INFO - 准备工作目录: /Users/lovensar/Workspace/ReBind_Demo/ReBind_demo/tmp/liblogxlate_so_idademo
2025-12-16 23:17:21,176 - ida_adapter - INFO - [1/3] 执行脚本: ExtractBinaryInfo_IDA.py
2025-12-16 23:17:22,002 - ida_adapter - INFO - 脚本 ExtractBinaryInfo_IDA.py 执行完成
2025-12-16 23:17:22,002 - ida_adapter - INFO - [2/3] 执行脚本: ExtractDisassembly_IDA.py
2025-12-16 23:17:22,894 - ida_adapter - INFO - 脚本 ExtractDisassembly_IDA.py 执行完成
2025-12-16 23:17:22,894 - ida_adapter - INFO - [3/3] 执行脚本: ExtractPseudocode_IDA.py
2025-12-16 23:17:26,140 - ida_adapter - INFO - 脚本 ExtractPseudocode_IDA.py 执行完成
2025-12-16 23:17:26,140 - ida_adapter - INFO - 所有脚本执行完成
2025-12-16 23:17:26,141 - ida_adapter - INFO - 处理输出文件...
2025-12-16 23:17:26,141 - ida_adapter - INFO - 分析完成，输出目录: /Users/lovensar/Workspace/ReBind_Demo/ReBind_demo/tmp/liblogxlate_so_idademo
2025-12-16 23:19:23,292 - ida_adapter - INFO - 开始分析文件: /Users/lovensar/Workspace/ReBind_Demo/ReBind_demo/tmp/liblogxlate.so
2025-12-16 23:19:23,292 - ida_adapter - INFO - 准备工作目录: /Users/lovensar/Workspace/ReBind_Demo/ReBind_demo/tmp/liblogxlate_so_idademo
2025-12-16 23:19:23,294 - ida_adapter - INFO - [1/3] 执行脚本: ExtractBinaryInfo_IDA.py
2025-12-16 23:19:24,168 - ida_adapter - INFO - 脚本 ExtractBinaryInfo_IDA.py 执行完成
2025-12-16 23:19:24,169 - ida_adapter - INFO - [2/3] 执行脚本: ExtractDisassembly_IDA.py
2025-12-16 23:19:24,994 - ida_adapter - INFO - 脚本 ExtractDisassembly_IDA.py 执行完成
2025-12-16 23:19:24,995 - ida_adapter - INFO - [3/3] 执行脚本: ExtractPseudocode_IDA.py
2025-12-16 23:19:28,218 - ida_adapter - INFO - 脚本 ExtractPseudocode_IDA.py 执行完成
2025-12-16 23:19:28,218 - ida_adapter - INFO - 所有脚本执行完成
2025-12-16 23:19:28,218 - ida_adapter - INFO - 处理输出文件...
2025-12-16 23:19:28,218 - ida_adapter - INFO - 分析完成，输出目录: /Users/lovensar/Workspace/ReBind_Demo/ReBind_demo/tmp/liblogxlate_so_idademo
2025-12-16 23:21:51,004 - ida_adapter - INFO - 开始分析文件: /Users/lovensar/Workspace/ReBind_Demo/ReBind_demo/tmp/liblogxlate.so
2025-12-16 23:21:51,004 - ida_adapter - INFO - 准备工作目录: /Users/lovensar/Workspace/ReBind_Demo/ReBind_demo/tmp/liblogxlate_so_idademo
2025-12-16 23:21:51,006 - ida_adapter - INFO - [1/3] 执行脚本: ExtractBinaryInfo_IDA.py
2025-12-16 23:21:51,861 - ida_adapter - INFO - 脚本 ExtractBinaryInfo_IDA.py 执行完成
2025-12-16 23:21:51,861 - ida_adapter - INFO - [2/3] 执行脚本: ExtractDisassembly_IDA.py
2025-12-16 23:21:52,685 - ida_adapter - INFO - 脚本 ExtractDisassembly_IDA.py 执行完成
2025-12-16 23:21:52,686 - ida_adapter - INFO - [3/3] 执行脚本: ExtractPseudocode_IDA.py
2025-12-16 23:21:56,052 - ida_adapter - INFO - 脚本 ExtractPseudocode_IDA.py 执行完成
2025-12-16 23:21:56,052 - ida_adapter - INFO - 所有脚本执行完成
2025-12-16 23:21:56,053 - ida_adapter - INFO - 处理输出文件...
2025-12-16 23:21:56,053 - ida_adapter - INFO - 分析完成，输出目录: /Users/lovensar/Workspace/ReBind_Demo/ReBind_demo/tmp/liblogxlate_so_idademo
2025-12-16 23:32:08,544 - ida_adapter - INFO - 开始分析文件: /Users/lovensar/Workspace/ReBind_Demo/ReBind_demo/tmp/liblogxlate.so
2025-12-16 23:32:08,544 - ida_adapter - INFO - 准备工作目录: /Users/lovensar/Workspace/ReBind_Demo/ReBind_demo/tmp/liblogxlate_so_idademo
2025-12-16 23:32:08,545 - ida_adapter - INFO - [1/3] 执行脚本: ExtractBinaryInfo_IDA.py
2025-12-16 23:32:09,381 - ida_adapter - INFO - 脚本 ExtractBinaryInfo_IDA.py 执行完成
2025-12-16 23:32:09,381 - ida_adapter - INFO - [2/3] 执行脚本: ExtractDisassembly_IDA.py
2025-12-16 23:32:10,298 - ida_adapter - INFO - 脚本 ExtractDisassembly_IDA.py 执行完成
2025-12-16 23:32:10,298 - ida_adapter - INFO - [3/3] 执行脚本: ExtractPseudocode_IDA.py
2025-12-16 23:32:13,512 - ida_adapter - INFO - 脚本 ExtractPseudocode_IDA.py 执行完成
2025-12-16 23:32:13,512 - ida_adapter - INFO - 所有脚本执行完成
2025-12-16 23:32:13,512 - ida_adapter - INFO - 处理输出文件...
2025-12-16 23:32:13,513 - ida_adapter - INFO - 分析完成，输出目录: /Users/lovensar/Workspace/ReBind_Demo/ReBind_demo/tmp/liblogxlate_so_idademo
2025-12-16 23:37:25,874 - ida_adapter - INFO - 开始分析文件: /Users/lovensar/Workspace/ReBind_Demo/ReBind_demo/tmp/liblogxlate.so
2025-12-16 23:37:25,875 - ida_adapter - INFO - 准备工作目录: /Users/lovensar/Workspace/ReBind_Demo/ReBind_demo/tmp/liblogxlate_so_idademo
2025-12-16 23:37:25,876 - ida_adapter - INFO - [1/3] 执行脚本: ExtractBinaryInfo_IDA.py
2025-12-16 23:37:27,690 - ida_adapter - INFO - 脚本 ExtractBinaryInfo_IDA.py 执行完成
2025-12-16 23:37:27,690 - ida_adapter - INFO - [2/3] 执行脚本: ExtractDisassembly_IDA.py
2025-12-16 23:37:28,614 - ida_adapter - INFO - 脚本 ExtractDisassembly_IDA.py 执行完成
2025-12-16 23:37:28,614 - ida_adapter - INFO - [3/3] 执行脚本: ExtractPseudocode_IDA.py
2025-12-16 23:37:34,895 - ida_adapter - INFO - 脚本 ExtractPseudocode_IDA.py 执行完成
2025-12-16 23:37:34,895 - ida_adapter - INFO - 所有脚本执行完成
2025-12-16 23:37:34,895 - ida_adapter - INFO - 处理输出文件...
2025-12-16 23:37:34,895 - ida_adapter - INFO - 分析完成，输出目录: /Users/lovensar/Workspace/ReBind_Demo/ReBind_demo/tmp/liblogxlate_so_idademo
2025-12-17 10:11:32,445 - ida_adapter - INFO - 开始分析文件: /Users/lovensar/Workspace/ReBind_Demo/ReBind_demo/tmp/liblogxlate.so
2025-12-17 10:11:32,445 - ida_adapter - INFO - 准备工作目录: /Users/lovensar/Workspace/ReBind_Demo/ReBind_demo/tmp/liblogxlate_so_idademo
2025-12-17 10:11:32,447 - ida_adapter - INFO - [1/3] 执行脚本: ExtractBinaryInfo_IDA.py
2025-12-17 10:11:34,322 - ida_adapter - INFO - 脚本 ExtractBinaryInfo_IDA.py 执行完成
2025-12-17 10:11:34,323 - ida_adapter - INFO - [2/3] 执行脚本: ExtractDisassembly_IDA.py
2025-12-17 10:11:35,940 - ida_adapter - INFO - 脚本 ExtractDisassembly_IDA.py 执行完成
2025-12-17 10:11:35,940 - ida_adapter - INFO - [3/3] 执行脚本: ExtractPseudocode_IDA.py
2025-12-17 10:11:46,470 - ida_adapter - INFO - 脚本 ExtractPseudocode_IDA.py 执行完成
2025-12-17 10:11:46,470 - ida_adapter - INFO - 所有脚本执行完成
2025-12-17 10:11:46,471 - ida_adapter - INFO - 处理输出文件...
2025-12-17 10:11:46,471 - ida_adapter - INFO - 分析完成，输出目录: /Users/lovensar/Workspace/ReBind_Demo/ReBind_demo/tmp/liblogxlate_so_idademo
2025-12-17 19:36:10,363 - ida_adapter - INFO - 开始分析文件: /Users/lovensar/Workspace/ReBind_Demo/ReBind_demo/tmp/liblogxlate.so
2025-12-17 19:36:10,363 - ida_adapter - INFO - 准备工作目录: /Users/lovensar/Workspace/ReBind_Demo/ReBind_demo/tmp/liblogxlate_so_idademo
2025-12-17 19:36:10,364 - ida_adapter - INFO - [1/3] 执行脚本: ExtractBinaryInfo_IDA.py
2025-12-17 19:36:11,601 - ida_adapter - INFO - 脚本 ExtractBinaryInfo_IDA.py 执行完成
2025-12-17 19:36:11,601 - ida_adapter - INFO - [2/3] 执行脚本: ExtractDisassembly_IDA.py
2025-12-17 19:36:12,440 - ida_adapter - INFO - 脚本 ExtractDisassembly_IDA.py 执行完成
2025-12-17 19:36:12,440 - ida_adapter - INFO - [3/3] 执行脚本: ExtractPseudocode_IDA.py
2025-12-17 19:36:18,803 - ida_adapter - INFO - 脚本 ExtractPseudocode_IDA.py 执行完成
2025-12-17 19:36:18,803 - ida_adapter - INFO - 所有脚本执行完成
2025-12-17 19:36:18,803 - ida_adapter - INFO - 处理输出文件...
2025-12-17 19:36:18,804 - ida_adapter - INFO - 分析完成，输出目录: /Users/lovensar/Workspace/ReBind_Demo/ReBind_demo/tmp/liblogxlate_so_idademo
2025-12-17 19:39:17,766 - ida_adapter - INFO - 开始分析文件: /Users/lovensar/Workspace/ReBind_Demo/ReBind_demo/tmp/liblogxlate.so
2025-12-17 19:39:17,767 - ida_adapter - INFO - 准备工作目录: /Users/lovensar/Workspace/ReBind_Demo/ReBind_demo/tmp/liblogxlate_so_idademo
2025-12-17 19:39:17,768 - ida_adapter - INFO - [1/3] 执行脚本: ExtractBinaryInfo_IDA.py
2025-12-17 19:39:19,532 - ida_adapter - INFO - 脚本 ExtractBinaryInfo_IDA.py 执行完成
2025-12-17 19:39:19,532 - ida_adapter - INFO - [2/3] 执行脚本: ExtractDisassembly_IDA.py
2025-12-17 19:39:20,402 - ida_adapter - INFO - 脚本 ExtractDisassembly_IDA.py 执行完成
2025-12-17 19:39:20,402 - ida_adapter - INFO - [3/3] 执行脚本: ExtractPseudocode_IDA.py
2025-12-17 19:39:26,732 - ida_adapter - INFO - 脚本 ExtractPseudocode_IDA.py 执行完成
2025-12-17 19:39:26,732 - ida_adapter - INFO - 所有脚本执行完成
2025-12-17 19:39:26,732 - ida_adapter - INFO - 处理输出文件...
2025-12-17 19:39:26,733 - ida_adapter - INFO - 分析完成，输出目录: /Users/lovensar/Workspace/ReBind_Demo/ReBind_demo/tmp/liblogxlate_so_idademo
2025-12-17 19:46:04,276 - ida_adapter - INFO - 开始分析文件: /Users/lovensar/Workspace/ReBind_Demo/ReBind_demo/tmp/liblogxlate.so
2025-12-17 19:46:04,277 - ida_adapter - INFO - 准备工作目录: /Users/lovensar/Workspace/ReBind_Demo/ReBind_demo/tmp/liblogxlate_so_idademo
2025-12-17 19:46:04,278 - ida_adapter - INFO - [1/3] 执行脚本: ExtractBinaryInfo_IDA.py
2025-12-17 19:46:05,220 - ida_adapter - INFO - 脚本 ExtractBinaryInfo_IDA.py 执行完成
2025-12-17 19:46:05,221 - ida_adapter - INFO - [2/3] 执行脚本: ExtractDisassembly_IDA.py
2025-12-17 19:46:06,094 - ida_adapter - INFO - 脚本 ExtractDisassembly_IDA.py 执行完成
2025-12-17 19:46:06,094 - ida_adapter - INFO - [3/3] 执行脚本: ExtractPseudocode_IDA.py
2025-12-17 19:46:11,894 - ida_adapter - INFO - 脚本 ExtractPseudocode_IDA.py 执行完成
2025-12-17 19:46:11,894 - ida_adapter - INFO - 所有脚本执行完成
2025-12-17 19:46:11,894 - ida_adapter - INFO - 处理输出文件...
2025-12-17 19:46:11,894 - ida_adapter - INFO - 分析完成，输出目录: /Users/lovensar/Workspace/ReBind_Demo/ReBind_demo/tmp/liblogxlate_so_idademo
2025-12-17 19:48:45,077 - ida_adapter - INFO - 开始分析文件: /Users/lovensar/Workspace/ReBind_Demo/ReBind_demo/tmp/liblogxlate.so
2025-12-17 19:48:45,077 - ida_adapter - INFO - 准备工作目录: /Users/lovensar/Workspace/ReBind_Demo/ReBind_demo/tmp/liblogxlate_so_idademo
2025-12-17 19:48:45,079 - ida_adapter - INFO - [1/3] 执行脚本: ExtractBinaryInfo_IDA.py
2025-12-17 19:48:46,002 - ida_adapter - INFO - 脚本 ExtractBinaryInfo_IDA.py 执行完成
2025-12-17 19:48:46,003 - ida_adapter - INFO - [2/3] 执行脚本: ExtractDisassembly_IDA.py
2025-12-17 19:48:46,866 - ida_adapter - INFO - 脚本 ExtractDisassembly_IDA.py 执行完成
2025-12-17 19:48:46,866 - ida_adapter - INFO - [3/3] 执行脚本: ExtractPseudocode_IDA.py
2025-12-17 19:48:52,818 - ida_adapter - INFO - 脚本 ExtractPseudocode_IDA.py 执行完成
2025-12-17 19:48:52,819 - ida_adapter - INFO - 所有脚本执行完成
2025-12-17 19:48:52,819 - ida_adapter - INFO - 处理输出文件...
2025-12-17 19:48:52,819 - ida_adapter - INFO - 分析完成，输出目录: /Users/lovensar/Workspace/ReBind_Demo/ReBind_demo/tmp/liblogxlate_so_idademo
2025-12-17 19:50:06,252 - ida_adapter - INFO - 开始分析文件: /Users/lovensar/Workspace/ReBind_Demo/ReBind_demo/tmp/liblogxlate.so
2025-12-17 19:50:06,252 - ida_adapter - INFO - 准备工作目录: /Users/lovensar/Workspace/ReBind_Demo/ReBind_demo/tmp/liblogxlate_so_idademo
2025-12-17 19:50:06,253 - ida_adapter - INFO - [1/3] 执行脚本: ExtractBinaryInfo_IDA.py
2025-12-17 19:50:07,196 - ida_adapter - INFO - 脚本 ExtractBinaryInfo_IDA.py 执行完成
2025-12-17 19:50:07,196 - ida_adapter - INFO - [2/3] 执行脚本: ExtractDisassembly_IDA.py
2025-12-17 19:50:08,072 - ida_adapter - INFO - 脚本 ExtractDisassembly_IDA.py 执行完成
2025-12-17 19:50:08,072 - ida_adapter - INFO - [3/3] 执行脚本: ExtractPseudocode_IDA.py
2025-12-17 19:50:13,658 - ida_adapter - INFO - 脚本 ExtractPseudocode_IDA.py 执行完成
2025-12-17 19:50:13,658 - ida_adapter - INFO - 所有脚本执行完成
2025-12-17 19:50:13,659 - ida_adapter - INFO - 处理输出文件...
2025-12-17 19:50:13,659 - ida_adapter - INFO - 分析完成，输出目录: /Users/lovensar/Workspace/ReBind_Demo/ReBind_demo/tmp/liblogxlate_so_idademo
2025-12-17 20:09:27,503 - ida_adapter - INFO - 开始分析文件: /Users/lovensar/Workspace/ReBind_Demo/ReBind_demo/tmp/liblogxlate.so
2025-12-17 20:09:27,504 - ida_adapter - INFO - 准备工作目录: /Users/lovensar/Workspace/ReBind_Demo/ReBind_demo/tmp/liblogxlate_so_idademo
2025-12-17 20:09:27,505 - ida_adapter - INFO - [1/3] 执行脚本: ExtractBinaryInfo_IDA.py
2025-12-17 20:09:28,547 - ida_adapter - INFO - 脚本 ExtractBinaryInfo_IDA.py 执行完成
2025-12-17 20:09:28,547 - ida_adapter - INFO - [2/3] 执行脚本: ExtractDisassembly_IDA.py
2025-12-17 20:09:29,470 - ida_adapter - INFO - 脚本 ExtractDisassembly_IDA.py 执行完成
2025-12-17 20:09:29,470 - ida_adapter - INFO - [3/3] 执行脚本: ExtractPseudocode_IDA.py
2025-12-17 20:09:36,253 - ida_adapter - INFO - 脚本 ExtractPseudocode_IDA.py 执行完成
2025-12-17 20:09:36,253 - ida_adapter - INFO - 所有脚本执行完成
2025-12-17 20:09:36,253 - ida_adapter - INFO - 处理输出文件...
2025-12-17 20:09:36,254 - ida_adapter - INFO - 分析完成，输出目录: /Users/lovensar/Workspace/ReBind_Demo/ReBind_demo/tmp/liblogxlate_so_idademo
2025-12-17 20:10:18,068 - ida_adapter - INFO - 开始分析文件: /Users/lovensar/Workspace/ReBind_Demo/ReBind_demo/tmp/liblogxlate.so
2025-12-17 20:10:18,068 - ida_adapter - INFO - 准备工作目录: /Users/lovensar/Workspace/ReBind_Demo/ReBind_demo/tmp/liblogxlate_so_idademo
2025-12-17 20:10:18,069 - ida_adapter - INFO - [1/3] 执行脚本: ExtractBinaryInfo_IDA.py
2025-12-17 20:10:18,589 - ida_adapter - WARNING - 脚本 ExtractBinaryInfo_IDA.py 执行失败，返回码: 4
2025-12-17 20:10:18,589 - ida_adapter - WARNING - 标准错误: 
2025-12-17 20:10:18,590 - ida_adapter - INFO - [2/3] 执行脚本: ExtractDisassembly_IDA.py
2025-12-17 20:10:19,101 - ida_adapter - WARNING - 脚本 ExtractDisassembly_IDA.py 执行失败，返回码: 4
2025-12-17 20:10:19,101 - ida_adapter - WARNING - 标准错误: 
2025-12-17 20:10:19,101 - ida_adapter - INFO - [3/3] 执行脚本: ExtractPseudocode_IDA.py
2025-12-17 20:10:19,566 - ida_adapter - WARNING - 脚本 ExtractPseudocode_IDA.py 执行失败，返回码: 4
2025-12-17 20:10:19,566 - ida_adapter - WARNING - 标准错误: 
2025-12-17 20:10:19,566 - ida_adapter - INFO - 所有脚本执行完成
2025-12-17 20:10:19,567 - ida_adapter - INFO - 处理输出文件...
2025-12-17 20:10:19,567 - ida_adapter - INFO - 分析完成，输出目录: /Users/lovensar/Workspace/ReBind_Demo/ReBind_demo/tmp/liblogxlate_so_idademo
2025-12-17 20:15:01,703 - ida_adapter - INFO - 开始分析文件: /Users/lovensar/Workspace/ReBind_Demo/ReBind_demo/tmp/liblogxlate.so
2025-12-17 20:15:01,703 - ida_adapter - INFO - 准备工作目录: /Users/lovensar/Workspace/ReBind_Demo/ReBind_demo/tmp/liblogxlate_so_idademo
2025-12-17 20:15:01,704 - ida_adapter - INFO - [1/3] 执行脚本: ExtractBinaryInfo_IDA.py
2025-12-17 20:15:02,706 - ida_adapter - INFO - 脚本 ExtractBinaryInfo_IDA.py 执行完成
2025-12-17 20:15:02,706 - ida_adapter - INFO - [2/3] 执行脚本: ExtractDisassembly_IDA.py
2025-12-17 20:15:03,570 - ida_adapter - INFO - 脚本 ExtractDisassembly_IDA.py 执行完成
2025-12-17 20:15:03,570 - ida_adapter - INFO - [3/3] 执行脚本: ExtractPseudocode_IDA.py
2025-12-17 20:15:06,987 - ida_adapter - INFO - 脚本 ExtractPseudocode_IDA.py 执行完成
2025-12-17 20:15:06,987 - ida_adapter - INFO - 所有脚本执行完成
2025-12-17 20:15:06,988 - ida_adapter - INFO - 处理输出文件...
2025-12-17 20:15:06,988 - ida_adapter - INFO - 分析完成，输出目录: /Users/lovensar/Workspace/ReBind_Demo/ReBind_demo/tmp/liblogxlate_so_idademo
2025-12-17 20:25:12,286 - ida_adapter - INFO - 开始分析文件: /Users/lovensar/Workspace/ReBind_Demo/ReBind_demo/tmp/liblogxlate.so
2025-12-17 20:25:12,286 - ida_adapter - INFO - 准备工作目录: /Users/lovensar/Workspace/ReBind_Demo/ReBind_demo/tmp/liblogxlate_so_idademo
2025-12-17 20:25:12,287 - ida_adapter - INFO - [1/3] 执行脚本: ExtractBinaryInfo_IDA.py
2025-12-17 20:25:12,927 - ida_adapter - WARNING - 脚本 ExtractBinaryInfo_IDA.py 执行失败，返回码: 4
2025-12-17 20:25:12,927 - ida_adapter - WARNING - 标准错误: 
2025-12-17 20:25:12,927 - ida_adapter - INFO - [2/3] 执行脚本: ExtractDisassembly_IDA.py
2025-12-17 20:25:13,389 - ida_adapter - WARNING - 脚本 ExtractDisassembly_IDA.py 执行失败，返回码: 4
2025-12-17 20:25:13,389 - ida_adapter - WARNING - 标准错误: 
2025-12-17 20:25:13,389 - ida_adapter - INFO - [3/3] 执行脚本: ExtractPseudocode_IDA.py
2025-12-17 20:25:13,853 - ida_adapter - WARNING - 脚本 ExtractPseudocode_IDA.py 执行失败，返回码: 4
2025-12-17 20:25:13,853 - ida_adapter - WARNING - 标准错误: 
2025-12-17 20:25:13,854 - ida_adapter - INFO - 所有脚本执行完成
2025-12-17 20:25:13,854 - ida_adapter - INFO - 处理输出文件...
2025-12-17 20:25:13,854 - ida_adapter - INFO - 分析完成，输出目录: /Users/lovensar/Workspace/ReBind_Demo/ReBind_demo/tmp/liblogxlate_so_idademo
2025-12-17 20:39:48,032 - ida_adapter - INFO - 开始分析文件: /Users/lovensar/Workspace/ReBind_Demo/ReBind_demo/tmp/liblogxlate.so
2025-12-17 20:39:48,032 - ida_adapter - INFO - 准备工作目录: /Users/lovensar/Workspace/ReBind_Demo/ReBind_demo/tmp/liblogxlate_so_idademo
2025-12-17 20:39:48,034 - ida_adapter - INFO - [1/3] 执行脚本: ExtractBinaryInfo_IDA.py
2025-12-17 20:39:49,105 - ida_adapter - INFO - 脚本 ExtractBinaryInfo_IDA.py 执行完成
2025-12-17 20:39:49,106 - ida_adapter - INFO - [2/3] 执行脚本: ExtractDisassembly_IDA.py
2025-12-17 20:39:50,076 - ida_adapter - INFO - 脚本 ExtractDisassembly_IDA.py 执行完成
2025-12-17 20:39:50,076 - ida_adapter - INFO - [3/3] 执行脚本: ExtractPseudocode_IDA.py
2025-12-17 20:39:56,260 - ida_adapter - INFO - 脚本 ExtractPseudocode_IDA.py 执行完成
2025-12-17 20:39:56,260 - ida_adapter - INFO - 所有脚本执行完成
2025-12-17 20:39:56,261 - ida_adapter - INFO - 处理输出文件...
2025-12-17 20:39:56,261 - ida_adapter - INFO - 分析完成，输出目录: /Users/lovensar/Workspace/ReBind_Demo/ReBind_demo/tmp/liblogxlate_so_idademo
2025-12-17 20:43:45,705 - ida_adapter - INFO - 开始分析文件: /Users/lovensar/Workspace/ReBind_Demo/ReBind_demo/tmp/liblogxlate.so
2025-12-17 20:43:45,705 - ida_adapter - INFO - 准备工作目录: /Users/lovensar/Workspace/ReBind_Demo/ReBind_demo/tmp/liblogxlate_so_idademo
2025-12-17 20:43:45,706 - ida_adapter - INFO - [1/3] 执行脚本: ExtractBinaryInfo_IDA.py
2025-12-17 20:43:46,239 - ida_adapter - WARNING - 脚本 ExtractBinaryInfo_IDA.py 执行失败，返回码: 4
2025-12-17 20:43:46,239 - ida_adapter - WARNING - 标准错误: 
2025-12-17 20:43:46,239 - ida_adapter - INFO - [2/3] 执行脚本: ExtractDisassembly_IDA.py
2025-12-17 20:43:46,736 - ida_adapter - WARNING - 脚本 ExtractDisassembly_IDA.py 执行失败，返回码: 4
2025-12-17 20:43:46,736 - ida_adapter - WARNING - 标准错误: 
2025-12-17 20:43:46,736 - ida_adapter - INFO - [3/3] 执行脚本: ExtractPseudocode_IDA.py
2025-12-17 20:43:47,235 - ida_adapter - WARNING - 脚本 ExtractPseudocode_IDA.py 执行失败，返回码: 4
2025-12-17 20:43:47,235 - ida_adapter - WARNING - 标准错误: 
2025-12-17 20:43:47,235 - ida_adapter - INFO - 所有脚本执行完成
2025-12-17 20:43:47,236 - ida_adapter - INFO - 处理输出文件...
2025-12-17 20:43:47,236 - ida_adapter - INFO - 分析完成，输出目录: /Users/lovensar/Workspace/ReBind_Demo/ReBind_demo/tmp/liblogxlate_so_idademo
2025-12-17 21:05:31,710 - ida_adapter - INFO - 开始分析文件: /Users/lovensar/Workspace/ReBind_Demo/ReBind_demo/tmp/liblogxlate.so
2025-12-17 21:05:31,710 - ida_adapter - INFO - 准备工作目录: /Users/lovensar/Workspace/ReBind_Demo/ReBind_demo/tmp/liblogxlate_so_idademo
2025-12-17 21:05:31,711 - ida_adapter - INFO - [1/3] 执行脚本: ExtractBinaryInfo_IDA.py
2025-12-17 21:05:32,742 - ida_adapter - INFO - 脚本 ExtractBinaryInfo_IDA.py 执行完成
2025-12-17 21:05:32,742 - ida_adapter - INFO - [2/3] 执行脚本: ExtractDisassembly_IDA.py
2025-12-17 21:05:33,685 - ida_adapter - INFO - 脚本 ExtractDisassembly_IDA.py 执行完成
2025-12-17 21:05:33,685 - ida_adapter - INFO - [3/3] 执行脚本: ExtractPseudocode_IDA.py
2025-12-17 21:05:39,944 - ida_adapter - INFO - 脚本 ExtractPseudocode_IDA.py 执行完成
2025-12-17 21:05:39,944 - ida_adapter - INFO - 所有脚本执行完成
2025-12-17 21:05:39,944 - ida_adapter - INFO - 处理输出文件...
2025-12-17 21:05:39,945 - ida_adapter - INFO - 分析完成，输出目录: /Users/lovensar/Workspace/ReBind_Demo/ReBind_demo/tmp/liblogxlate_so_idademo
2025-12-17 21:06:15,470 - ida_adapter - INFO - 开始分析文件: /Users/lovensar/Workspace/ReBind_Demo/ReBind_demo/tmp/liblogxlate.so
2025-12-17 21:06:15,470 - ida_adapter - INFO - 准备工作目录: /Users/lovensar/Workspace/ReBind_Demo/ReBind_demo/tmp/liblogxlate_so_idademo
2025-12-17 21:06:15,471 - ida_adapter - INFO - [1/3] 执行脚本: ExtractBinaryInfo_IDA.py
2025-12-17 21:06:16,310 - ida_adapter - INFO - 脚本 ExtractBinaryInfo_IDA.py 执行完成
2025-12-17 21:06:16,310 - ida_adapter - INFO - [2/3] 执行脚本: ExtractDisassembly_IDA.py
2025-12-17 21:06:17,277 - ida_adapter - INFO - 脚本 ExtractDisassembly_IDA.py 执行完成
2025-12-17 21:06:17,277 - ida_adapter - INFO - [3/3] 执行脚本: ExtractPseudocode_IDA.py
2025-12-17 21:06:23,454 - ida_adapter - INFO - 脚本 ExtractPseudocode_IDA.py 执行完成
2025-12-17 21:06:23,454 - ida_adapter - INFO - 所有脚本执行完成
2025-12-17 21:06:23,454 - ida_adapter - INFO - 处理输出文件...
2025-12-17 21:06:23,455 - ida_adapter - INFO - 分析完成，输出目录: /Users/lovensar/Workspace/ReBind_Demo/ReBind_demo/tmp/liblogxlate_so_idademo
2025-12-17 21:07:33,454 - ida_adapter - INFO - 开始分析文件: /Users/lovensar/Workspace/ReBind_Demo/ReBind_demo/tmp/liblogxlate.so
2025-12-17 21:07:33,454 - ida_adapter - INFO - 准备工作目录: /Users/lovensar/Workspace/ReBind_Demo/ReBind_demo/tmp/liblogxlate_so_idademo
2025-12-17 21:07:33,455 - ida_adapter - INFO - [1/3] 执行脚本: ExtractBinaryInfo_IDA.py
2025-12-17 21:07:35,276 - ida_adapter - INFO - 脚本 ExtractBinaryInfo_IDA.py 执行完成
2025-12-17 21:07:35,276 - ida_adapter - INFO - [2/3] 执行脚本: ExtractDisassembly_IDA.py
2025-12-17 21:07:36,188 - ida_adapter - INFO - 脚本 ExtractDisassembly_IDA.py 执行完成
2025-12-17 21:07:36,188 - ida_adapter - INFO - [3/3] 执行脚本: ExtractPseudocode_IDA.py
2025-12-17 21:07:42,612 - ida_adapter - INFO - 脚本 ExtractPseudocode_IDA.py 执行完成
2025-12-17 21:07:42,613 - ida_adapter - INFO - 所有脚本执行完成
2025-12-17 21:07:42,613 - ida_adapter - INFO - 处理输出文件...
2025-12-17 21:07:42,613 - ida_adapter - INFO - 分析完成，输出目录: /Users/lovensar/Workspace/ReBind_Demo/ReBind_demo/tmp/liblogxlate_so_idademo
2025-12-17 21:30:42,433 - ida_adapter - INFO - 开始分析文件: /Users/lovensar/Workspace/ReBind_Demo/ReBind_demo/tmp/liblogxlate.so
2025-12-17 21:30:42,433 - ida_adapter - INFO - 准备工作目录: /Users/lovensar/Workspace/ReBind_Demo/ReBind_demo/tmp/liblogxlate_so_idademo
2025-12-17 21:30:42,435 - ida_adapter - INFO - [1/3] 执行脚本: ExtractBinaryInfo_IDA.py
2025-12-17 21:30:44,280 - ida_adapter - INFO - 脚本 ExtractBinaryInfo_IDA.py 执行完成
2025-12-17 21:30:44,280 - ida_adapter - INFO - [2/3] 执行脚本: ExtractDisassembly_IDA.py
2025-12-17 21:30:45,196 - ida_adapter - INFO - 脚本 ExtractDisassembly_IDA.py 执行完成
2025-12-17 21:30:45,197 - ida_adapter - INFO - [3/3] 执行脚本: ExtractPseudocode_IDA.py
2025-12-17 21:30:51,515 - ida_adapter - INFO - 脚本 ExtractPseudocode_IDA.py 执行完成
2025-12-17 21:30:51,515 - ida_adapter - INFO - 所有脚本执行完成
2025-12-17 21:30:51,516 - ida_adapter - INFO - 处理输出文件...
2025-12-17 21:30:51,516 - ida_adapter - INFO - 分析完成，输出目录: /Users/lovensar/Workspace/ReBind_Demo/ReBind_demo/tmp/liblogxlate_so_idademo
2025-12-17 21:33:26,497 - ida_adapter - INFO - 开始分析文件: /Users/lovensar/Workspace/ReBind_Demo/ReBind_demo/tmp/liblogxlate.so
2025-12-17 21:33:26,497 - ida_adapter - INFO - 准备工作目录: /Users/lovensar/Workspace/ReBind_Demo/ReBind_demo/tmp/liblogxlate_so_idademo
2025-12-17 21:33:26,499 - ida_adapter - INFO - [1/3] 执行脚本: ExtractBinaryInfo_IDA.py
2025-12-17 21:33:27,533 - ida_adapter - INFO - 脚本 ExtractBinaryInfo_IDA.py 执行完成
2025-12-17 21:33:27,533 - ida_adapter - INFO - [2/3] 执行脚本: ExtractDisassembly_IDA.py
2025-12-17 21:33:28,452 - ida_adapter - INFO - 脚本 ExtractDisassembly_IDA.py 执行完成
2025-12-17 21:33:28,453 - ida_adapter - INFO - [3/3] 执行脚本: ExtractPseudocode_IDA.py
2025-12-17 21:33:34,605 - ida_adapter - INFO - 脚本 ExtractPseudocode_IDA.py 执行完成
2025-12-17 21:33:34,605 - ida_adapter - INFO - 所有脚本执行完成
2025-12-17 21:33:34,606 - ida_adapter - INFO - 处理输出文件...
2025-12-17 21:33:34,606 - ida_adapter - INFO - 分析完成，输出目录: /Users/lovensar/Workspace/ReBind_Demo/ReBind_demo/tmp/liblogxlate_so_idademo
2025-12-17 21:39:21,821 - ida_adapter - INFO - 开始分析文件: /Users/lovensar/Workspace/ReBind_Demo/ReBind_demo/tmp/liblogxlate.so
2025-12-17 21:39:21,821 - ida_adapter - INFO - 准备工作目录: /Users/lovensar/Workspace/ReBind_Demo/ReBind_demo/tmp/liblogxlate_so_idademo
2025-12-17 21:39:21,822 - ida_adapter - INFO - [1/3] 执行脚本: ExtractBinaryInfo_IDA.py
2025-12-17 21:39:22,865 - ida_adapter - INFO - 脚本 ExtractBinaryInfo_IDA.py 执行完成
2025-12-17 21:39:22,865 - ida_adapter - INFO - [2/3] 执行脚本: ExtractDisassembly_IDA.py
2025-12-17 21:39:23,773 - ida_adapter - INFO - 脚本 ExtractDisassembly_IDA.py 执行完成
2025-12-17 21:39:23,774 - ida_adapter - INFO - [3/3] 执行脚本: ExtractPseudocode_IDA.py
2025-12-17 21:39:29,908 - ida_adapter - INFO - 脚本 ExtractPseudocode_IDA.py 执行完成
2025-12-17 21:39:29,908 - ida_adapter - INFO - 所有脚本执行完成
2025-12-17 21:39:29,908 - ida_adapter - INFO - 处理输出文件...
2025-12-17 21:39:29,909 - ida_adapter - INFO - 分析完成，输出目录: /Users/lovensar/Workspace/ReBind_Demo/ReBind_demo/tmp/liblogxlate_so_idademo
2025-12-17 21:41:06,639 - ida_adapter - INFO - 开始分析文件: /Users/lovensar/Workspace/ReBind_Demo/ReBind_demo/tmp/liblogxlate.so
2025-12-17 21:41:06,639 - ida_adapter - INFO - 准备工作目录: /Users/lovensar/Workspace/ReBind_Demo/ReBind_demo/tmp/liblogxlate_so_idademo
2025-12-17 21:41:06,641 - ida_adapter - INFO - [1/3] 执行脚本: ExtractBinaryInfo_IDA.py
2025-12-17 21:41:08,788 - ida_adapter - INFO - 脚本 ExtractBinaryInfo_IDA.py 执行完成
2025-12-17 21:41:08,788 - ida_adapter - INFO - [2/3] 执行脚本: ExtractDisassembly_IDA.py
2025-12-17 21:41:09,673 - ida_adapter - INFO - 脚本 ExtractDisassembly_IDA.py 执行完成
2025-12-17 21:41:09,673 - ida_adapter - INFO - [3/3] 执行脚本: ExtractPseudocode_IDA.py
2025-12-17 21:41:15,926 - ida_adapter - INFO - 脚本 ExtractPseudocode_IDA.py 执行完成
2025-12-17 21:41:15,926 - ida_adapter - INFO - 所有脚本执行完成
2025-12-17 21:41:15,926 - ida_adapter - INFO - 处理输出文件...
2025-12-17 21:41:15,926 - ida_adapter - INFO - 分析完成，输出目录: /Users/lovensar/Workspace/ReBind_Demo/ReBind_demo/tmp/liblogxlate_so_idademo
2025-12-17 21:49:26,716 - ida_adapter - INFO - 开始分析文件: /Users/lovensar/Workspace/ReBind_Demo/ReBind_demo/tmp/liblogxlate.so
2025-12-17 21:49:26,716 - ida_adapter - INFO - 准备工作目录: /Users/lovensar/Workspace/ReBind_Demo/ReBind_demo/tmp/liblogxlate_so_idademo
2025-12-17 21:49:26,717 - ida_adapter - INFO - [1/3] 执行脚本: ExtractBinaryInfo_IDA.py
2025-12-17 21:49:27,778 - ida_adapter - INFO - 脚本 ExtractBinaryInfo_IDA.py 执行完成
2025-12-17 21:49:27,778 - ida_adapter - INFO - [2/3] 执行脚本: ExtractDisassembly_IDA.py
2025-12-17 21:49:28,726 - ida_adapter - INFO - 脚本 ExtractDisassembly_IDA.py 执行完成
2025-12-17 21:49:28,727 - ida_adapter - INFO - [3/3] 执行脚本: ExtractPseudocode_IDA.py
2025-12-17 21:49:34,985 - ida_adapter - INFO - 脚本 ExtractPseudocode_IDA.py 执行完成
2025-12-17 21:49:34,985 - ida_adapter - INFO - 所有脚本执行完成
2025-12-17 21:49:34,986 - ida_adapter - INFO - 处理输出文件...
2025-12-17 21:49:34,986 - ida_adapter - INFO - 分析完成，输出目录: /Users/lovensar/Workspace/ReBind_Demo/ReBind_demo/tmp/liblogxlate_so_idademo
2025-12-17 21:50:22,731 - ida_adapter - INFO - 开始分析文件: /Users/lovensar/Workspace/ReBind_Demo/ReBind_demo/tmp/liblogxlate.so
2025-12-17 21:50:22,732 - ida_adapter - INFO - 准备工作目录: /Users/lovensar/Workspace/ReBind_Demo/ReBind_demo/tmp/liblogxlate_so_idademo
2025-12-17 21:50:22,733 - ida_adapter - INFO - [1/3] 执行脚本: ExtractBinaryInfo_IDA.py
2025-12-17 21:50:24,595 - ida_adapter - INFO - 脚本 ExtractBinaryInfo_IDA.py 执行完成
2025-12-17 21:50:24,595 - ida_adapter - INFO - [2/3] 执行脚本: ExtractDisassembly_IDA.py
2025-12-17 21:50:25,563 - ida_adapter - INFO - 脚本 ExtractDisassembly_IDA.py 执行完成
2025-12-17 21:50:25,563 - ida_adapter - INFO - [3/3] 执行脚本: ExtractPseudocode_IDA.py
2025-12-17 21:50:32,083 - ida_adapter - INFO - 脚本 ExtractPseudocode_IDA.py 执行完成
2025-12-17 21:50:32,083 - ida_adapter - INFO - 所有脚本执行完成
2025-12-17 21:50:32,083 - ida_adapter - INFO - 处理输出文件...
2025-12-17 21:50:32,084 - ida_adapter - INFO - 分析完成，输出目录: /Users/lovensar/Workspace/ReBind_Demo/ReBind_demo/tmp/liblogxlate_so_idademo
2025-12-17 21:51:17,717 - ida_adapter - INFO - 开始分析文件: /Users/lovensar/Workspace/ReBind_Demo/ReBind_demo/tmp/liblogxlate.so
2025-12-17 21:51:17,717 - ida_adapter - INFO - 准备工作目录: /Users/lovensar/Workspace/ReBind_Demo/ReBind_demo/tmp/liblogxlate_so_idademo
2025-12-17 21:51:17,718 - ida_adapter - INFO - [1/3] 执行脚本: ExtractBinaryInfo_IDA.py
2025-12-17 21:51:19,582 - ida_adapter - INFO - 脚本 ExtractBinaryInfo_IDA.py 执行完成
2025-12-17 21:51:19,583 - ida_adapter - INFO - [2/3] 执行脚本: ExtractDisassembly_IDA.py
2025-12-17 21:51:20,583 - ida_adapter - INFO - 脚本 ExtractDisassembly_IDA.py 执行完成
2025-12-17 21:51:20,583 - ida_adapter - INFO - [3/3] 执行脚本: ExtractPseudocode_IDA.py
2025-12-17 21:51:26,900 - ida_adapter - INFO - 脚本 ExtractPseudocode_IDA.py 执行完成
2025-12-17 21:51:26,900 - ida_adapter - INFO - 所有脚本执行完成
2025-12-17 21:51:26,901 - ida_adapter - INFO - 处理输出文件...
2025-12-17 21:51:26,901 - ida_adapter - INFO - 分析完成，输出目录: /Users/lovensar/Workspace/ReBind_Demo/ReBind_demo/tmp/liblogxlate_so_idademo
2025-12-17 21:52:19,195 - ida_adapter - INFO - 开始分析文件: /Users/lovensar/Workspace/ReBind_Demo/ReBind_demo/tmp/liblogxlate.so
2025-12-17 21:52:19,195 - ida_adapter - INFO - 准备工作目录: /Users/lovensar/Workspace/ReBind_Demo/ReBind_demo/tmp/liblogxlate_so_idademo
2025-12-17 21:52:19,196 - ida_adapter - INFO - [1/3] 执行脚本: ExtractBinaryInfo_IDA.py
2025-12-17 21:52:21,018 - ida_adapter - INFO - 脚本 ExtractBinaryInfo_IDA.py 执行完成
2025-12-17 21:52:21,018 - ida_adapter - INFO - [2/3] 执行脚本: ExtractDisassembly_IDA.py
2025-12-17 21:52:21,974 - ida_adapter - INFO - 脚本 ExtractDisassembly_IDA.py 执行完成
2025-12-17 21:52:21,974 - ida_adapter - INFO - [3/3] 执行脚本: ExtractPseudocode_IDA.py
2025-12-17 21:52:28,389 - ida_adapter - INFO - 脚本 ExtractPseudocode_IDA.py 执行完成
2025-12-17 21:52:28,389 - ida_adapter - INFO - 所有脚本执行完成
2025-12-17 21:52:28,389 - ida_adapter - INFO - 处理输出文件...
2025-12-17 21:52:28,390 - ida_adapter - INFO - 分析完成，输出目录: /Users/lovensar/Workspace/ReBind_Demo/ReBind_demo/tmp/liblogxlate_so_idademo
2025-12-17 21:57:06,485 - ida_adapter - INFO - 开始分析文件: /Users/lovensar/Workspace/ReBind_Demo/ReBind_demo/tmp/liblogxlate.so
2025-12-17 21:57:06,485 - ida_adapter - INFO - 准备工作目录: /Users/lovensar/Workspace/ReBind_Demo/ReBind_demo/tmp/liblogxlate_so_idademo
2025-12-17 21:57:06,486 - ida_adapter - INFO - [1/3] 执行脚本: ExtractBinaryInfo_IDA.py
2025-12-17 21:57:07,514 - ida_adapter - INFO - 脚本 ExtractBinaryInfo_IDA.py 执行完成
2025-12-17 21:57:07,515 - ida_adapter - INFO - [2/3] 执行脚本: ExtractDisassembly_IDA.py
2025-12-17 21:57:08,500 - ida_adapter - INFO - 脚本 ExtractDisassembly_IDA.py 执行完成
2025-12-17 21:57:08,500 - ida_adapter - INFO - [3/3] 执行脚本: ExtractPseudocode_IDA.py
2025-12-17 21:57:14,537 - ida_adapter - INFO - 脚本 ExtractPseudocode_IDA.py 执行完成
2025-12-17 21:57:14,537 - ida_adapter - INFO - 所有脚本执行完成
2025-12-17 21:57:14,537 - ida_adapter - INFO - 处理输出文件...
2025-12-17 21:57:14,537 - ida_adapter - INFO - 分析完成，输出目录: /Users/lovensar/Workspace/ReBind_Demo/ReBind_demo/tmp/liblogxlate_so_idademo
2025-12-17 22:27:27,967 - ida_adapter - INFO - 开始分析文件: /Users/lovensar/Workspace/ReBind_Demo/ReBind_demo/tmp/liblogxlate.so
2025-12-17 22:27:27,967 - ida_adapter - INFO - 准备工作目录: /Users/lovensar/Workspace/ReBind_Demo/ReBind_demo/tmp/liblogxlate_so_idademo
2025-12-17 22:27:27,969 - ida_adapter - INFO - [1/3] 执行脚本: ExtractBinaryInfo_IDA.py
2025-12-17 22:27:30,014 - ida_adapter - INFO - 脚本 ExtractBinaryInfo_IDA.py 执行完成
2025-12-17 22:27:30,015 - ida_adapter - INFO - [2/3] 执行脚本: ExtractDisassembly_IDA.py
2025-12-17 22:27:31,063 - ida_adapter - INFO - 脚本 ExtractDisassembly_IDA.py 执行完成
2025-12-17 22:27:31,063 - ida_adapter - INFO - [3/3] 执行脚本: ExtractPseudocode_IDA.py
2025-12-17 22:27:37,796 - ida_adapter - INFO - 脚本 ExtractPseudocode_IDA.py 执行完成
2025-12-17 22:27:37,796 - ida_adapter - INFO - 所有脚本执行完成
2025-12-17 22:27:37,797 - ida_adapter - INFO - 处理输出文件...
2025-12-17 22:27:37,797 - ida_adapter - INFO - 分析完成，输出目录: /Users/lovensar/Workspace/ReBind_Demo/ReBind_demo/tmp/liblogxlate_so_idademo
2025-12-18 00:42:40,259 - ida_adapter - INFO - 开始分析文件: /Users/lovensar/Workspace/ReBind_Demo/ReBind_demo/tmp/liblogxlate.so
2025-12-18 00:42:40,259 - ida_adapter - INFO - 准备工作目录: /Users/lovensar/Workspace/ReBind_Demo/ReBind_demo/tmp/liblogxlate_so_idademo
2025-12-18 00:42:40,260 - ida_adapter - INFO - [1/3] 执行脚本: ExtractBinaryInfo_IDA.py
2025-12-18 00:42:42,071 - ida_adapter - INFO - 脚本 ExtractBinaryInfo_IDA.py 执行完成
2025-12-18 00:42:42,071 - ida_adapter - INFO - [2/3] 执行脚本: ExtractDisassembly_IDA.py
2025-12-18 00:42:42,983 - ida_adapter - INFO - 脚本 ExtractDisassembly_IDA.py 执行完成
2025-12-18 00:42:42,983 - ida_adapter - INFO - [3/3] 执行脚本: ExtractPseudocode_IDA.py
2025-12-18 00:42:49,613 - ida_adapter - INFO - 脚本 ExtractPseudocode_IDA.py 执行完成
2025-12-18 00:42:49,613 - ida_adapter - INFO - 所有脚本执行完成
2025-12-18 00:42:49,614 - ida_adapter - INFO - 处理输出文件...
2025-12-18 00:42:49,614 - ida_adapter - INFO - 分析完成，输出目录: /Users/lovensar/Workspace/ReBind_Demo/ReBind_demo/tmp/liblogxlate_so_idademo
2025-12-18 11:39:27,039 - ida_adapter - INFO - 开始分析文件: E:\WorkSpace\ReBind_demo\tmp\_top\VisiONiNdE.exe
2025-12-18 11:39:27,040 - ida_adapter - INFO - 准备工作目录: E:\WorkSpace\ReBind_demo\tmp\_top\VisiONiNdE_exe_idademo
2025-12-18 11:39:27,046 - ida_adapter - INFO - [1/3] 执行脚本: ExtractBinaryInfo_IDA.py
2025-12-18 11:39:29,296 - ida_adapter - INFO - 脚本 ExtractBinaryInfo_IDA.py 执行完成
2025-12-18 11:39:29,296 - ida_adapter - INFO - [2/3] 执行脚本: ExtractDisassembly_IDA.py
2025-12-18 17:50:44,792 - ida_adapter - INFO - 开始分析文件: E:\WorkSpace\ReBind_demo\tmp\_top\VisiONiNdE.exe
2025-12-18 17:50:44,792 - ida_adapter - INFO - 准备工作目录: E:\WorkSpace\ReBind_demo\tmp\_top\VisiONiNdE_exe_idademo
2025-12-18 17:50:44,798 - ida_adapter - INFO - [1/3] 执行脚本: ExtractBinaryInfo_IDA.py
2025-12-18 17:50:47,521 - ida_adapter - INFO - 脚本 ExtractBinaryInfo_IDA.py 执行完成
2025-12-18 17:50:47,521 - ida_adapter - INFO - [2/3] 执行脚本: ExtractDisassembly_IDA.py
2025-12-18 17:50:49,917 - ida_adapter - INFO - 脚本 ExtractDisassembly_IDA.py 执行完成
2025-12-18 17:50:49,918 - ida_adapter - INFO - [3/3] 执行脚本: ExtractPseudocode_IDA.py
2025-12-18 17:50:56,198 - ida_adapter - INFO - 脚本 ExtractPseudocode_IDA.py 执行完成
2025-12-18 17:50:56,198 - ida_adapter - INFO - 所有脚本执行完成
2025-12-18 17:50:56,199 - ida_adapter - INFO - 处理输出文件...
2025-12-18 17:50:56,201 - ida_adapter - INFO - 分析完成，输出目录: E:\WorkSpace\ReBind_demo\tmp\_top\VisiONiNdE_exe_idademo
2025-12-18 19:05:06,241 - ida_adapter - INFO - 开始分析文件: E:\WorkSpace\ReBind_demo\tmp\_top\VisiONiNdE.exe
2025-12-18 19:05:06,242 - ida_adapter - INFO - 准备工作目录: E:\WorkSpace\ReBind_demo\tmp\_top\VisiONiNdE_exe_idademo
2025-12-18 19:05:06,248 - ida_adapter - INFO - [1/3] 执行脚本: ExtractBinaryInfo_IDA.py
2025-12-18 19:05:08,569 - ida_adapter - INFO - 脚本 ExtractBinaryInfo_IDA.py 执行完成
2025-12-18 19:05:08,570 - ida_adapter - INFO - [2/3] 执行脚本: ExtractDisassembly_IDA.py
2025-12-18 19:05:10,890 - ida_adapter - INFO - 脚本 ExtractDisassembly_IDA.py 执行完成
2025-12-18 19:05:10,890 - ida_adapter - INFO - [3/3] 执行脚本: ExtractPseudocode_IDA.py
2025-12-18 19:05:21,452 - ida_adapter - INFO - 开始分析文件: E:\WorkSpace\ReBind_demo\tmp\_top\VisiONiNdE.exe
2025-12-18 19:05:21,453 - ida_adapter - INFO - 准备工作目录: E:\WorkSpace\ReBind_demo\tmp\_top\VisiONiNdE_exe_idademo
2025-12-18 19:05:21,458 - ida_adapter - INFO - [1/3] 执行脚本: ExtractBinaryInfo_IDA.py
2025-12-18 19:05:23,543 - ida_adapter - INFO - 脚本 ExtractBinaryInfo_IDA.py 执行完成
2025-12-18 19:05:23,545 - ida_adapter - INFO - [2/3] 执行脚本: ExtractDisassembly_IDA.py
2025-12-18 19:05:25,851 - ida_adapter - INFO - 脚本 ExtractDisassembly_IDA.py 执行完成
2025-12-18 19:05:25,851 - ida_adapter - INFO - [3/3] 执行脚本: ExtractPseudocode_IDA.py
2025-12-18 19:08:17,748 - ida_adapter - INFO - 开始分析文件: E:\WorkSpace\ReBind_demo\tmp\_top\VisiONiNdE.exe
2025-12-18 19:08:17,749 - ida_adapter - INFO - 准备工作目录: E:\WorkSpace\ReBind_demo\tmp\_top\VisiONiNdE_exe_idademo
2025-12-18 19:08:17,755 - ida_adapter - INFO - [1/3] 执行脚本: ExtractBinaryInfo_IDA.py
2025-12-18 19:08:19,859 - ida_adapter - INFO - 脚本 ExtractBinaryInfo_IDA.py 执行完成
2025-12-18 19:08:19,860 - ida_adapter - INFO - [2/3] 执行脚本: ExtractDisassembly_IDA.py
2025-12-18 19:08:22,171 - ida_adapter - INFO - 脚本 ExtractDisassembly_IDA.py 执行完成
2025-12-18 19:08:22,171 - ida_adapter - INFO - [3/3] 执行脚本: ExtractPseudocode_IDA.py
2025-12-18 19:08:28,130 - ida_adapter - INFO - 脚本 ExtractPseudocode_IDA.py 执行完成
2025-12-18 19:08:28,130 - ida_adapter - INFO - 所有脚本执行完成
2025-12-18 19:08:28,131 - ida_adapter - INFO - 处理输出文件...
2025-12-18 19:08:28,132 - ida_adapter - INFO - 分析完成，输出目录: E:\WorkSpace\ReBind_demo\tmp\_top\VisiONiNdE_exe_idademo
2025-12-18 20:06:59,963 - ida_adapter - INFO - 开始分析文件: E:\WorkSpace\ReBind_demo\tmp\_top\VisiONiNdE.exe
2025-12-18 20:06:59,964 - ida_adapter - INFO - 准备工作目录: E:\WorkSpace\ReBind_demo\tmp\_top\VisiONiNdE_exe_idademo
2025-12-18 20:06:59,972 - ida_adapter - INFO - [1/3] 执行脚本: ExtractBinaryInfo_IDA.py
2025-12-18 20:07:02,900 - ida_adapter - INFO - 脚本 ExtractBinaryInfo_IDA.py 执行完成
2025-12-18 20:07:02,900 - ida_adapter - INFO - [2/3] 执行脚本: ExtractDisassembly_IDA.py
2025-12-18 20:07:05,796 - ida_adapter - INFO - 脚本 ExtractDisassembly_IDA.py 执行完成
2025-12-18 20:07:05,796 - ida_adapter - INFO - [3/3] 执行脚本: ExtractPseudocode_IDA.py
2025-12-18 20:07:13,753 - ida_adapter - INFO - 脚本 ExtractPseudocode_IDA.py 执行完成
2025-12-18 20:07:13,753 - ida_adapter - INFO - 所有脚本执行完成
2025-12-18 20:07:13,754 - ida_adapter - INFO - 处理输出文件...
2025-12-18 20:07:13,756 - ida_adapter - INFO - 分析完成，输出目录: E:\WorkSpace\ReBind_demo\tmp\_top\VisiONiNdE_exe_idademo
2025-12-18 21:49:54,855 - ida_adapter - INFO - 开始分析文件: E:\WorkSpace\ReBind_demo\tmp\_top\VisiONiNdE.exe
2025-12-18 21:49:54,856 - ida_adapter - INFO - 准备工作目录: E:\WorkSpace\ReBind_demo\tmp\_top\VisiONiNdE_exe_idademo
2025-12-18 21:49:54,864 - ida_adapter - INFO - [1/3] 执行脚本: ExtractBinaryInfo_IDA.py
2025-12-18 21:49:56,604 - ida_adapter - WARNING - 脚本 ExtractBinaryInfo_IDA.py 执行失败，返回码: 2
2025-12-18 21:49:56,605 - ida_adapter - WARNING - 标准错误: 
2025-12-18 21:49:56,605 - ida_adapter - INFO - [2/3] 执行脚本: ExtractDisassembly_IDA.py
2025-12-18 21:49:57,774 - ida_adapter - WARNING - 脚本 ExtractDisassembly_IDA.py 执行失败，返回码: 2
2025-12-18 21:49:57,774 - ida_adapter - WARNING - 标准错误: 
2025-12-18 21:49:57,774 - ida_adapter - INFO - [3/3] 执行脚本: ExtractPseudocode_IDA.py
2025-12-18 21:49:58,889 - ida_adapter - WARNING - 脚本 ExtractPseudocode_IDA.py 执行失败，返回码: 2
2025-12-18 21:49:58,889 - ida_adapter - WARNING - 标准错误: 
2025-12-18 21:49:58,889 - ida_adapter - INFO - 所有脚本执行完成
2025-12-18 21:49:58,891 - ida_adapter - INFO - 处理输出文件...
2025-12-18 21:49:58,893 - ida_adapter - INFO - 分析完成，输出目录: E:\WorkSpace\ReBind_demo\tmp\_top\VisiONiNdE_exe_idademo
2025-12-18 22:16:15,483 - ida_adapter - INFO - 开始分析文件: E:\WorkSpace\ReBind_demo\tmp\_top\VisiONiNdE.exe
2025-12-18 22:16:15,485 - ida_adapter - INFO - 准备工作目录: E:\WorkSpace\ReBind_demo\tmp\_top\VisiONiNdE_exe_idademo
2025-12-18 22:16:15,491 - ida_adapter - INFO - [1/3] 执行脚本: ExtractBinaryInfo_IDA.py
2025-12-18 22:16:19,024 - ida_adapter - INFO - 脚本 ExtractBinaryInfo_IDA.py 执行完成
2025-12-18 22:16:19,024 - ida_adapter - INFO - [2/3] 执行脚本: ExtractDisassembly_IDA.py
2025-12-18 22:16:22,257 - ida_adapter - INFO - 脚本 ExtractDisassembly_IDA.py 执行完成
2025-12-18 22:16:22,257 - ida_adapter - INFO - [3/3] 执行脚本: ExtractPseudocode_IDA.py
2025-12-18 22:16:30,473 - ida_adapter - INFO - 脚本 ExtractPseudocode_IDA.py 执行完成
2025-12-18 22:16:30,474 - ida_adapter - INFO - 所有脚本执行完成
2025-12-18 22:16:30,474 - ida_adapter - INFO - 处理输出文件...
2025-12-18 22:16:30,478 - ida_adapter - INFO - 分析完成，输出目录: E:\WorkSpace\ReBind_demo\tmp\_top\VisiONiNdE_exe_idademo
2025-12-19 22:29:50,486 - ida_adapter - INFO - 开始分析文件: E:\WorkSpace\ReBind_demo\tmp\_top\VisiONiNdE.exe
2025-12-19 22:29:50,502 - ida_adapter - INFO - 准备工作目录: E:\WorkSpace\ReBind_demo\tmp\_top\VisiONiNdE_exe_idademo
2025-12-19 22:29:50,510 - ida_adapter - INFO - [1/3] 执行脚本: ExtractBinaryInfo_IDA.py
2025-12-19 22:29:53,203 - ida_adapter - INFO - 脚本 ExtractBinaryInfo_IDA.py 执行完成
2025-12-19 22:29:53,203 - ida_adapter - INFO - [2/3] 执行脚本: ExtractDisassembly_IDA.py
2025-12-19 22:29:55,464 - ida_adapter - INFO - 脚本 ExtractDisassembly_IDA.py 执行完成
2025-12-19 22:29:55,464 - ida_adapter - INFO - [3/3] 执行脚本: ExtractPseudocode_IDA.py
2025-12-19 22:30:01,289 - ida_adapter - INFO - 脚本 ExtractPseudocode_IDA.py 执行完成
2025-12-19 22:30:01,289 - ida_adapter - INFO - 所有脚本执行完成
2025-12-19 22:30:01,291 - ida_adapter - INFO - 处理输出文件...
2025-12-19 22:30:01,292 - ida_adapter - INFO - 分析完成，输出目录: E:\WorkSpace\ReBind_demo\tmp\_top\VisiONiNdE_exe_idademo
2025-12-19 22:31:45,211 - ida_adapter - INFO - 开始分析文件: E:\WorkSpace\ReBind_demo\tmp\_top\VisiONiNdE.exe
2025-12-19 22:31:45,211 - ida_adapter - INFO - 准备工作目录: E:\WorkSpace\ReBind_demo\tmp\_top\VisiONiNdE_exe_idademo
2025-12-19 22:31:45,217 - ida_adapter - INFO - [1/3] 执行脚本: ExtractBinaryInfo_IDA.py
2025-12-19 22:31:47,290 - ida_adapter - INFO - 脚本 ExtractBinaryInfo_IDA.py 执行完成
2025-12-19 22:31:47,290 - ida_adapter - INFO - [2/3] 执行脚本: ExtractDisassembly_IDA.py
2025-12-19 22:31:49,545 - ida_adapter - INFO - 脚本 ExtractDisassembly_IDA.py 执行完成
2025-12-19 22:31:49,545 - ida_adapter - INFO - [3/3] 执行脚本: ExtractPseudocode_IDA.py
2025-12-19 22:31:55,350 - ida_adapter - INFO - 脚本 ExtractPseudocode_IDA.py 执行完成
2025-12-19 22:31:55,350 - ida_adapter - INFO - 所有脚本执行完成
2025-12-19 22:31:55,351 - ida_adapter - INFO - 处理输出文件...
2025-12-19 22:31:55,353 - ida_adapter - INFO - 分析完成，输出目录: E:\WorkSpace\ReBind_demo\tmp\_top\VisiONiNdE_exe_idademo
2025-12-20 11:03:00,049 - ida_adapter - INFO - 开始分析文件: E:\WorkSpace\ReBind_demo\tmp\firebox_re\liblogxlate.so
2025-12-20 11:03:00,050 - ida_adapter - INFO - 准备工作目录: E:\WorkSpace\ReBind_demo\tmp\firebox_re\liblogxlate_so_idademo
2025-12-20 11:03:00,056 - ida_adapter - INFO - [1/3] 执行脚本: ExtractBinaryInfo_IDA.py
2025-12-20 11:03:02,892 - ida_adapter - INFO - 脚本 ExtractBinaryInfo_IDA.py 执行完成
2025-12-20 11:03:02,892 - ida_adapter - INFO - [2/3] 执行脚本: ExtractDisassembly_IDA.py
2025-12-20 11:03:05,336 - ida_adapter - INFO - 脚本 ExtractDisassembly_IDA.py 执行完成
2025-12-20 11:03:05,336 - ida_adapter - INFO - [3/3] 执行脚本: ExtractPseudocode_IDA.py
2025-12-20 11:03:14,707 - ida_adapter - INFO - 脚本 ExtractPseudocode_IDA.py 执行完成
2025-12-20 11:03:14,707 - ida_adapter - INFO - 所有脚本执行完成
2025-12-20 11:03:14,707 - ida_adapter - INFO - 处理输出文件...
2025-12-20 11:03:14,709 - ida_adapter - INFO - 分析完成，输出目录: E:\WorkSpace\ReBind_demo\tmp\firebox_re\liblogxlate_so_idademo
2025-12-20 11:51:45,567 - ida_adapter - INFO - 开始分析文件: E:\WorkSpace\ReBind_demo\tmp\firebox_re\liblogxlate.so
2025-12-20 11:51:45,567 - ida_adapter - INFO - 准备工作目录: E:\WorkSpace\ReBind_demo\tmp\firebox_re\liblogxlate_so_idademo
2025-12-20 11:51:45,589 - ida_adapter - INFO - [1/3] 执行脚本: ExtractBinaryInfo_IDA.py
2025-12-20 11:51:48,340 - ida_adapter - INFO - 脚本 ExtractBinaryInfo_IDA.py 执行完成
2025-12-20 11:51:48,341 - ida_adapter - INFO - [2/3] 执行脚本: ExtractDisassembly_IDA.py
2025-12-20 11:51:50,767 - ida_adapter - INFO - 脚本 ExtractDisassembly_IDA.py 执行完成
2025-12-20 11:51:50,767 - ida_adapter - INFO - [3/3] 执行脚本: ExtractPseudocode_IDA.py
2025-12-20 11:52:00,093 - ida_adapter - INFO - 脚本 ExtractPseudocode_IDA.py 执行完成
2025-12-20 11:52:00,093 - ida_adapter - INFO - 所有脚本执行完成
2025-12-20 11:52:00,093 - ida_adapter - INFO - 处理输出文件...
2025-12-20 11:52:00,095 - ida_adapter - INFO - 分析完成，输出目录: E:\WorkSpace\ReBind_demo\tmp\firebox_re\liblogxlate_so_idademo
2025-12-20 11:58:39,426 - ida_adapter - INFO - 开始分析文件: E:\WorkSpace\ReBind_demo\tmp\firebox_re\liblogxlate.so
2025-12-20 11:58:39,427 - ida_adapter - INFO - 准备工作目录: E:\WorkSpace\ReBind_demo\tmp\firebox_re\liblogxlate_so_idademo
2025-12-20 11:58:39,437 - ida_adapter - INFO - [1/3] 执行脚本: ExtractBinaryInfo_IDA.py
2025-12-20 11:58:43,261 - ida_adapter - INFO - 脚本 ExtractBinaryInfo_IDA.py 执行完成
2025-12-20 11:58:43,261 - ida_adapter - INFO - [2/3] 执行脚本: ExtractDisassembly_IDA.py
2025-12-20 11:58:46,220 - ida_adapter - INFO - 脚本 ExtractDisassembly_IDA.py 执行完成
2025-12-20 11:58:46,220 - ida_adapter - INFO - [3/3] 执行脚本: ExtractPseudocode_IDA.py
2025-12-20 11:58:57,553 - ida_adapter - INFO - 脚本 ExtractPseudocode_IDA.py 执行完成
2025-12-20 11:58:57,553 - ida_adapter - INFO - 所有脚本执行完成
2025-12-20 11:58:57,554 - ida_adapter - INFO - 处理输出文件...
2025-12-20 11:58:57,556 - ida_adapter - INFO - 分析完成，输出目录: E:\WorkSpace\ReBind_demo\tmp\firebox_re\liblogxlate_so_idademo
2025-12-20 12:53:32,596 - ida_adapter - INFO - 开始分析文件: E:\WorkSpace\ReBind_demo\tmp\firebox_re\liblogxlate.so
2025-12-20 12:53:32,598 - ida_adapter - INFO - 准备工作目录: E:\WorkSpace\ReBind_demo\tmp\firebox_re\liblogxlate_so_idademo
2025-12-20 12:53:32,605 - ida_adapter - INFO - [1/3] 执行脚本: ExtractBinaryInfo_IDA.py
2025-12-20 12:53:36,777 - ida_adapter - INFO - 脚本 ExtractBinaryInfo_IDA.py 执行完成
2025-12-20 12:53:36,777 - ida_adapter - INFO - [2/3] 执行脚本: ExtractDisassembly_IDA.py
2025-12-20 12:53:40,056 - ida_adapter - INFO - 脚本 ExtractDisassembly_IDA.py 执行完成
2025-12-20 12:53:40,056 - ida_adapter - INFO - [3/3] 执行脚本: ExtractPseudocode_IDA.py
2025-12-20 12:53:52,439 - ida_adapter - INFO - 脚本 ExtractPseudocode_IDA.py 执行完成
2025-12-20 12:53:52,439 - ida_adapter - INFO - 所有脚本执行完成
2025-12-20 12:53:52,440 - ida_adapter - INFO - 处理输出文件...
2025-12-20 12:53:52,443 - ida_adapter - INFO - 分析完成，输出目录: E:\WorkSpace\ReBind_demo\tmp\firebox_re\liblogxlate_so_idademo
2025-12-20 14:56:04,405 - ida_adapter - INFO - 开始分析文件: E:\WorkSpace\ReBind_demo\tmp\firebox_re\liblogxlate.so
2025-12-20 14:56:04,406 - ida_adapter - INFO - 准备工作目录: E:\WorkSpace\ReBind_demo\tmp\firebox_re\liblogxlate_so_idademo
2025-12-20 14:56:04,411 - ida_adapter - INFO - [1/3] 执行脚本: ExtractBinaryInfo_IDA.py
2025-12-20 14:56:07,556 - ida_adapter - INFO - 脚本 ExtractBinaryInfo_IDA.py 执行完成
2025-12-20 14:56:07,556 - ida_adapter - INFO - [2/3] 执行脚本: ExtractDisassembly_IDA.py
2025-12-20 14:56:10,101 - ida_adapter - INFO - 脚本 ExtractDisassembly_IDA.py 执行完成
2025-12-20 14:56:10,101 - ida_adapter - INFO - [3/3] 执行脚本: ExtractPseudocode_IDA.py
2025-12-20 14:56:19,689 - ida_adapter - INFO - 脚本 ExtractPseudocode_IDA.py 执行完成
2025-12-20 14:56:19,689 - ida_adapter - INFO - 所有脚本执行完成
2025-12-20 14:56:19,690 - ida_adapter - INFO - 处理输出文件...
2025-12-20 14:56:19,691 - ida_adapter - INFO - 分析完成，输出目录: E:\WorkSpace\ReBind_demo\tmp\firebox_re\liblogxlate_so_idademo
2025-12-20 18:18:46,420 - ida_adapter - INFO - 开始分析文件: /Users/lovensar/Workspace/ReBind_Demo/ReBind_demo/tmp/liblogxlate.so
2025-12-20 18:18:46,420 - ida_adapter - INFO - 准备工作目录: /Users/lovensar/Workspace/ReBind_Demo/ReBind_demo/tmp/liblogxlate_so_idademo
2025-12-20 18:18:46,421 - ida_adapter - INFO - [1/3] 执行脚本: ExtractBinaryInfo_IDA.py
2025-12-20 18:18:49,363 - ida_adapter - INFO - 脚本 ExtractBinaryInfo_IDA.py 执行完成
2025-12-20 18:18:49,363 - ida_adapter - INFO - [2/3] 执行脚本: ExtractDisassembly_IDA.py
2025-12-20 18:18:52,009 - ida_adapter - INFO - 脚本 ExtractDisassembly_IDA.py 执行完成
2025-12-20 18:18:52,009 - ida_adapter - INFO - [3/3] 执行脚本: ExtractPseudocode_IDA.py
2025-12-20 18:20:30,427 - ida_adapter - INFO - 开始分析文件: /Users/lovensar/Workspace/ReBind_Demo/ReBind_demo/tmp/liblogxlate.so
2025-12-20 18:20:30,428 - ida_adapter - INFO - 准备工作目录: /Users/lovensar/Workspace/ReBind_Demo/ReBind_demo/tmp/liblogxlate_so_idademo
2025-12-20 18:20:30,430 - ida_adapter - INFO - [1/3] 执行脚本: ExtractBinaryInfo_IDA.py
2025-12-20 18:20:33,140 - ida_adapter - INFO - 脚本 ExtractBinaryInfo_IDA.py 执行完成
2025-12-20 18:20:33,140 - ida_adapter - INFO - [2/3] 执行脚本: ExtractDisassembly_IDA.py
2025-12-20 18:20:35,766 - ida_adapter - INFO - 脚本 ExtractDisassembly_IDA.py 执行完成
2025-12-20 18:20:35,766 - ida_adapter - INFO - [3/3] 执行脚本: ExtractPseudocode_IDA.py
2025-12-20 18:20:47,577 - ida_adapter - INFO - 脚本 ExtractPseudocode_IDA.py 执行完成
2025-12-20 18:20:47,577 - ida_adapter - INFO - 所有脚本执行完成
2025-12-20 18:20:47,578 - ida_adapter - INFO - 处理输出文件...
2025-12-20 18:20:47,578 - ida_adapter - INFO - 分析完成，输出目录: /Users/lovensar/Workspace/ReBind_Demo/ReBind_demo/tmp/liblogxlate_so_idademo
2025-12-20 18:46:36,659 - ida_adapter - INFO - 开始分析文件: /Users/lovensar/Workspace/ReBind_Demo/ReBind_demo/tmp/liblogxlate.so
2025-12-20 18:46:36,659 - ida_adapter - INFO - 准备工作目录: /Users/lovensar/Workspace/ReBind_Demo/ReBind_demo/tmp/liblogxlate_so_idademo
2025-12-20 18:46:36,661 - ida_adapter - INFO - [1/3] 执行脚本: ExtractBinaryInfo_IDA.py
2025-12-20 18:46:39,406 - ida_adapter - INFO - 脚本 ExtractBinaryInfo_IDA.py 执行完成
2025-12-20 18:46:39,406 - ida_adapter - INFO - [2/3] 执行脚本: ExtractDisassembly_IDA.py
2025-12-20 18:46:42,023 - ida_adapter - INFO - 脚本 ExtractDisassembly_IDA.py 执行完成
2025-12-20 18:46:42,023 - ida_adapter - INFO - [3/3] 执行脚本: ExtractPseudocode_IDA.py
2025-12-20 18:46:54,183 - ida_adapter - INFO - 脚本 ExtractPseudocode_IDA.py 执行完成
2025-12-20 18:46:54,183 - ida_adapter - INFO - 所有脚本执行完成
2025-12-20 18:46:54,183 - ida_adapter - INFO - 处理输出文件...
2025-12-20 18:46:54,184 - ida_adapter - INFO - 分析完成，输出目录: /Users/lovensar/Workspace/ReBind_Demo/ReBind_demo/tmp/liblogxlate_so_idademo
2025-12-20 18:58:52,369 - ida_adapter - INFO - 开始分析文件: /Users/lovensar/Workspace/ReBind_Demo/ReBind_demo/tmp/liblogxlate.so
2025-12-20 18:58:52,370 - ida_adapter - INFO - 准备工作目录: /Users/lovensar/Workspace/ReBind_Demo/ReBind_demo/tmp/liblogxlate_so_idademo
2025-12-20 18:58:52,371 - ida_adapter - INFO - [1/3] 执行脚本: ExtractBinaryInfo_IDA.py
2025-12-20 18:58:55,080 - ida_adapter - INFO - 脚本 ExtractBinaryInfo_IDA.py 执行完成
2025-12-20 18:58:55,080 - ida_adapter - INFO - [2/3] 执行脚本: ExtractDisassembly_IDA.py
2025-12-20 18:58:57,756 - ida_adapter - INFO - 脚本 ExtractDisassembly_IDA.py 执行完成
2025-12-20 18:58:57,757 - ida_adapter - INFO - [3/3] 执行脚本: ExtractPseudocode_IDA.py
2025-12-20 18:59:09,861 - ida_adapter - INFO - 脚本 ExtractPseudocode_IDA.py 执行完成
2025-12-20 18:59:09,861 - ida_adapter - INFO - 所有脚本执行完成
2025-12-20 18:59:09,862 - ida_adapter - INFO - 处理输出文件...
2025-12-20 18:59:09,862 - ida_adapter - INFO - 分析完成，输出目录: /Users/lovensar/Workspace/ReBind_Demo/ReBind_demo/tmp/liblogxlate_so_idademo
2025-12-20 19:23:14,207 - ida_adapter - INFO - 开始分析文件: /Users/lovensar/Workspace/ReBind_Demo/ReBind_demo/tmp/liblogxlate.so
2025-12-20 19:23:14,208 - ida_adapter - INFO - 准备工作目录: /Users/lovensar/Workspace/ReBind_Demo/ReBind_demo/tmp/liblogxlate_so_idademo
2025-12-20 19:23:14,210 - ida_adapter - INFO - [1/3] 执行脚本: ExtractBinaryInfo_IDA.py
2025-12-20 19:23:16,888 - ida_adapter - INFO - 脚本 ExtractBinaryInfo_IDA.py 执行完成
2025-12-20 19:23:16,888 - ida_adapter - INFO - [2/3] 执行脚本: ExtractDisassembly_IDA.py
2025-12-20 19:23:19,500 - ida_adapter - INFO - 脚本 ExtractDisassembly_IDA.py 执行完成
2025-12-20 19:23:19,500 - ida_adapter - INFO - [3/3] 执行脚本: ExtractPseudocode_IDA.py
2025-12-20 19:23:31,554 - ida_adapter - INFO - 脚本 ExtractPseudocode_IDA.py 执行完成
2025-12-20 19:23:31,559 - ida_adapter - INFO - 所有脚本执行完成
2025-12-20 19:23:31,562 - ida_adapter - INFO - 处理输出文件...
2025-12-20 19:23:31,563 - ida_adapter - INFO - 分析完成，输出目录: /Users/lovensar/Workspace/ReBind_Demo/ReBind_demo/tmp/liblogxlate_so_idademo
2025-12-20 19:34:22,334 - ida_adapter - INFO - 开始分析文件: /Users/lovensar/Workspace/ReBind_Demo/ReBind_demo/tmp/liblogxlate.so
2025-12-20 19:34:22,335 - ida_adapter - INFO - 准备工作目录: /Users/lovensar/Workspace/ReBind_Demo/ReBind_demo/tmp/liblogxlate_so_idademo
2025-12-20 19:34:22,337 - ida_adapter - INFO - [1/3] 执行脚本: ExtractBinaryInfo_IDA.py
2025-12-20 19:34:25,000 - ida_adapter - INFO - 脚本 ExtractBinaryInfo_IDA.py 执行完成
2025-12-20 19:34:25,000 - ida_adapter - INFO - [2/3] 执行脚本: ExtractDisassembly_IDA.py
2025-12-20 19:34:27,592 - ida_adapter - INFO - 脚本 ExtractDisassembly_IDA.py 执行完成
2025-12-20 19:34:27,592 - ida_adapter - INFO - [3/3] 执行脚本: ExtractPseudocode_IDA.py
2025-12-20 19:34:39,505 - ida_adapter - INFO - 脚本 ExtractPseudocode_IDA.py 执行完成
2025-12-20 19:34:39,505 - ida_adapter - INFO - 所有脚本执行完成
2025-12-20 19:34:39,506 - ida_adapter - INFO - 处理输出文件...
2025-12-20 19:34:39,506 - ida_adapter - INFO - 分析完成，输出目录: /Users/lovensar/Workspace/ReBind_Demo/ReBind_demo/tmp/liblogxlate_so_idademo
2025-12-20 19:49:51,119 - ida_adapter - INFO - 开始分析文件: /Users/lovensar/Workspace/ReBind_Demo/ReBind_demo/tmp/liblogxlate.so
2025-12-20 19:49:51,120 - ida_adapter - INFO - 准备工作目录: /Users/lovensar/Workspace/ReBind_Demo/ReBind_demo/tmp/liblogxlate_so_idademo
2025-12-20 19:49:51,122 - ida_adapter - INFO - [1/3] 执行脚本: ExtractBinaryInfo_IDA.py
2025-12-20 19:49:53,802 - ida_adapter - INFO - 脚本 ExtractBinaryInfo_IDA.py 执行完成
2025-12-20 19:49:53,802 - ida_adapter - INFO - [2/3] 执行脚本: ExtractDisassembly_IDA.py
2025-12-20 19:49:56,378 - ida_adapter - INFO - 脚本 ExtractDisassembly_IDA.py 执行完成
2025-12-20 19:49:56,378 - ida_adapter - INFO - [3/3] 执行脚本: ExtractPseudocode_IDA.py
2025-12-20 19:50:08,383 - ida_adapter - INFO - 脚本 ExtractPseudocode_IDA.py 执行完成
2025-12-20 19:50:08,383 - ida_adapter - INFO - 所有脚本执行完成
2025-12-20 19:50:08,383 - ida_adapter - INFO - 处理输出文件...
2025-12-20 19:50:08,384 - ida_adapter - INFO - 分析完成，输出目录: /Users/lovensar/Workspace/ReBind_Demo/ReBind_demo/tmp/liblogxlate_so_idademo
2025-12-20 20:05:23,627 - ida_adapter - INFO - 开始分析文件: /Users/lovensar/Workspace/ReBind_Demo/ReBind_demo/tmp/liblogxlate.so
2025-12-20 20:05:23,628 - ida_adapter - INFO - 准备工作目录: /Users/lovensar/Workspace/ReBind_Demo/ReBind_demo/tmp/liblogxlate_so_idademo
2025-12-20 20:05:23,630 - ida_adapter - INFO - [1/3] 执行脚本: ExtractBinaryInfo_IDA.py
2025-12-20 20:05:26,289 - ida_adapter - INFO - 脚本 ExtractBinaryInfo_IDA.py 执行完成
2025-12-20 20:05:26,289 - ida_adapter - INFO - [2/3] 执行脚本: ExtractDisassembly_IDA.py
2025-12-20 20:05:28,922 - ida_adapter - INFO - 脚本 ExtractDisassembly_IDA.py 执行完成
2025-12-20 20:05:28,922 - ida_adapter - INFO - [3/3] 执行脚本: ExtractPseudocode_IDA.py
2025-12-20 20:05:40,865 - ida_adapter - INFO - 脚本 ExtractPseudocode_IDA.py 执行完成
2025-12-20 20:05:40,865 - ida_adapter - INFO - 所有脚本执行完成
2025-12-20 20:05:40,866 - ida_adapter - INFO - 处理输出文件...
2025-12-20 20:05:40,866 - ida_adapter - INFO - 分析完成，输出目录: /Users/lovensar/Workspace/ReBind_Demo/ReBind_demo/tmp/liblogxlate_so_idademo
2025-12-20 20:23:07,578 - ida_adapter - INFO - 开始分析文件: /Users/lovensar/Workspace/ReBind_Demo/ReBind_demo/tmp/liblogxlate.so
2025-12-20 20:23:07,578 - ida_adapter - INFO - 准备工作目录: /Users/lovensar/Workspace/ReBind_Demo/ReBind_demo/tmp/liblogxlate_so_idademo
2025-12-20 20:23:07,580 - ida_adapter - INFO - [1/3] 执行脚本: ExtractBinaryInfo_IDA.py
2025-12-20 20:23:10,226 - ida_adapter - INFO - 脚本 ExtractBinaryInfo_IDA.py 执行完成
2025-12-20 20:23:10,226 - ida_adapter - INFO - [2/3] 执行脚本: ExtractDisassembly_IDA.py
2025-12-20 20:23:12,924 - ida_adapter - INFO - 脚本 ExtractDisassembly_IDA.py 执行完成
2025-12-20 20:23:12,924 - ida_adapter - INFO - [3/3] 执行脚本: ExtractPseudocode_IDA.py
2025-12-20 20:23:24,739 - ida_adapter - INFO - 脚本 ExtractPseudocode_IDA.py 执行完成
2025-12-20 20:23:24,739 - ida_adapter - INFO - 所有脚本执行完成
2025-12-20 20:23:24,739 - ida_adapter - INFO - 处理输出文件...
2025-12-20 20:23:24,740 - ida_adapter - INFO - 分析完成，输出目录: /Users/lovensar/Workspace/ReBind_Demo/ReBind_demo/tmp/liblogxlate_so_idademo
2025-12-20 20:52:36,597 - ida_adapter - INFO - 开始分析文件: /Users/lovensar/Workspace/ReBind_Demo/ReBind_demo/tmp/liblogxlate.so
2025-12-20 20:52:36,598 - ida_adapter - INFO - 准备工作目录: /Users/lovensar/Workspace/ReBind_Demo/ReBind_demo/tmp/liblogxlate_so_idademo
2025-12-20 20:52:36,600 - ida_adapter - INFO - [1/3] 执行脚本: ExtractBinaryInfo_IDA.py
2025-12-20 20:52:39,266 - ida_adapter - INFO - 脚本 ExtractBinaryInfo_IDA.py 执行完成
2025-12-20 20:52:39,266 - ida_adapter - INFO - [2/3] 执行脚本: ExtractDisassembly_IDA.py
2025-12-20 20:52:41,876 - ida_adapter - INFO - 脚本 ExtractDisassembly_IDA.py 执行完成
2025-12-20 20:52:41,876 - ida_adapter - INFO - [3/3] 执行脚本: ExtractPseudocode_IDA.py
2025-12-20 20:52:53,670 - ida_adapter - INFO - 脚本 ExtractPseudocode_IDA.py 执行完成
2025-12-20 20:52:53,670 - ida_adapter - INFO - 所有脚本执行完成
2025-12-20 20:52:53,670 - ida_adapter - INFO - 处理输出文件...
2025-12-20 20:52:53,671 - ida_adapter - INFO - 分析完成，输出目录: /Users/lovensar/Workspace/ReBind_Demo/ReBind_demo/tmp/liblogxlate_so_idademo
2025-12-20 21:10:53,870 - ida_adapter - INFO - 开始分析文件: /Users/lovensar/Workspace/ReBind_Demo/ReBind_demo/tmp/liblogxlate.so
2025-12-20 21:10:53,870 - ida_adapter - INFO - 准备工作目录: /Users/lovensar/Workspace/ReBind_Demo/ReBind_demo/tmp/liblogxlate_so_idademo
2025-12-20 21:10:53,872 - ida_adapter - INFO - [1/3] 执行脚本: ExtractBinaryInfo_IDA.py
2025-12-20 21:10:55,575 - ida_adapter - INFO - 脚本 ExtractBinaryInfo_IDA.py 执行完成
2025-12-20 21:10:55,575 - ida_adapter - INFO - [2/3] 执行脚本: ExtractDisassembly_IDA.py
2025-12-20 21:10:57,119 - ida_adapter - INFO - 脚本 ExtractDisassembly_IDA.py 执行完成
2025-12-20 21:10:57,119 - ida_adapter - INFO - [3/3] 执行脚本: ExtractPseudocode_IDA.py
2025-12-20 21:11:04,108 - ida_adapter - INFO - 脚本 ExtractPseudocode_IDA.py 执行完成
2025-12-20 21:11:04,108 - ida_adapter - INFO - 所有脚本执行完成
2025-12-20 21:11:04,108 - ida_adapter - INFO - 处理输出文件...
2025-12-20 21:11:04,109 - ida_adapter - INFO - 分析完成，输出目录: /Users/lovensar/Workspace/ReBind_Demo/ReBind_demo/tmp/liblogxlate_so_idademo
2025-12-20 21:43:01,042 - ida_adapter - INFO - 开始分析文件: E:\WorkSpace\ReBind_demo\tmp\firebox_re\liblogxlate.so
2025-12-20 21:43:01,043 - ida_adapter - INFO - 准备工作目录: E:\WorkSpace\ReBind_demo\tmp\firebox_re\liblogxlate_so_idademo
2025-12-20 21:43:01,051 - ida_adapter - INFO - [1/3] 执行脚本: ExtractBinaryInfo_IDA.py
2025-12-20 21:43:05,047 - ida_adapter - INFO - 脚本 ExtractBinaryInfo_IDA.py 执行完成
2025-12-20 21:43:05,047 - ida_adapter - INFO - [2/3] 执行脚本: ExtractDisassembly_IDA.py
2025-12-20 21:43:08,199 - ida_adapter - INFO - 脚本 ExtractDisassembly_IDA.py 执行完成
2025-12-20 21:43:08,199 - ida_adapter - INFO - [3/3] 执行脚本: ExtractPseudocode_IDA.py
2025-12-20 21:43:20,808 - ida_adapter - INFO - 脚本 ExtractPseudocode_IDA.py 执行完成
2025-12-20 21:43:20,808 - ida_adapter - INFO - 所有脚本执行完成
2025-12-20 21:43:20,809 - ida_adapter - INFO - 处理输出文件...
2025-12-20 21:43:20,812 - ida_adapter - INFO - 分析完成，输出目录: E:\WorkSpace\ReBind_demo\tmp\firebox_re\liblogxlate_so_idademo
2025-12-20 21:56:12,548 - ida_adapter - INFO - 开始分析文件: E:\WorkSpace\ReBind_demo\tmp\firebox_re\liblogxlate.so
2025-12-20 21:56:12,550 - ida_adapter - INFO - 准备工作目录: E:\WorkSpace\ReBind_demo\tmp\firebox_re\liblogxlate_so_idademo
2025-12-20 21:56:12,560 - ida_adapter - INFO - [1/3] 执行脚本: ExtractBinaryInfo_IDA.py
2025-12-20 21:56:16,096 - ida_adapter - INFO - 脚本 ExtractBinaryInfo_IDA.py 执行完成
2025-12-20 21:56:16,096 - ida_adapter - INFO - [2/3] 执行脚本: ExtractDisassembly_IDA.py
2025-12-20 21:56:19,302 - ida_adapter - INFO - 脚本 ExtractDisassembly_IDA.py 执行完成
2025-12-20 21:56:19,302 - ida_adapter - INFO - [3/3] 执行脚本: ExtractPseudocode_IDA.py
2025-12-20 21:56:32,171 - ida_adapter - INFO - 脚本 ExtractPseudocode_IDA.py 执行完成
2025-12-20 21:56:32,171 - ida_adapter - INFO - 所有脚本执行完成
2025-12-20 21:56:32,172 - ida_adapter - INFO - 处理输出文件...
2025-12-20 21:56:32,174 - ida_adapter - INFO - 分析完成，输出目录: E:\WorkSpace\ReBind_demo\tmp\firebox_re\liblogxlate_so_idademo
2025-12-20 21:58:48,534 - ida_adapter - INFO - 开始分析文件: E:\WorkSpace\ReBind_demo\tmp\firebox_re\liblogxlate.so
2025-12-20 21:58:48,535 - ida_adapter - INFO - 准备工作目录: E:\WorkSpace\ReBind_demo\tmp\firebox_re\liblogxlate_so_idademo
2025-12-20 21:58:48,543 - ida_adapter - INFO - [1/3] 执行脚本: ExtractBinaryInfo_IDA.py
2025-12-20 21:58:52,246 - ida_adapter - INFO - 脚本 ExtractBinaryInfo_IDA.py 执行完成
2025-12-20 21:58:52,247 - ida_adapter - INFO - [2/3] 执行脚本: ExtractDisassembly_IDA.py
2025-12-20 21:58:55,609 - ida_adapter - INFO - 脚本 ExtractDisassembly_IDA.py 执行完成
2025-12-20 21:58:55,609 - ida_adapter - INFO - [3/3] 执行脚本: ExtractPseudocode_IDA.py
2025-12-20 21:59:08,705 - ida_adapter - INFO - 脚本 ExtractPseudocode_IDA.py 执行完成
2025-12-20 21:59:08,705 - ida_adapter - INFO - 所有脚本执行完成
2025-12-20 21:59:08,707 - ida_adapter - INFO - 处理输出文件...
2025-12-20 21:59:08,709 - ida_adapter - INFO - 分析完成，输出目录: E:\WorkSpace\ReBind_demo\tmp\firebox_re\liblogxlate_so_idademo
2025-12-20 22:04:44,841 - ida_adapter - INFO - 开始分析文件: E:\WorkSpace\ReBind_demo\tmp\firebox_re\liblogxlate.so
2025-12-20 22:04:44,842 - ida_adapter - INFO - 准备工作目录: E:\WorkSpace\ReBind_demo\tmp\firebox_re\liblogxlate_so_idademo
2025-12-20 22:04:44,850 - ida_adapter - INFO - [1/3] 执行脚本: ExtractBinaryInfo_IDA.py
2025-12-20 22:04:48,029 - ida_adapter - INFO - 脚本 ExtractBinaryInfo_IDA.py 执行完成
2025-12-20 22:04:48,029 - ida_adapter - INFO - [2/3] 执行脚本: ExtractDisassembly_IDA.py
2025-12-20 22:04:51,080 - ida_adapter - INFO - 脚本 ExtractDisassembly_IDA.py 执行完成
2025-12-20 22:04:51,080 - ida_adapter - INFO - [3/3] 执行脚本: ExtractPseudocode_IDA.py
2025-12-20 22:05:02,574 - ida_adapter - INFO - 脚本 ExtractPseudocode_IDA.py 执行完成
2025-12-20 22:05:02,574 - ida_adapter - INFO - 所有脚本执行完成
2025-12-20 22:05:02,574 - ida_adapter - INFO - 处理输出文件...
2025-12-20 22:05:02,577 - ida_adapter - INFO - 分析完成，输出目录: E:\WorkSpace\ReBind_demo\tmp\firebox_re\liblogxlate_so_idademo
2025-12-20 22:37:10,030 - ida_adapter - INFO - 开始分析文件: E:\WorkSpace\ReBind_demo\tmp\firebox_re\liblogxlate.so
2025-12-20 22:37:10,030 - ida_adapter - INFO - 准备工作目录: E:\WorkSpace\ReBind_demo\tmp\firebox_re\liblogxlate_so_idademo
2025-12-20 22:37:10,038 - ida_adapter - INFO - [1/3] 执行脚本: ExtractBinaryInfo_IDA.py
2025-12-20 22:37:13,590 - ida_adapter - INFO - 脚本 ExtractBinaryInfo_IDA.py 执行完成
2025-12-20 22:37:13,590 - ida_adapter - INFO - [2/3] 执行脚本: ExtractDisassembly_IDA.py
2025-12-20 22:37:16,718 - ida_adapter - INFO - 脚本 ExtractDisassembly_IDA.py 执行完成
2025-12-20 22:37:16,719 - ida_adapter - INFO - [3/3] 执行脚本: ExtractPseudocode_IDA.py
2025-12-20 22:37:29,708 - ida_adapter - INFO - 脚本 ExtractPseudocode_IDA.py 执行完成
2025-12-20 22:37:29,708 - ida_adapter - INFO - 所有脚本执行完成
2025-12-20 22:37:29,709 - ida_adapter - INFO - 处理输出文件...
2025-12-20 22:37:29,710 - ida_adapter - INFO - 分析完成，输出目录: E:\WorkSpace\ReBind_demo\tmp\firebox_re\liblogxlate_so_idademo
2025-12-20 23:34:21,078 - ida_adapter - INFO - 开始分析文件: E:\WorkSpace\ReBind_demo\tmp\firebox_re\liblogxlate.so
2025-12-20 23:34:21,079 - ida_adapter - INFO - 准备工作目录: E:\WorkSpace\ReBind_demo\tmp\firebox_re\liblogxlate_so_idademo
2025-12-20 23:34:21,084 - ida_adapter - INFO - [1/3] 执行脚本: ExtractBinaryInfo_IDA.py
2025-12-20 23:34:24,022 - ida_adapter - INFO - 脚本 ExtractBinaryInfo_IDA.py 执行完成
2025-12-20 23:34:24,022 - ida_adapter - INFO - [2/3] 执行脚本: ExtractDisassembly_IDA.py
2025-12-20 23:34:26,546 - ida_adapter - INFO - 脚本 ExtractDisassembly_IDA.py 执行完成
2025-12-20 23:34:26,546 - ida_adapter - INFO - [3/3] 执行脚本: ExtractPseudocode_IDA.py
2025-12-20 23:34:36,157 - ida_adapter - INFO - 脚本 ExtractPseudocode_IDA.py 执行完成
2025-12-20 23:34:36,157 - ida_adapter - INFO - 所有脚本执行完成
2025-12-20 23:34:36,157 - ida_adapter - INFO - 处理输出文件...
2025-12-20 23:34:36,159 - ida_adapter - INFO - 分析完成，输出目录: E:\WorkSpace\ReBind_demo\tmp\firebox_re\liblogxlate_so_idademo
2025-12-20 23:43:23,168 - ida_adapter - INFO - 开始分析文件: E:\WorkSpace\ReBind_demo\tmp\firebox_re\liblogxlate.so
2025-12-20 23:43:23,169 - ida_adapter - INFO - 准备工作目录: E:\WorkSpace\ReBind_demo\tmp\firebox_re\liblogxlate_so_idademo
2025-12-20 23:43:23,175 - ida_adapter - INFO - [1/3] 执行脚本: ExtractBinaryInfo_IDA.py
2025-12-20 23:43:25,939 - ida_adapter - INFO - 脚本 ExtractBinaryInfo_IDA.py 执行完成
2025-12-20 23:43:25,939 - ida_adapter - INFO - [2/3] 执行脚本: ExtractDisassembly_IDA.py
2025-12-20 23:43:28,416 - ida_adapter - INFO - 脚本 ExtractDisassembly_IDA.py 执行完成
2025-12-20 23:43:28,416 - ida_adapter - INFO - [3/3] 执行脚本: ExtractPseudocode_IDA.py
2025-12-20 23:43:37,820 - ida_adapter - INFO - 脚本 ExtractPseudocode_IDA.py 执行完成
2025-12-20 23:43:37,820 - ida_adapter - INFO - 所有脚本执行完成
2025-12-20 23:43:37,821 - ida_adapter - INFO - 处理输出文件...
2025-12-20 23:43:37,822 - ida_adapter - INFO - 分析完成，输出目录: E:\WorkSpace\ReBind_demo\tmp\firebox_re\liblogxlate_so_idademo
2026-02-05 14:02:49,569 - ida_adapter - INFO - 开始分析文件: E:\WorkSpace\ReBind_demo\tmp\CSAgent.sys
2026-02-05 14:02:49,570 - ida_adapter - INFO - 准备工作目录: E:\WorkSpace\ReBind_demo\tmp\CSAgent_sys_idademo
2026-02-05 14:02:49,577 - ida_adapter - INFO - [1/3] 执行脚本: ExtractBinaryInfo_IDA.py
2026-02-05 14:04:57,387 - ida_adapter - INFO - 脚本 ExtractBinaryInfo_IDA.py 执行完成
2026-02-05 14:04:57,387 - ida_adapter - INFO - [2/3] 执行脚本: ExtractDisassembly_IDA.py
2026-02-05 14:07:41,919 - ida_adapter - INFO - 脚本 ExtractDisassembly_IDA.py 执行完成
2026-02-05 14:07:41,919 - ida_adapter - INFO - [3/3] 执行脚本: ExtractPseudocode_IDA.py
2026-02-05 14:24:31,384 - ida_adapter - INFO - 脚本 ExtractPseudocode_IDA.py 执行完成
2026-02-05 14:24:31,385 - ida_adapter - INFO - 所有脚本执行完成
2026-02-05 14:24:31,386 - ida_adapter - INFO - 处理输出文件...
2026-02-05 14:24:31,389 - ida_adapter - INFO - 分析完成，输出目录: E:\WorkSpace\ReBind_demo\tmp\CSAgent_sys_idademo
2026-02-05 14:34:57,112 - ida_adapter - INFO - 开始分析文件: E:\WorkSpace\ReBind_demo\tmp\CSAgent.sys
2026-02-05 14:34:57,113 - ida_adapter - INFO - 准备工作目录: E:\WorkSpace\ReBind_demo\tmp\CSAgent_sys_idademo
2026-02-05 14:34:57,120 - ida_adapter - INFO - [1/3] 执行脚本: ExtractBinaryInfo_IDA.py
2026-02-05 14:35:48,269 - ida_adapter - INFO - 开始分析文件: E:\WorkSpace\ReBind_demo\tmp\CSAgent.sys
2026-02-05 14:35:48,270 - ida_adapter - INFO - 准备工作目录: E:\WorkSpace\ReBind_demo\tmp\CSAgent_sys_idademo
2026-02-05 14:35:48,275 - ida_adapter - INFO - [1/3] 执行脚本: ExtractBinaryInfo_IDA.py
