2025-12-07 17:58:35,822 - ghidra_adapter - INFO - 开始分析文件: e:\Desktops\re1
2025-12-07 17:58:35,822 - ghidra_adapter - INFO - 准备工作目录: E:\Desktops\re1_ghidemo
2025-12-07 17:58:35,830 - ghidra_adapter - INFO - 执行Ghidra命令...
2025-12-07 17:59:02,885 - ghidra_adapter - INFO - Ghidra分析完成
2025-12-07 17:59:02,885 - ghidra_adapter - INFO - 处理输出文件...
2025-12-07 17:59:02,891 - ghidra_adapter - INFO - 分析完成，输出目录: E:\Desktops\re1_ghidemo
2025-12-07 20:13:37,300 - ghidra_adapter - INFO - 开始分析文件: e:\Desktops\re1
2025-12-07 20:13:37,300 - ghidra_adapter - INFO - 准备工作目录: E:\Desktops\re1_ghidemo
2025-12-07 20:13:37,307 - ghidra_adapter - INFO - 执行Ghidra命令...
2025-12-07 20:13:58,816 - ghidra_adapter - INFO - 开始分析文件: E:\WorkSpace\ReBind_demo\tmp\Malware_sample.exe
2025-12-07 20:13:58,816 - ghidra_adapter - INFO - 准备工作目录: E:\WorkSpace\ReBind_demo\tmp\Malware_sample_ghidemo
2025-12-07 20:13:58,823 - ghidra_adapter - INFO - 执行Ghidra命令...
2025-12-07 20:15:46,343 - ghidra_adapter - INFO - 开始分析文件: E:\WorkSpace\ReBind_demo\tmp\Malware_sample.exe
2025-12-07 20:15:46,343 - ghidra_adapter - INFO - 准备工作目录: E:\WorkSpace\ReBind_demo\tmp\Malware_sample_ghidemo
2025-12-07 20:15:46,350 - ghidra_adapter - INFO - 执行Ghidra命令...
2025-12-07 20:18:28,798 - ghidra_adapter - INFO - Ghidra分析完成
2025-12-07 20:18:28,798 - ghidra_adapter - INFO - 处理输出文件...
2025-12-07 20:18:28,801 - ghidra_adapter - INFO - 分析完成，输出目录: E:\WorkSpace\ReBind_demo\tmp\Malware_sample_ghidemo
2025-12-07 20:25:55,979 - ghidra_adapter - INFO - 开始分析文件: E:\WorkSpace\ReBind_demo\tmp\Malware_sample.exe
2025-12-07 20:25:55,979 - ghidra_adapter - INFO - 准备工作目录: E:\WorkSpace\ReBind_demo\tmp\Malware_sample_ghidemo
2025-12-07 20:25:55,985 - ghidra_adapter - INFO - 执行Ghidra命令...
2025-12-07 20:27:57,401 - ghidra_adapter - INFO - Ghidra分析完成
2025-12-07 20:27:57,401 - ghidra_adapter - INFO - 处理输出文件...
2025-12-07 20:27:57,401 - ghidra_adapter - WARNING - 输出目录不存在: Malware_sample_disassembly
2025-12-07 20:27:57,401 - ghidra_adapter - WARNING - 输出目录不存在: Malware_sample_output
2025-12-07 20:27:57,402 - ghidra_adapter - WARNING - 输出目录不存在: Malware_sample_pseudocode
2025-12-07 20:27:57,403 - ghidra_adapter - INFO - 分析完成，输出目录: E:\WorkSpace\ReBind_demo\tmp\Malware_sample_ghidemo
2025-12-07 20:31:59,832 - ghidra_adapter - INFO - 开始分析文件: E:\WorkSpace\ReBind_demo\tmp\Malware_sample.exe
2025-12-07 20:31:59,833 - ghidra_adapter - INFO - 准备工作目录: E:\WorkSpace\ReBind_demo\tmp\Malware_sample_ghidemo
2025-12-07 20:31:59,839 - ghidra_adapter - INFO - 执行Ghidra命令...
2025-12-07 20:34:01,184 - ghidra_adapter - INFO - Ghidra分析完成
2025-12-07 20:34:01,184 - ghidra_adapter - INFO - 处理输出文件...
2025-12-07 20:34:01,185 - ghidra_adapter - WARNING - 输出目录不存在: Malware_sample.exe_disassembly
2025-12-07 20:34:01,185 - ghidra_adapter - WARNING - 输出目录不存在: Malware_sample.exe_output
2025-12-07 20:34:01,185 - ghidra_adapter - WARNING - 输出目录不存在: Malware_sample.exe_pseudocode
2025-12-07 20:34:01,188 - ghidra_adapter - INFO - 分析完成，输出目录: E:\WorkSpace\ReBind_demo\tmp\Malware_sample_ghidemo
2025-12-07 20:38:34,780 - ghidra_adapter - INFO - 开始分析文件: E:\WorkSpace\ReBind_demo\tmp\Malware_sample.exe
2025-12-07 20:38:34,781 - ghidra_adapter - INFO - 准备工作目录: E:\WorkSpace\ReBind_demo\tmp\Malware_sample_ghidemo
2025-12-07 20:38:34,783 - ghidra_adapter - DEBUG - 复制脚本: ExtractBinaryInfo.py
2025-12-07 20:38:34,785 - ghidra_adapter - DEBUG - 复制脚本: ExtractDisassembly.py
2025-12-07 20:38:34,787 - ghidra_adapter - DEBUG - 复制脚本: ExtractPseudocode.py
2025-12-07 20:38:34,789 - ghidra_adapter - DEBUG - 复制脚本: ghidra_adapter.py
2025-12-07 20:38:34,790 - ghidra_adapter - DEBUG - 复制输入文件: Malware_sample.exe
2025-12-07 20:38:34,790 - ghidra_adapter - DEBUG - 文件名清理: Malware_sample.exe -> Malware_sample.exe
2025-12-07 20:38:34,791 - ghidra_adapter - DEBUG - 构建的命令: E:\Program Files (x86)\ghidra_11.4.3_PUBLIC_20251203\ghidra_11.4.3_PUBLIC\support\analyzeHeadless.bat E:\WorkSpace\ReBind_demo\tmp\Malware_sample_ghidemo MyPEAnalysisTemp_Malware_sample.exe -deleteProject -import E:\WorkSpace\ReBind_demo\tmp\Malware_sample_ghidemo\Malware_sample.exe -scriptPath E:\WorkSpace\ReBind_demo\tmp\Malware_sample_ghidemo -postScript ExtractBinaryInfo.py -postScript ExtractDisassembly.py -postScript ExtractPseudocode.py
2025-12-07 20:38:34,791 - ghidra_adapter - INFO - 执行Ghidra命令...
2025-12-07 20:38:34,791 - ghidra_adapter - DEBUG - 完整命令: E:\Program Files (x86)\ghidra_11.4.3_PUBLIC_20251203\ghidra_11.4.3_PUBLIC\support\analyzeHeadless.bat E:\WorkSpace\ReBind_demo\tmp\Malware_sample_ghidemo MyPEAnalysisTemp_Malware_sample.exe -deleteProject -import E:\WorkSpace\ReBind_demo\tmp\Malware_sample_ghidemo\Malware_sample.exe -scriptPath E:\WorkSpace\ReBind_demo\tmp\Malware_sample_ghidemo -postScript ExtractBinaryInfo.py -postScript ExtractDisassembly.py -postScript ExtractPseudocode.py
2025-12-07 20:38:34,791 - ghidra_adapter - DEBUG - 当前工作目录: E:\WorkSpace\ReBind_demo\tmp\Malware_sample_ghidemo
2025-12-07 20:40:35,832 - ghidra_adapter - DEBUG - Ghidra标准输出:
2025-12-07 20:40:35,832 - ghidra_adapter - DEBUG -   INFO  Using log config file: jar:file:/E:/Program%20Files%20(x86)/ghidra_11.4.3_PUBLIC_20251203/ghidra_11.4.3_PUBLIC/Ghidra/Framework/Generic/lib/Generic.jar!/generic.log4j.xml (LoggingInitialization)  
2025-12-07 20:40:35,832 - ghidra_adapter - DEBUG -   INFO  Using log file: C:\Users\jaube\AppData\Roaming\ghidra\ghidra_11.4.3_PUBLIC\application.log (LoggingInitialization)  
2025-12-07 20:40:35,832 - ghidra_adapter - DEBUG -   INFO  Loading user preferences: C:\Users\jaube\AppData\Roaming\ghidra\ghidra_11.4.3_PUBLIC\preferences (Preferences)  
2025-12-07 20:40:35,833 - ghidra_adapter - DEBUG -   INFO  Loading previous preferences: C:\Users\jaube\AppData\Roaming\ghidra\ghidra_11.3.2_PUBLIC\preferences (Preferences)  
2025-12-07 20:40:35,833 - ghidra_adapter - DEBUG -   INFO  Searching for classes... (ClassSearcher)  
2025-12-07 20:40:35,833 - ghidra_adapter - DEBUG -   INFO  Class search complete (863 ms) (ClassSearcher)  
2025-12-07 20:40:35,833 - ghidra_adapter - DEBUG -   INFO  Initializing SSL Context (SSLContextInitializer)  
2025-12-07 20:40:35,833 - ghidra_adapter - DEBUG -   INFO  Initializing Random Number Generator... (SecureRandomFactory)  
2025-12-07 20:40:35,833 - ghidra_adapter - DEBUG -   INFO  Random Number Generator initialization complete: SHA1PRNG (SecureRandomFactory)  
2025-12-07 20:40:35,833 - ghidra_adapter - DEBUG -   INFO  Trust manager disabled, cacerts have not been set (ApplicationTrustManagerFactory)  
2025-12-07 20:40:35,833 - ghidra_adapter - DEBUG -   INFO  Headless startup complete (2254 ms) (AnalyzeHeadless)  
2025-12-07 20:40:35,833 - ghidra_adapter - DEBUG -   INFO  Class searcher loaded 58 extension points (18 false positives) (ClassSearcher)  
2025-12-07 20:40:35,833 - ghidra_adapter - DEBUG -   INFO  HEADLESS Script Paths:
2025-12-07 20:40:35,833 - ghidra_adapter - DEBUG -       E:\Program Files (x86)\ghidra_11.4.3_PUBLIC_20251203\ghidra_11.4.3_PUBLIC\Ghidra\Processors\JVM\ghidra_scripts
2025-12-07 20:40:35,833 - ghidra_adapter - DEBUG -       E:\Program Files (x86)\ghidra_11.4.3_PUBLIC_20251203\ghidra_11.4.3_PUBLIC\Ghidra\Features\Jython\ghidra_scripts
2025-12-07 20:40:35,833 - ghidra_adapter - DEBUG -       E:\Program Files (x86)\ghidra_11.4.3_PUBLIC_20251203\ghidra_11.4.3_PUBLIC\Ghidra\Features\WildcardAssembler\ghidra_scripts
2025-12-07 20:40:35,833 - ghidra_adapter - DEBUG -       E:\Program Files (x86)\ghidra_11.4.3_PUBLIC_20251203\ghidra_11.4.3_PUBLIC\Ghidra\Processors\8051\ghidra_scripts
2025-12-07 20:40:35,833 - ghidra_adapter - DEBUG -       E:\Program Files (x86)\ghidra_11.4.3_PUBLIC_20251203\ghidra_11.4.3_PUBLIC\Ghidra\Features\Decompiler\ghidra_scripts
2025-12-07 20:40:35,833 - ghidra_adapter - DEBUG -       E:\Program Files (x86)\ghidra_11.4.3_PUBLIC_20251203\ghidra_11.4.3_PUBLIC\Ghidra\Features\FunctionID\ghidra_scripts
2025-12-07 20:40:35,833 - ghidra_adapter - DEBUG -       E:\Program Files (x86)\ghidra_11.4.3_PUBLIC_20251203\ghidra_11.4.3_PUBLIC\Ghidra\Features\PyGhidra\ghidra_scripts
2025-12-07 20:40:35,833 - ghidra_adapter - DEBUG -       E:\Program Files (x86)\ghidra_11.4.3_PUBLIC_20251203\ghidra_11.4.3_PUBLIC\Ghidra\Processors\DATA\ghidra_scripts
2025-12-07 20:40:35,833 - ghidra_adapter - DEBUG -       E:\Program Files (x86)\ghidra_11.4.3_PUBLIC_20251203\ghidra_11.4.3_PUBLIC\Ghidra\Features\SwiftDemangler\ghidra_scripts
2025-12-07 20:40:35,834 - ghidra_adapter - DEBUG -       E:\Program Files (x86)\ghidra_11.4.3_PUBLIC_20251203\ghidra_11.4.3_PUBLIC\Ghidra\Features\Base\ghidra_scripts
2025-12-07 20:40:35,834 - ghidra_adapter - DEBUG -       E:\Program Files (x86)\ghidra_11.4.3_PUBLIC_20251203\ghidra_11.4.3_PUBLIC\Ghidra\Features\DecompilerDependent\ghidra_scripts
2025-12-07 20:40:35,834 - ghidra_adapter - DEBUG -       E:\Program Files (x86)\ghidra_11.4.3_PUBLIC_20251203\ghidra_11.4.3_PUBLIC\Ghidra\Debug\Debugger\ghidra_scripts
2025-12-07 20:40:35,834 - ghidra_adapter - DEBUG -       E:\Program Files (x86)\ghidra_11.4.3_PUBLIC_20251203\ghidra_11.4.3_PUBLIC\Ghidra\Debug\Debugger-rmi-trace\ghidra_scripts
2025-12-07 20:40:35,834 - ghidra_adapter - DEBUG -       E:\Program Files (x86)\ghidra_11.4.3_PUBLIC_20251203\ghidra_11.4.3_PUBLIC\Ghidra\Features\GnuDemangler\ghidra_scripts
2025-12-07 20:40:35,834 - ghidra_adapter - DEBUG -       E:\Program Files (x86)\ghidra_11.4.3_PUBLIC_20251203\ghidra_11.4.3_PUBLIC\Ghidra\Processors\PIC\ghidra_scripts
2025-12-07 20:40:35,834 - ghidra_adapter - DEBUG -       E:\Program Files (x86)\ghidra_11.4.3_PUBLIC_20251203\ghidra_11.4.3_PUBLIC\Ghidra\Features\VersionTracking\ghidra_scripts
2025-12-07 20:40:35,834 - ghidra_adapter - DEBUG -       E:\Program Files (x86)\ghidra_11.4.3_PUBLIC_20251203\ghidra_11.4.3_PUBLIC\Ghidra\Features\BytePatterns\ghidra_scripts
2025-12-07 20:40:35,834 - ghidra_adapter - DEBUG -       E:\Program Files (x86)\ghidra_11.4.3_PUBLIC_20251203\ghidra_11.4.3_PUBLIC\Ghidra\Features\BSim\ghidra_scripts
2025-12-07 20:40:35,834 - ghidra_adapter - DEBUG -       E:\Program Files (x86)\ghidra_11.4.3_PUBLIC_20251203\ghidra_11.4.3_PUBLIC\Ghidra\Features\MicrosoftCodeAnalyzer\ghidra_scripts
2025-12-07 20:40:35,834 - ghidra_adapter - DEBUG -       E:\Program Files (x86)\ghidra_11.4.3_PUBLIC_20251203\ghidra_11.4.3_PUBLIC\Ghidra\Processors\Atmel\ghidra_scripts
2025-12-07 20:40:35,834 - ghidra_adapter - DEBUG -       E:\WorkSpace\ReBind_demo\tmp\Malware_sample_ghidemo
2025-12-07 20:40:35,834 - ghidra_adapter - DEBUG -       E:\Program Files (x86)\ghidra_11.4.3_PUBLIC_20251203\ghidra_11.4.3_PUBLIC\Ghidra\Features\PDB\ghidra_scripts
2025-12-07 20:40:35,834 - ghidra_adapter - DEBUG -       E:\Program Files (x86)\ghidra_11.4.3_PUBLIC_20251203\ghidra_11.4.3_PUBLIC\Ghidra\Features\FileFormats\ghidra_scripts
2025-12-07 20:40:35,835 - ghidra_adapter - DEBUG -       E:\Program Files (x86)\ghidra_11.4.3_PUBLIC_20251203\ghidra_11.4.3_PUBLIC\Ghidra\Features\SystemEmulation\ghidra_scripts (HeadlessAnalyzer)  
2025-12-07 20:40:35,835 - ghidra_adapter - DEBUG -   INFO  HEADLESS: execution starts (HeadlessAnalyzer)  
2025-12-07 20:40:35,835 - ghidra_adapter - DEBUG -   INFO  Creating temporary project: E:\WorkSpace\ReBind_demo\tmp\Malware_sample_ghidemo\MyPEAnalysisTemp_Malware_sample.exe (HeadlessAnalyzer)  
2025-12-07 20:40:35,835 - ghidra_adapter - DEBUG -   INFO  Creating project: E:\WorkSpace\ReBind_demo\tmp\Malware_sample_ghidemo\MyPEAnalysisTemp_Malware_sample.exe (DefaultProject)  
2025-12-07 20:40:35,835 - ghidra_adapter - DEBUG -   INFO  REPORT: Processing input files:  (HeadlessAnalyzer)  
2025-12-07 20:40:35,835 - ghidra_adapter - DEBUG -   INFO       project: E:\WorkSpace\ReBind_demo\tmp\Malware_sample_ghidemo\MyPEAnalysisTemp_Malware_sample.exe (HeadlessAnalyzer)  
2025-12-07 20:40:35,835 - ghidra_adapter - DEBUG -   INFO  IMPORTING: file:///E:/WorkSpace/ReBind_demo/tmp/Malware_sample_ghidemo/Malware_sample.exe (HeadlessAnalyzer)  
2025-12-07 20:40:35,835 - ghidra_adapter - DEBUG -   INFO  Using Loader: Portable Executable (PE) (AutoImporter)  
2025-12-07 20:40:35,835 - ghidra_adapter - DEBUG -   INFO  Using Language/Compiler: x86:LE:64:default:windows (AutoImporter)  
2025-12-07 20:40:35,835 - ghidra_adapter - DEBUG -   INFO  Using Library Search Path: [., C:\Windows\SysWOW64, E:\Program Files (x86)\jdk-23_windows-x64_bin\jdk-23.0.2\bin, C:\Windows\Sun\Java\bin, C:\Windows\system32, C:\Windows, C:\Program Files\PowerShell\7, c:\Users\jaube\AppData\Roaming\Code\User\globalStorage\github.copilot-chat\debugCommand, c:\Users\jaube\AppData\Roaming\Code\User\globalStorage\github.copilot-chat\copilotCli, E:\python27, E:\python27\Scripts, C:\Python311\Scripts, C:\Python311, C:\Python313\Scripts\, C:\Python313\, C:\Program Files (x86)\VMware\VMware Workstation\bin\, C:\Program Files (x86)\Common Files\Oracle\Java\javapath, C:\Program Files\mingw64\mingw64\bin, C:\Windows\System32\Wbem, C:\Windows\System32\WindowsPowerShell\v1.0\, C:\Windows\System32\OpenSSH\, C:\Program Files\010 Editor, C:\Program Files\CMake\bin, C:\ProgramData\chocolatey\bin, E:\Games\FGO-py.portable\Python311\Lib\site-packages\airtest\core\android\static\adb\windows, c:\Users\jaube\AppData\Local\Programs\cursor\resources\app\bin, C:\MinGW\mingw64\x86_64-w64-mingw32\bin, C:\MinGW\mingw64\i686-w64-mingw32\bin, C:\Program Files\NVIDIA Corporation\NVIDIA App\NvDLISR, C:\Program Files\NASM, C:\Program Files (x86)\Microsoft SQL Server\100\Tools\Binn\, C:\Program Files\Microsoft SQL Server\100\Tools\Binn\, C:\Program Files\Microsoft SQL Server\100\DTS\Binn\, C:\Program Files (x86)\NetSarang\Xshell 8\, C:\Program Files\Tailscale\, C:\Program Files\PowerShell\7\, C:\Program Files\nodejs\, C:\Program Files\Pandoc\, C:\Program Files\BinDiff\bin, C:\Program Files\IDA Professional 9.2, C:\Users\jaube\scoop\apps\llvm\current\bin, C:\Users\jaube\.pyenv\pyenv-win\bin, C:\Users\jaube\.pyenv\pyenv-win\shims, C:\Users\jaube\scoop\apps\gcc\current\bin, C:\Users\jaube\scoop\shims, C:\Users\jaube\AppData\Local\Microsoft\WindowsApps, C:\Program Files\Microsoft VS Code\bin, C:\Users\jaube\AppData\Local\Programs\Ollama, C:\Users\jaube\.dotnet\tools, C:\Program Files (x86)\Nmap, C:\Users\jaube\AppData\Roaming\npm, c:\Users\jaube\.vscode\extensions\ms-python.debugpy-2025.16.0-win32-x64\bundled\scripts\noConfigScripts] (AutoImporter)  
2025-12-07 20:40:35,835 - ghidra_adapter - DEBUG -   INFO  TLS callbacks at 40a040 (TLSDirectory)  
2025-12-07 20:40:35,835 - ghidra_adapter - DEBUG -   INFO  TLS callbacks at 6fd9f030 (TLSDirectory)  
2025-12-07 20:40:35,836 - ghidra_adapter - DEBUG -   INFO  TLS callbacks at 180080708 (TLSDirectory)  
2025-12-07 20:40:35,836 - ghidra_adapter - DEBUG -   INFO  TLS callbacks at 1805f7e30 (TLSDirectory)  
2025-12-07 20:40:35,836 - ghidra_adapter - DEBUG -   WARN  Invalid or missing function at 1806d58d8 (ExportDataDirectory)  
2025-12-07 20:40:35,836 - ghidra_adapter - DEBUG -   INFO  TLS callbacks at 18013bd58 (TLSDirectory)  
2025-12-07 20:40:35,836 - ghidra_adapter - DEBUG -   WARN  Invalid or missing function at 180167d0c (ExportDataDirectory)  
2025-12-07 20:40:35,836 - ghidra_adapter - DEBUG -   WARN  Invalid or missing function at 1800c0888 (ExportDataDirectory)  
2025-12-07 20:40:35,836 - ghidra_adapter - DEBUG -   INFO  Removing 48 unused filesystems from cache (FileSystemInstanceManager)  
2025-12-07 20:40:35,836 - ghidra_adapter - DEBUG -   INFO  Additional info:
2025-12-07 20:40:35,836 - ghidra_adapter - DEBUG -   Loading file:///E:/WorkSpace/ReBind_demo/tmp/Malware_sample_ghidemo/Malware_sample.exe?MD5=d9775bc92f82a09b9784b71127c115ab...
2025-12-07 20:40:35,836 - ghidra_adapter - DEBUG -   ------------------------------------------------
2025-12-07 20:40:35,836 - ghidra_adapter - DEBUG -   Searching 49 paths for library ADVAPI32.DLL...
2025-12-07 20:40:35,836 - ghidra_adapter - DEBUG -   Skipping library which is the wrong architecture: file:///C:/Windows/SysWOW64/advapi32.dll
2025-12-07 20:40:35,836 - ghidra_adapter - DEBUG -   Loading file:///C:/Windows/System32/advapi32.dll?MD5=ee2cefb4b9f730b3fa8f85c7567b7ed9...
2025-12-07 20:40:35,836 - ghidra_adapter - DEBUG -   Using existing exports file: C:\Users\jaube\AppData\Roaming\ghidra\ghidra_11.4.3_PUBLIC\symbols\win64\advapi32.exports
2025-12-07 20:40:35,836 - ghidra_adapter - DEBUG -   Library not saved to project.
2025-12-07 20:40:35,837 - ghidra_adapter - DEBUG -   ------------------------------------------------
2025-12-07 20:40:35,837 - ghidra_adapter - DEBUG -   Searching 49 paths for library KERNEL32.DLL...
2025-12-07 20:40:35,837 - ghidra_adapter - DEBUG -   Skipping library which is the wrong architecture: file:///C:/Windows/SysWOW64/kernel32.dll
2025-12-07 20:40:35,837 - ghidra_adapter - DEBUG -   Loading file:///C:/Windows/System32/kernel32.dll?MD5=a4ceaf0979e5e714288b431f6f2015d7...
2025-12-07 20:40:35,837 - ghidra_adapter - DEBUG -   Using existing exports file: C:\Users\jaube\AppData\Roaming\ghidra\ghidra_11.4.3_PUBLIC\symbols\win64\kernel32.exports
2025-12-07 20:40:35,837 - ghidra_adapter - DEBUG -   Library not saved to project.
2025-12-07 20:40:35,837 - ghidra_adapter - DEBUG -   ------------------------------------------------
2025-12-07 20:40:35,837 - ghidra_adapter - DEBUG -   Searching 49 paths for library LIBSTDC++-6.DLL...
2025-12-07 20:40:35,837 - ghidra_adapter - DEBUG -   Loading file:///C:/Program Files/mingw64/mingw64/bin/libstdc++-6.dll?MD5=58f1c3e85a3714b9f5441c9b513e08bb...
2025-12-07 20:40:35,837 - ghidra_adapter - DEBUG -   Created exports file: C:\Users\jaube\AppData\Roaming\ghidra\ghidra_11.4.3_PUBLIC\symbols\win64\libstdc++-6.exports
2025-12-07 20:40:35,837 - ghidra_adapter - DEBUG -   Library not saved to project.
2025-12-07 20:40:35,838 - ghidra_adapter - DEBUG -   ------------------------------------------------
2025-12-07 20:40:35,838 - ghidra_adapter - DEBUG -   Searching 49 paths for library MSVCRT.DLL...
2025-12-07 20:40:35,838 - ghidra_adapter - DEBUG -   Skipping library which is the wrong architecture: file:///C:/Windows/SysWOW64/msvcrt.dll
2025-12-07 20:40:35,838 - ghidra_adapter - DEBUG -   Loading file:///C:/Windows/System32/msvcrt.dll?MD5=05b181de0b5a6a1098f0a7198118e166...
2025-12-07 20:40:35,838 - ghidra_adapter - DEBUG -   Using existing exports file: C:\Users\jaube\AppData\Roaming\ghidra\ghidra_11.4.3_PUBLIC\symbols\win64\msvcrt.exports
2025-12-07 20:40:35,838 - ghidra_adapter - DEBUG -   Library not saved to project.
2025-12-07 20:40:35,838 - ghidra_adapter - DEBUG -   ------------------------------------------------
2025-12-07 20:40:35,838 - ghidra_adapter - DEBUG -   Searching 49 paths for library SHELL32.DLL...
2025-12-07 20:40:35,838 - ghidra_adapter - DEBUG -   Skipping library which is the wrong architecture: file:///C:/Windows/SysWOW64/shell32.dll
2025-12-07 20:40:35,838 - ghidra_adapter - DEBUG -   Loading file:///C:/Windows/System32/shell32.dll?MD5=bd2c384ec031b7f1cc0279f886cf99c9...
2025-12-07 20:40:35,838 - ghidra_adapter - DEBUG -   Using existing exports file: C:\Users\jaube\AppData\Roaming\ghidra\ghidra_11.4.3_PUBLIC\symbols\win64\shell32.exports
2025-12-07 20:40:35,838 - ghidra_adapter - DEBUG -   Library not saved to project.
2025-12-07 20:40:35,838 - ghidra_adapter - DEBUG -   ------------------------------------------------
2025-12-07 20:40:35,838 - ghidra_adapter - DEBUG -   Searching 49 paths for library URLMON.DLL...
2025-12-07 20:40:35,838 - ghidra_adapter - DEBUG -   Skipping library which is the wrong architecture: file:///C:/Windows/SysWOW64/urlmon.dll
2025-12-07 20:40:35,839 - ghidra_adapter - DEBUG -   Loading file:///C:/Windows/System32/urlmon.dll?MD5=9f4f4fb8a84a2e09da19039a07e32da4...
2025-12-07 20:40:35,839 - ghidra_adapter - DEBUG -   [urlmon.dll]: failed to create WEVTResource at 18018ad50: Failed to resolve data length for WEVTResource
2025-12-07 20:40:35,839 - ghidra_adapter - DEBUG -   Using existing exports file: C:\Users\jaube\AppData\Roaming\ghidra\ghidra_11.4.3_PUBLIC\symbols\win64\urlmon.exports
2025-12-07 20:40:35,839 - ghidra_adapter - DEBUG -   Library not saved to project.
2025-12-07 20:40:35,839 - ghidra_adapter - DEBUG -   ------------------------------------------------
2025-12-07 20:40:35,839 - ghidra_adapter - DEBUG -   Searching 49 paths for library USER32.DLL...
2025-12-07 20:40:35,839 - ghidra_adapter - DEBUG -   Skipping library which is the wrong architecture: file:///C:/Windows/SysWOW64/user32.dll
2025-12-07 20:40:35,839 - ghidra_adapter - DEBUG -   Loading file:///C:/Windows/System32/user32.dll?MD5=70dee7319768f1a567c504a825e3a7b3...
2025-12-07 20:40:35,839 - ghidra_adapter - DEBUG -   [user32.dll]: failed to create WEVTResource at 1800dfa70: Failed to resolve data length for WEVTResource
2025-12-07 20:40:35,839 - ghidra_adapter - DEBUG -   Using existing exports file: C:\Users\jaube\AppData\Roaming\ghidra\ghidra_11.4.3_PUBLIC\symbols\win64\user32.exports
2025-12-07 20:40:35,839 - ghidra_adapter - DEBUG -   Library not saved to project.
2025-12-07 20:40:35,839 - ghidra_adapter - DEBUG -   ------------------------------------------------
2025-12-07 20:40:35,839 - ghidra_adapter - DEBUG -   Applying C:\Users\jaube\AppData\Roaming\ghidra\ghidra_11.4.3_PUBLIC\symbols\win64\advapi32.exports
2025-12-07 20:40:35,839 - ghidra_adapter - DEBUG -   Applying C:\Users\jaube\AppData\Roaming\ghidra\ghidra_11.4.3_PUBLIC\symbols\win64\kernel32.exports
2025-12-07 20:40:35,840 - ghidra_adapter - DEBUG -   Applying C:\Users\jaube\AppData\Roaming\ghidra\ghidra_11.4.3_PUBLIC\symbols\win64\msvcrt.exports
2025-12-07 20:40:35,840 - ghidra_adapter - DEBUG -   Applying C:\Users\jaube\AppData\Roaming\ghidra\ghidra_11.4.3_PUBLIC\symbols\win64\shell32.exports
2025-12-07 20:40:35,840 - ghidra_adapter - DEBUG -   Applying C:\Users\jaube\AppData\Roaming\ghidra\ghidra_11.4.3_PUBLIC\symbols\win64\urlmon.exports
2025-12-07 20:40:35,840 - ghidra_adapter - DEBUG -   Applying C:\Users\jaube\AppData\Roaming\ghidra\ghidra_11.4.3_PUBLIC\symbols\win64\user32.exports
2025-12-07 20:40:35,840 - ghidra_adapter - DEBUG -   Applying cached symbols from LIBSTDC++-6.DLL
2025-12-07 20:40:35,840 - ghidra_adapter - DEBUG -   Linking the External Programs of 'Malware_sample.exe' to imported libraries...
2025-12-07 20:40:35,840 - ghidra_adapter - DEBUG -     [ADVAPI32.DLL] -> not found in project
2025-12-07 20:40:35,840 - ghidra_adapter - DEBUG -     [KERNEL32.DLL] -> not found in project
2025-12-07 20:40:35,840 - ghidra_adapter - DEBUG -     [MSVCRT.DLL] -> not found in project
2025-12-07 20:40:35,840 - ghidra_adapter - DEBUG -     [SHELL32.DLL] -> not found in project
2025-12-07 20:40:35,840 - ghidra_adapter - DEBUG -     [URLMON.DLL] -> not found in project
2025-12-07 20:40:35,841 - ghidra_adapter - DEBUG -     [USER32.DLL] -> not found in project
2025-12-07 20:40:35,841 - ghidra_adapter - DEBUG -     [LIBSTDC++-6.DLL] -> not found in project
2025-12-07 20:40:35,841 - ghidra_adapter - DEBUG -   ------------------------------------------------
2025-12-07 20:40:35,841 - ghidra_adapter - DEBUG -    (AutoImporter)  
2025-12-07 20:40:35,841 - ghidra_adapter - DEBUG -   INFO  IMPORTING: Loaded 0 additional files (HeadlessAnalyzer)  
2025-12-07 20:40:35,841 - ghidra_adapter - DEBUG -   INFO  ANALYZING all memory and code: file:///E:/WorkSpace/ReBind_demo/tmp/Malware_sample_ghidemo/Malware_sample.exe (HeadlessAnalyzer)  
2025-12-07 20:40:35,841 - ghidra_adapter - DEBUG -   WARN  Ignoring leading '_' chars on no-return name '___raise_securityfailure' specified in file: E:\Program Files (x86)\ghidra_11.4.3_PUBLIC_20251203\ghidra_11.4.3_PUBLIC\Ghidra\Features\Base\data\PEFunctionsThatDoNotReturn (NoReturnFunctionAnalyzer)  
2025-12-07 20:40:35,841 - ghidra_adapter - DEBUG -   WARN  Ignoring leading '_' chars on no-return name '___report_rangecheckfailure' specified in file: E:\Program Files (x86)\ghidra_11.4.3_PUBLIC_20251203\ghidra_11.4.3_PUBLIC\Ghidra\Features\Base\data\PEFunctionsThatDoNotReturn (NoReturnFunctionAnalyzer)  
2025-12-07 20:40:35,841 - ghidra_adapter - DEBUG -   INFO  Added 15 source map entries (DWARFImporter)  
2025-12-07 20:40:35,841 - ghidra_adapter - DEBUG -   INFO  DWARF ver[2, 4], 2 compUnits, 399 DIES, import - total elapsed: 41ms (DWARFImportSummary)  
2025-12-07 20:40:35,841 - ghidra_adapter - DEBUG -   INFO  DWARF data type import - elapsed: 24ms (DWARFImportSummary)  
2025-12-07 20:40:35,841 - ghidra_adapter - DEBUG -   INFO  DWARF func & symbol import - elapsed: 8ms (DWARFImportSummary)  
2025-12-07 20:40:35,842 - ghidra_adapter - DEBUG -   INFO  DWARF types imported: 70 (DWARFImportSummary)  
2025-12-07 20:40:35,842 - ghidra_adapter - DEBUG -   INFO  DWARF compile dirs: [C:\mingw810\x86_64-810-posix-seh-rt_v6-rev0\build\gcc-8.1.0\x86_64-w64-mingw32\libgcc] (DWARFImportSummary)  
2025-12-07 20:40:35,842 - ghidra_adapter - DEBUG -   INFO  DWARF producers: [GNU AS 2.30, GNU C17 8.1.0 -mtune=core2 -march=nocona -g -g -g -O2 -O2 -O2 -fno-ident -fbuilding-libgcc -fno-stack-protector] (DWARFImportSummary)  
2025-12-07 20:40:35,842 - ghidra_adapter - DEBUG -   INFO  DWARF source languages: [DW_LANG_C99, DW_LANG_Mips_Assembler] (DWARFImportSummary)  
2025-12-07 20:40:35,842 - ghidra_adapter - DEBUG -   INFO  DWARF compUnit: ../../../../../src/gcc-8.1.0/libgcc/config/i386/cygwin.S (DWARFImportSummary)  
2025-12-07 20:40:35,842 - ghidra_adapter - DEBUG -   INFO  DWARF compUnit: ../../../../../src/gcc-8.1.0/libgcc/libgcc2.c (DWARFImportSummary)  
2025-12-07 20:40:35,842 - ghidra_adapter - DEBUG -   INFO  Skipping PDB processing: missing PDB information in program metadata (PdbUniversalAnalyzer)  
2025-12-07 20:40:35,842 - ghidra_adapter - DEBUG -   INFO  hit non-returning function, restarting decompiler switch analyzer later (DecompilerSwitchAnalyzer)  
2025-12-07 20:40:35,842 - ghidra_adapter - DEBUG -   INFO  Packed database cache: C:\Users\jaube\AppData\Local\ghidra\packed-db-cache (PackedDatabaseCache)  
2025-12-07 20:40:35,842 - ghidra_adapter - DEBUG -   INFO  Applied data type archive: windows_vs12_64 (ApplyDataArchiveAnalyzer)  
2025-12-07 20:40:35,842 - ghidra_adapter - DEBUG -   INFO  -----------------------------------------------------
2025-12-07 20:40:35,842 - ghidra_adapter - DEBUG -       ASCII Strings                              0.229 secs
2025-12-07 20:40:35,842 - ghidra_adapter - DEBUG -       Apply Data Archives                        0.489 secs
2025-12-07 20:40:35,843 - ghidra_adapter - DEBUG -       Call Convention ID                         6.669 secs
2025-12-07 20:40:35,843 - ghidra_adapter - DEBUG -       Call-Fixup Installer                       0.004 secs
2025-12-07 20:40:35,843 - ghidra_adapter - DEBUG -       Create Address Tables                      0.006 secs
2025-12-07 20:40:35,843 - ghidra_adapter - DEBUG -       Create Address Tables - One Time           0.004 secs
2025-12-07 20:40:35,843 - ghidra_adapter - DEBUG -       Create Function                            0.012 secs
2025-12-07 20:40:35,843 - ghidra_adapter - DEBUG -       DWARF                                      0.081 secs
2025-12-07 20:40:35,843 - ghidra_adapter - DEBUG -       Data Reference                             0.006 secs
2025-12-07 20:40:35,843 - ghidra_adapter - DEBUG -       Decompiler Parameter ID                   33.375 secs
2025-12-07 20:40:35,843 - ghidra_adapter - DEBUG -       Decompiler Switch Analysis                33.194 secs
2025-12-07 20:40:35,843 - ghidra_adapter - DEBUG -       Decompiler Switch Analysis - One Time     13.334 secs
2025-12-07 20:40:35,843 - ghidra_adapter - DEBUG -       Demangler GNU                              3.179 secs
2025-12-07 20:40:35,843 - ghidra_adapter - DEBUG -       Demangler Microsoft                        0.015 secs
2025-12-07 20:40:35,843 - ghidra_adapter - DEBUG -       Disassemble Entry Points                   0.125 secs
2025-12-07 20:40:35,843 - ghidra_adapter - DEBUG -       Disassemble Entry Points - One Time        0.007 secs
2025-12-07 20:40:35,843 - ghidra_adapter - DEBUG -       Embedded Media                             0.005 secs
2025-12-07 20:40:35,844 - ghidra_adapter - DEBUG -       External Entry References                  0.000 secs
2025-12-07 20:40:35,844 - ghidra_adapter - DEBUG -       Function ID                                0.037 secs
2025-12-07 20:40:35,844 - ghidra_adapter - DEBUG -       Function Start Search                      0.005 secs
2025-12-07 20:40:35,844 - ghidra_adapter - DEBUG -       MinGW Relocations                          0.000 secs
2025-12-07 20:40:35,844 - ghidra_adapter - DEBUG -       Non-Returning Functions - Discovered       0.017 secs
2025-12-07 20:40:35,844 - ghidra_adapter - DEBUG -       Non-Returning Functions - Known            0.008 secs
2025-12-07 20:40:35,844 - ghidra_adapter - DEBUG -       PDB Universal                              0.002 secs
2025-12-07 20:40:35,844 - ghidra_adapter - DEBUG -       Reference                                  0.014 secs
2025-12-07 20:40:35,844 - ghidra_adapter - DEBUG -       Scalar Operand References                  0.013 secs
2025-12-07 20:40:35,844 - ghidra_adapter - DEBUG -       Shared Return Calls                        0.010 secs
2025-12-07 20:40:35,844 - ghidra_adapter - DEBUG -       Stack                                      0.068 secs
2025-12-07 20:40:35,844 - ghidra_adapter - DEBUG -       Subroutine References                      0.003 secs
2025-12-07 20:40:35,844 - ghidra_adapter - DEBUG -       Subroutine References - One Time           0.001 secs
2025-12-07 20:40:35,844 - ghidra_adapter - DEBUG -       WindowsResourceReference                   3.537 secs
2025-12-07 20:40:35,845 - ghidra_adapter - DEBUG -       x86 Constant Reference Analyzer            0.126 secs
2025-12-07 20:40:35,845 - ghidra_adapter - DEBUG -   -----------------------------------------------------
2025-12-07 20:40:35,845 - ghidra_adapter - DEBUG -        Total Time   94 secs
2025-12-07 20:40:35,845 - ghidra_adapter - DEBUG -   -----------------------------------------------------
2025-12-07 20:40:35,845 - ghidra_adapter - DEBUG -    (AutoAnalysisManager)  
2025-12-07 20:40:35,845 - ghidra_adapter - DEBUG -   INFO  REPORT: Analysis succeeded for file: file:///E:/WorkSpace/ReBind_demo/tmp/Malware_sample_ghidemo/Malware_sample.exe (HeadlessAnalyzer)  
2025-12-07 20:40:35,845 - ghidra_adapter - DEBUG -   INFO  SCRIPT: E:\WorkSpace\ReBind_demo\tmp\Malware_sample_ghidemo\ExtractBinaryInfo.py (HeadlessAnalyzer)  
2025-12-07 20:40:35,845 - ghidra_adapter - DEBUG -   INFO  ExtractBinaryInfo.py> --- Binary Information & Cross-Ref Extraction Script --- (GhidraScript)  
2025-12-07 20:40:35,845 - ghidra_adapter - DEBUG -   ERROR ExtractBinaryInfo.py> Warning: Output directory not specified and could not determine executable path. (GhidraScript)  
2025-12-07 20:40:35,845 - ghidra_adapter - DEBUG -   INFO  ExtractBinaryInfo.py> Using fallback output directory in CWD: .\Malware_sample_exe_output (GhidraScript)  
2025-12-07 20:40:35,845 - ghidra_adapter - DEBUG -   INFO  ExtractBinaryInfo.py> Created output directory: E:\WorkSpace\ReBind_demo\tmp\Malware_sample_ghidemo\Malware_sample_exe_output (GhidraScript)  
2025-12-07 20:40:35,845 - ghidra_adapter - DEBUG -   INFO  ExtractBinaryInfo.py> 
2025-12-07 20:40:35,845 - ghidra_adapter - DEBUG -   --- Extracting Full Symbol Table --- (GhidraScript)  
2025-12-07 20:40:35,845 - ghidra_adapter - DEBUG -   INFO  ExtractBinaryInfo.py> Writing 973 rows to .\Malware_sample_exe_output\Malware_sample_exe_symbols.csv... (GhidraScript)  
2025-12-07 20:40:35,845 - ghidra_adapter - DEBUG -   INFO  ExtractBinaryInfo.py> 
2025-12-07 20:40:35,845 - ghidra_adapter - DEBUG -   --- Extracting Defined Strings --- (GhidraScript)  
2025-12-07 20:40:35,845 - ghidra_adapter - DEBUG -   ERROR ExtractBinaryInfo.py> Error during string extraction: type object 'ghidra.program.util.DefinedDataIterator' has no attribute 'definedStrings'
2025-12-07 20:40:35,845 - ghidra_adapter - DEBUG -   Traceback (most recent call last):
2025-12-07 20:40:35,845 - ghidra_adapter - DEBUG -     File "E:\WorkSpace\ReBind_demo\tmp\Malware_sample_ghidemo\ExtractBinaryInfo.py", line 236, in <module>
2025-12-07 20:40:35,845 - ghidra_adapter - DEBUG -       string_iter = DefinedDataIterator.definedStrings(program)
2025-12-07 20:40:35,846 - ghidra_adapter - DEBUG -   AttributeError: type object 'ghidra.program.util.DefinedDataIterator' has no attribute 'definedStrings'
2025-12-07 20:40:35,846 - ghidra_adapter - DEBUG -    (GhidraScript)  
2025-12-07 20:40:35,846 - ghidra_adapter - DEBUG -   INFO  ExtractBinaryInfo.py> Skipping write for Malware_sample_exe_strings.csv: No data. (GhidraScript)  
2025-12-07 20:40:35,846 - ghidra_adapter - DEBUG -   INFO  ExtractBinaryInfo.py> 
2025-12-07 20:40:35,846 - ghidra_adapter - DEBUG -   --- Extracting Segments (Memory Blocks) --- (GhidraScript)  
2025-12-07 20:40:35,846 - ghidra_adapter - DEBUG -   INFO  ExtractBinaryInfo.py> Writing 16 rows to .\Malware_sample_exe_output\Malware_sample_exe_segments.csv... (GhidraScript)  
2025-12-07 20:40:35,846 - ghidra_adapter - DEBUG -   INFO  ExtractBinaryInfo.py> 
2025-12-07 20:40:35,846 - ghidra_adapter - DEBUG -   --- Extracting Sections (Based on Memory Blocks) --- (GhidraScript)  
2025-12-07 20:40:35,846 - ghidra_adapter - DEBUG -   INFO  ExtractBinaryInfo.py> Writing 16 rows to .\Malware_sample_exe_output\Malware_sample_exe_sections.csv... (GhidraScript)  
2025-12-07 20:40:35,846 - ghidra_adapter - DEBUG -   INFO  ExtractBinaryInfo.py> 
2025-12-07 20:40:35,846 - ghidra_adapter - DEBUG -   --- Extracting Cross-References (This may take a while)... --- (GhidraScript)  
2025-12-07 20:40:35,846 - ghidra_adapter - DEBUG -   INFO  ExtractBinaryInfo.py> Writing 4 rows to .\Malware_sample_exe_output\Malware_sample_exe_cross_refs\Malware_sample_exe_00401000_FUN_00401000_refs.csv... (GhidraScript)  
2025-12-07 20:40:35,847 - ghidra_adapter - DEBUG -   INFO  ExtractBinaryInfo.py> Writing 2 rows to .\Malware_sample_exe_output\Malware_sample_exe_cross_refs\Malware_sample_exe_00401010_pre_c_init_refs.csv... (GhidraScript)  
2025-12-07 20:40:35,847 - ghidra_adapter - DEBUG -   INFO  ExtractBinaryInfo.py> Writing 1 rows to .\Malware_sample_exe_output\Malware_sample_exe_cross_refs\Malware_sample_exe_00401130_pre_cpp_init_refs.csv... (GhidraScript)  
2025-12-07 20:40:35,847 - ghidra_adapter - DEBUG -   INFO  ExtractBinaryInfo.py> Writing 3 rows to .\Malware_sample_exe_output\Malware_sample_exe_cross_refs\Malware_sample_exe_00401180_tmainCRTStartup_refs.csv... (GhidraScript)  
2025-12-07 20:40:35,847 - ghidra_adapter - DEBUG -   INFO  ExtractBinaryInfo.py> Writing 1 rows to .\Malware_sample_exe_output\Malware_sample_exe_cross_refs\Malware_sample_exe_004014b0_WinMainCRTStartup_refs.csv... (GhidraScript)  
2025-12-07 20:40:35,847 - ghidra_adapter - DEBUG -   INFO  ExtractBinaryInfo.py> Writing 3 rows to .\Malware_sample_exe_output\Malware_sample_exe_cross_refs\Malware_sample_exe_004014e0_mainCRTStartup_refs.csv... (GhidraScript)  
2025-12-07 20:40:35,847 - ghidra_adapter - DEBUG -   INFO  ExtractBinaryInfo.py> Writing 3 rows to .\Malware_sample_exe_output\Malware_sample_exe_cross_refs\Malware_sample_exe_004014e0_entry_refs.csv... (GhidraScript)  
2025-12-07 20:40:35,847 - ghidra_adapter - DEBUG -   INFO  ExtractBinaryInfo.py> Writing 4 rows to .\Malware_sample_exe_output\Malware_sample_exe_cross_refs\Malware_sample_exe_00401510_atexit_refs.csv... (GhidraScript)  
2025-12-07 20:40:35,847 - ghidra_adapter - DEBUG -   INFO  ExtractBinaryInfo.py> Writing 2 rows to .\Malware_sample_exe_output\Malware_sample_exe_cross_refs\Malware_sample_exe_00401530_gcc_register_frame_refs.csv... (GhidraScript)  
2025-12-07 20:40:35,847 - ghidra_adapter - DEBUG -   INFO  ExtractBinaryInfo.py> Writing 2 rows to .\Malware_sample_exe_output\Malware_sample_exe_cross_refs\Malware_sample_exe_00401530_text_refs.csv... (GhidraScript)  
2025-12-07 20:40:35,847 - ghidra_adapter - DEBUG -   INFO  ExtractBinaryInfo.py> Writing 2 rows to .\Malware_sample_exe_output\Malware_sample_exe_cross_refs\Malware_sample_exe_00401540_gcc_deregister_frame_refs.csv... (GhidraScript)  
2025-12-07 20:40:35,847 - ghidra_adapter - DEBUG -   INFO  ExtractBinaryInfo.py> Writing 2 rows to .\Malware_sample_exe_output\Malware_sample_exe_cross_refs\Malware_sample_exe_00401550_Reproduce_refs.csv... (GhidraScript)  
2025-12-07 20:40:35,847 - ghidra_adapter - DEBUG -   INFO  ExtractBinaryInfo.py> Writing 2 rows to .\Malware_sample_exe_output\Malware_sample_exe_cross_refs\Malware_sample_exe_00401550_text_refs.csv... (GhidraScript)  
2025-12-07 20:40:35,847 - ghidra_adapter - DEBUG -   INFO  ExtractBinaryInfo.py> Writing 2 rows to .\Malware_sample_exe_output\Malware_sample_exe_cross_refs\Malware_sample_exe_00401550_Z9Reproducev_refs.csv... (GhidraScript)  
2025-12-07 20:40:35,848 - ghidra_adapter - DEBUG -   INFO  ExtractBinaryInfo.py> Writing 2 rows to .\Malware_sample_exe_output\Malware_sample_exe_cross_refs\Malware_sample_exe_004016f2_RegKeyStart_refs.csv... (GhidraScript)  
2025-12-07 20:40:35,848 - ghidra_adapter - DEBUG -   INFO  ExtractBinaryInfo.py> Writing 2 rows to .\Malware_sample_exe_output\Malware_sample_exe_cross_refs\Malware_sample_exe_004016f2_Z11RegKeyStartv_refs.csv... (GhidraScript)  
2025-12-07 20:40:35,848 - ghidra_adapter - DEBUG -   INFO  ExtractBinaryInfo.py> Writing 2 rows to .\Malware_sample_exe_output\Malware_sample_exe_cross_refs\Malware_sample_exe_0040188d_RegTaskmanagerForbidden_refs.csv... (GhidraScript)  
2025-12-07 20:40:35,848 - ghidra_adapter - DEBUG -   INFO  ExtractBinaryInfo.py> Writing 2 rows to .\Malware_sample_exe_output\Malware_sample_exe_cross_refs\Malware_sample_exe_0040188d_Z23RegTaskmanagerForbiddenv_refs.csv... (GhidraScript)  
2025-12-07 20:40:35,848 - ghidra_adapter - DEBUG -   INFO  ExtractBinaryInfo.py> Writing 2 rows to .\Malware_sample_exe_output\Malware_sample_exe_cross_refs\Malware_sample_exe_00401902_RegEditForbidden_refs.csv... (GhidraScript)  
2025-12-07 20:40:35,848 - ghidra_adapter - DEBUG -   INFO  ExtractBinaryInfo.py> Writing 2 rows to .\Malware_sample_exe_output\Malware_sample_exe_cross_refs\Malware_sample_exe_00401902_Z16RegEditForbiddenv_refs.csv... (GhidraScript)  
2025-12-07 20:40:35,848 - ghidra_adapter - DEBUG -   INFO  ExtractBinaryInfo.py> Writing 2 rows to .\Malware_sample_exe_output\Malware_sample_exe_cross_refs\Malware_sample_exe_00401977_RegModifyBackroud_refs.csv... (GhidraScript)  
2025-12-07 20:40:35,848 - ghidra_adapter - DEBUG -   INFO  ExtractBinaryInfo.py> Writing 2 rows to .\Malware_sample_exe_output\Malware_sample_exe_cross_refs\Malware_sample_exe_00401977_Z17RegModifyBackroudv_refs.csv... (GhidraScript)  
2025-12-07 20:40:35,848 - ghidra_adapter - DEBUG -   INFO  ExtractBinaryInfo.py> Writing 2 rows to .\Malware_sample_exe_output\Malware_sample_exe_cross_refs\Malware_sample_exe_00401aa2_RegKeyBoardForbidden_refs.csv... (GhidraScript)  
2025-12-07 20:40:35,848 - ghidra_adapter - DEBUG -   INFO  ExtractBinaryInfo.py> Writing 2 rows to .\Malware_sample_exe_output\Malware_sample_exe_cross_refs\Malware_sample_exe_00401aa2_Z20RegKeyBoardForbiddenv_refs.csv... (GhidraScript)  
2025-12-07 20:40:35,848 - ghidra_adapter - DEBUG -   INFO  ExtractBinaryInfo.py> Writing 2 rows to .\Malware_sample_exe_output\Malware_sample_exe_cross_refs\Malware_sample_exe_00401bce_DeleteDrive_refs.csv... (GhidraScript)  
2025-12-07 20:40:35,848 - ghidra_adapter - DEBUG -   INFO  ExtractBinaryInfo.py> Writing 2 rows to .\Malware_sample_exe_output\Malware_sample_exe_cross_refs\Malware_sample_exe_00401bce_Z11DeleteDrivePc_refs.csv... (GhidraScript)  
2025-12-07 20:40:35,849 - ghidra_adapter - DEBUG -   INFO  ExtractBinaryInfo.py> Writing 2 rows to .\Malware_sample_exe_output\Malware_sample_exe_cross_refs\Malware_sample_exe_00401c0e_main_refs.csv... (GhidraScript)  
2025-12-07 20:40:35,849 - ghidra_adapter - DEBUG -   INFO  ExtractBinaryInfo.py> Writing 2 rows to .\Malware_sample_exe_output\Malware_sample_exe_cross_refs\Malware_sample_exe_00401e0f_tcf_0_refs.csv... (GhidraScript)  
2025-12-07 20:40:35,849 - ghidra_adapter - DEBUG -   INFO  ExtractBinaryInfo.py> Writing 2 rows to .\Malware_sample_exe_output\Malware_sample_exe_cross_refs\Malware_sample_exe_00401e2a_static_initialization_and_destruction_0_refs.csv... (GhidraScript)  
2025-12-07 20:40:35,849 - ghidra_adapter - DEBUG -   INFO  ExtractBinaryInfo.py> Writing 2 rows to .\Malware_sample_exe_output\Malware_sample_exe_cross_refs\Malware_sample_exe_00401e2a_Z41_static_initialization_and_destruction_0ii_refs.csv... (GhidraScript)  
2025-12-07 20:40:35,849 - ghidra_adapter - DEBUG -   INFO  ExtractBinaryInfo.py> Writing 3 rows to .\Malware_sample_exe_output\Malware_sample_exe_cross_refs\Malware_sample_exe_00401e66_GLOBAL_sub_I_Reproduce_refs.csv... (GhidraScript)  
2025-12-07 20:40:35,849 - ghidra_adapter - DEBUG -   INFO  ExtractBinaryInfo.py> Writing 3 rows to .\Malware_sample_exe_output\Malware_sample_exe_cross_refs\Malware_sample_exe_00401e66_GLOBAL_sub_I_Z9Reproducev_refs.csv... (GhidraScript)  
2025-12-07 20:40:35,849 - ghidra_adapter - DEBUG -   INFO  ExtractBinaryInfo.py> Writing 1 rows to .\Malware_sample_exe_output\Malware_sample_exe_cross_refs\Malware_sample_exe_00401e90_text_refs.csv... (GhidraScript)  
2025-12-07 20:40:35,849 - ghidra_adapter - DEBUG -   INFO  ExtractBinaryInfo.py> Writing 1 rows to .\Malware_sample_exe_output\Malware_sample_exe_cross_refs\Malware_sample_exe_00401e90_URLDownloadToFileA_refs.csv... (GhidraScript)  
2025-12-07 20:40:35,849 - ghidra_adapter - DEBUG -   INFO  ExtractBinaryInfo.py> Writing 1 rows to .\Malware_sample_exe_output\Malware_sample_exe_cross_refs\Malware_sample_exe_00401ea0_text_refs.csv... (GhidraScript)  
2025-12-07 20:40:35,850 - ghidra_adapter - DEBUG -   INFO  ExtractBinaryInfo.py> Writing 1 rows to .\Malware_sample_exe_output\Malware_sample_exe_cross_refs\Malware_sample_exe_00401ea0_Init_refs.csv... (GhidraScript)  
2025-12-07 20:40:35,850 - ghidra_adapter - DEBUG -   INFO  ExtractBinaryInfo.py> Writing 1 rows to .\Malware_sample_exe_output\Malware_sample_exe_cross_refs\Malware_sample_exe_00401ea0_ZNSt8ios_base4InitD1Ev_refs.csv... (GhidraScript)  
2025-12-07 20:40:35,850 - ghidra_adapter - DEBUG -   INFO  ExtractBinaryInfo.py> Writing 1 rows to .\Malware_sample_exe_output\Malware_sample_exe_cross_refs\Malware_sample_exe_00401ea8_text_refs.csv... (GhidraScript)  
2025-12-07 20:40:35,850 - ghidra_adapter - DEBUG -   INFO  ExtractBinaryInfo.py> Writing 1 rows to .\Malware_sample_exe_output\Malware_sample_exe_cross_refs\Malware_sample_exe_00401ea8_Init_refs.csv... (GhidraScript)  
2025-12-07 20:40:35,850 - ghidra_adapter - DEBUG -   INFO  ExtractBinaryInfo.py> Writing 1 rows to .\Malware_sample_exe_output\Malware_sample_exe_cross_refs\Malware_sample_exe_00401ea8_ZNSt8ios_base4InitC1Ev_refs.csv... (GhidraScript)  
2025-12-07 20:40:35,850 - ghidra_adapter - DEBUG -   INFO  ExtractBinaryInfo.py> Writing 2 rows to .\Malware_sample_exe_output\Malware_sample_exe_cross_refs\Malware_sample_exe_00401eb0_do_global_dtors_refs.csv... (GhidraScript)  
2025-12-07 20:40:35,850 - ghidra_adapter - DEBUG -   INFO  ExtractBinaryInfo.py> Writing 2 rows to .\Malware_sample_exe_output\Malware_sample_exe_cross_refs\Malware_sample_exe_00401eb0_text_refs.csv... (GhidraScript)  
2025-12-07 20:40:35,850 - ghidra_adapter - DEBUG -   INFO  ExtractBinaryInfo.py> Writing 2 rows to .\Malware_sample_exe_output\Malware_sample_exe_cross_refs\Malware_sample_exe_00401ef0_do_global_ctors_refs.csv... (GhidraScript)  
2025-12-07 20:40:35,850 - ghidra_adapter - DEBUG -   INFO  ExtractBinaryInfo.py> Writing 3 rows to .\Malware_sample_exe_output\Malware_sample_exe_cross_refs\Malware_sample_exe_00401f60_main_refs.csv... (GhidraScript)  
2025-12-07 20:40:35,850 - ghidra_adapter - DEBUG -   INFO  ExtractBinaryInfo.py> Writing 2 rows to .\Malware_sample_exe_output\Malware_sample_exe_cross_refs\Malware_sample_exe_00401f80_text_refs.csv... (GhidraScript)  
2025-12-07 20:40:35,850 - ghidra_adapter - DEBUG -   INFO  ExtractBinaryInfo.py> Writing 2 rows to .\Malware_sample_exe_output\Malware_sample_exe_cross_refs\Malware_sample_exe_00401f80_my_lconv_init_refs.csv... (GhidraScript)  
2025-12-07 20:40:35,850 - ghidra_adapter - DEBUG -   INFO  ExtractBinaryInfo.py> Writing 2 rows to .\Malware_sample_exe_output\Malware_sample_exe_cross_refs\Malware_sample_exe_00401f90_setargv_refs.csv... (GhidraScript)  
2025-12-07 20:40:35,850 - ghidra_adapter - DEBUG -   INFO  ExtractBinaryInfo.py> Writing 2 rows to .\Malware_sample_exe_output\Malware_sample_exe_cross_refs\Malware_sample_exe_00401f90_text_refs.csv... (GhidraScript)  
2025-12-07 20:40:35,852 - ghidra_adapter - DEBUG -   INFO  ExtractBinaryInfo.py> Writing 3 rows to .\Malware_sample_exe_output\Malware_sample_exe_cross_refs\Malware_sample_exe_00401fa0_security_init_cookie_refs.csv... (GhidraScript)  
2025-12-07 20:40:35,852 - ghidra_adapter - DEBUG -   INFO  ExtractBinaryInfo.py> Writing 3 rows to .\Malware_sample_exe_output\Malware_sample_exe_cross_refs\Malware_sample_exe_00401fa0_text_refs.csv... (GhidraScript)  
2025-12-07 20:40:35,852 - ghidra_adapter - DEBUG -   INFO  ExtractBinaryInfo.py> Writing 1 rows to .\Malware_sample_exe_output\Malware_sample_exe_cross_refs\Malware_sample_exe_00402080_report_gsfailure_refs.csv... (GhidraScript)  
2025-12-07 20:40:35,852 - ghidra_adapter - DEBUG -   INFO  ExtractBinaryInfo.py> Writing 3 rows to .\Malware_sample_exe_output\Malware_sample_exe_cross_refs\Malware_sample_exe_00402180_tls_callback_1_refs.csv... (GhidraScript)  
2025-12-07 20:40:35,852 - ghidra_adapter - DEBUG -   INFO  ExtractBinaryInfo.py> Writing 3 rows to .\Malware_sample_exe_output\Malware_sample_exe_cross_refs\Malware_sample_exe_00402180_text_refs.csv... (GhidraScript)  
2025-12-07 20:40:35,852 - ghidra_adapter - DEBUG -   INFO  ExtractBinaryInfo.py> Writing 3 rows to .\Malware_sample_exe_output\Malware_sample_exe_cross_refs\Malware_sample_exe_00402180_dyn_tls_dtor_refs.csv... (GhidraScript)  
2025-12-07 20:40:35,852 - ghidra_adapter - DEBUG -   INFO  ExtractBinaryInfo.py> Writing 5 rows to .\Malware_sample_exe_output\Malware_sample_exe_cross_refs\Malware_sample_exe_004021b0_tls_callback_0_refs.csv... (GhidraScript)  
2025-12-07 20:40:35,852 - ghidra_adapter - DEBUG -   INFO  ExtractBinaryInfo.py> Writing 5 rows to .\Malware_sample_exe_output\Malware_sample_exe_cross_refs\Malware_sample_exe_004021b0_dyn_tls_init_refs.csv... (GhidraScript)  
2025-12-07 20:40:35,852 - ghidra_adapter - DEBUG -   INFO  ExtractBinaryInfo.py> Writing 1 rows to .\Malware_sample_exe_output\Malware_sample_exe_cross_refs\Malware_sample_exe_00402230_tlregdtor_refs.csv... (GhidraScript)  
2025-12-07 20:40:35,852 - ghidra_adapter - DEBUG -   INFO  ExtractBinaryInfo.py> Writing 1 rows to .\Malware_sample_exe_output\Malware_sample_exe_cross_refs\Malware_sample_exe_00402240_text_refs.csv... (GhidraScript)  
2025-12-07 20:40:35,852 - ghidra_adapter - DEBUG -   INFO  ExtractBinaryInfo.py> Writing 1 rows to .\Malware_sample_exe_output\Malware_sample_exe_cross_refs\Malware_sample_exe_00402240_mingw_raise_matherr_refs.csv... (GhidraScript)  
2025-12-07 20:40:35,852 - ghidra_adapter - DEBUG -   INFO  ExtractBinaryInfo.py> Writing 2 rows to .\Malware_sample_exe_output\Malware_sample_exe_cross_refs\Malware_sample_exe_00402290_mingw_setusermatherr_refs.csv... (GhidraScript)  
2025-12-07 20:40:35,853 - ghidra_adapter - DEBUG -   INFO  ExtractBinaryInfo.py> Writing 2 rows to .\Malware_sample_exe_output\Malware_sample_exe_cross_refs\Malware_sample_exe_004022a0_matherr_refs.csv... (GhidraScript)  
2025-12-07 20:40:35,853 - ghidra_adapter - DEBUG -   INFO  ExtractBinaryInfo.py> Writing 1 rows to .\Malware_sample_exe_output\Malware_sample_exe_cross_refs\Malware_sample_exe_004022d1_caseD_1_refs.csv... (GhidraScript)  
2025-12-07 20:40:35,853 - ghidra_adapter - DEBUG -   INFO  ExtractBinaryInfo.py> Writing 1 rows to .\Malware_sample_exe_output\Malware_sample_exe_cross_refs\Malware_sample_exe_00402340_caseD_2_refs.csv... (GhidraScript)  
2025-12-07 20:40:35,853 - ghidra_adapter - DEBUG -   INFO  ExtractBinaryInfo.py> Writing 1 rows to .\Malware_sample_exe_output\Malware_sample_exe_cross_refs\Malware_sample_exe_00402350_caseD_3_refs.csv... (GhidraScript)  
2025-12-07 20:40:35,853 - ghidra_adapter - DEBUG -   INFO  ExtractBinaryInfo.py> Writing 1 rows to .\Malware_sample_exe_output\Malware_sample_exe_cross_refs\Malware_sample_exe_00402360_caseD_4_refs.csv... (GhidraScript)  
2025-12-07 20:40:35,853 - ghidra_adapter - DEBUG -   INFO  ExtractBinaryInfo.py> Writing 1 rows to .\Malware_sample_exe_output\Malware_sample_exe_cross_refs\Malware_sample_exe_00402370_caseD_5_refs.csv... (GhidraScript)  
2025-12-07 20:40:35,853 - ghidra_adapter - DEBUG -   INFO  ExtractBinaryInfo.py> Writing 1 rows to .\Malware_sample_exe_output\Malware_sample_exe_cross_refs\Malware_sample_exe_00402380_caseD_6_refs.csv... (GhidraScript)  
2025-12-07 20:40:35,853 - ghidra_adapter - DEBUG -   INFO  ExtractBinaryInfo.py> Writing 2 rows to .\Malware_sample_exe_output\Malware_sample_exe_cross_refs\Malware_sample_exe_00402390_caseD_0_refs.csv... (GhidraScript)  
2025-12-07 20:40:35,853 - ghidra_adapter - DEBUG -   INFO  ExtractBinaryInfo.py> Writing 5 rows to .\Malware_sample_exe_output\Malware_sample_exe_cross_refs\Malware_sample_exe_004023a0_fpreset_refs.csv... (GhidraScript)  
2025-12-07 20:40:35,853 - ghidra_adapter - DEBUG -   INFO  ExtractBinaryInfo.py> Writing 5 rows to .\Malware_sample_exe_output\Malware_sample_exe_cross_refs\Malware_sample_exe_004023a0_fpreset_refs.csv... (GhidraScript)  
2025-12-07 20:40:35,853 - ghidra_adapter - DEBUG -   INFO  ExtractBinaryInfo.py> Writing 5 rows to .\Malware_sample_exe_output\Malware_sample_exe_cross_refs\Malware_sample_exe_004023a0_text_refs.csv... (GhidraScript)  
2025-12-07 20:40:35,853 - ghidra_adapter - DEBUG -   INFO  ExtractBinaryInfo.py> Writing 1 rows to .\Malware_sample_exe_output\Malware_sample_exe_cross_refs\Malware_sample_exe_004023b0_decode_pointer_refs.csv... (GhidraScript)  
2025-12-07 20:40:35,853 - ghidra_adapter - DEBUG -   INFO  ExtractBinaryInfo.py> Writing 1 rows to .\Malware_sample_exe_output\Malware_sample_exe_cross_refs\Malware_sample_exe_004023b0_text_refs.csv... (GhidraScript)  
2025-12-07 20:40:35,854 - ghidra_adapter - DEBUG -   INFO  ExtractBinaryInfo.py> Writing 1 rows to .\Malware_sample_exe_output\Malware_sample_exe_cross_refs\Malware_sample_exe_004023c0_encode_pointer_refs.csv... (GhidraScript)  
2025-12-07 20:40:35,854 - ghidra_adapter - DEBUG -   INFO  ExtractBinaryInfo.py> Writing 6 rows to .\Malware_sample_exe_output\Malware_sample_exe_cross_refs\Malware_sample_exe_004023d0_write_memory_part_0_refs.csv... (GhidraScript)  
2025-12-07 20:40:35,854 - ghidra_adapter - DEBUG -   INFO  ExtractBinaryInfo.py> Writing 6 rows to .\Malware_sample_exe_output\Malware_sample_exe_cross_refs\Malware_sample_exe_004023d0_text_refs.csv... (GhidraScript)  
2025-12-07 20:40:35,854 - ghidra_adapter - DEBUG -   INFO  ExtractBinaryInfo.py> Writing 2 rows to .\Malware_sample_exe_output\Malware_sample_exe_cross_refs\Malware_sample_exe_004025a0_pei386_runtime_relocator_refs.csv... (GhidraScript)  
2025-12-07 20:40:35,854 - ghidra_adapter - DEBUG -   INFO  ExtractBinaryInfo.py> Writing 2 rows to .\Malware_sample_exe_output\Malware_sample_exe_cross_refs\Malware_sample_exe_00402860_text_refs.csv... (GhidraScript)  
2025-12-07 20:40:35,854 - ghidra_adapter - DEBUG -   INFO  ExtractBinaryInfo.py> Writing 2 rows to .\Malware_sample_exe_output\Malware_sample_exe_cross_refs\Malware_sample_exe_00402860_mingw_SEH_error_handler_refs.csv... (GhidraScript)  
2025-12-07 20:40:35,854 - ghidra_adapter - DEBUG -   INFO  ExtractBinaryInfo.py> Writing 2 rows to .\Malware_sample_exe_output\Malware_sample_exe_cross_refs\Malware_sample_exe_00402a00_mingw_init_ehandler_refs.csv... (GhidraScript)  
2025-12-07 20:40:35,854 - ghidra_adapter - DEBUG -   INFO  ExtractBinaryInfo.py> Writing 2 rows to .\Malware_sample_exe_output\Malware_sample_exe_cross_refs\Malware_sample_exe_00402af0_gnu_exception_handler_refs.csv... (GhidraScript)  
2025-12-07 20:40:35,854 - ghidra_adapter - DEBUG -   INFO  ExtractBinaryInfo.py> Writing 3 rows to .\Malware_sample_exe_output\Malware_sample_exe_cross_refs\Malware_sample_exe_00402ce0_mingwthr_run_key_dtors_part_0_refs.csv... (GhidraScript)  
2025-12-07 20:40:35,854 - ghidra_adapter - DEBUG -   INFO  ExtractBinaryInfo.py> Writing 3 rows to .\Malware_sample_exe_output\Malware_sample_exe_cross_refs\Malware_sample_exe_00402ce0_text_refs.csv... (GhidraScript)  
2025-12-07 20:40:35,854 - ghidra_adapter - DEBUG -   INFO  ExtractBinaryInfo.py> Writing 1 rows to .\Malware_sample_exe_output\Malware_sample_exe_cross_refs\Malware_sample_exe_00402d50_w64_mingwthr_add_key_dtor_refs.csv... (GhidraScript)  
2025-12-07 20:40:35,854 - ghidra_adapter - DEBUG -   INFO  ExtractBinaryInfo.py> Writing 1 rows to .\Malware_sample_exe_output\Malware_sample_exe_cross_refs\Malware_sample_exe_00402dd0_w64_mingwthr_remove_key_dtor_refs.csv... (GhidraScript)  
2025-12-07 20:40:35,854 - ghidra_adapter - DEBUG -   INFO  ExtractBinaryInfo.py> Writing 3 rows to .\Malware_sample_exe_output\Malware_sample_exe_cross_refs\Malware_sample_exe_00402e70_mingw_TLScallback_refs.csv... (GhidraScript)  
2025-12-07 20:40:35,854 - ghidra_adapter - DEBUG -   INFO  ExtractBinaryInfo.py> Writing 9 rows to .\Malware_sample_exe_output\Malware_sample_exe_cross_refs\Malware_sample_exe_00402f50_text_refs.csv... (GhidraScript)  
2025-12-07 20:40:35,854 - ghidra_adapter - DEBUG -   INFO  ExtractBinaryInfo.py> Writing 9 rows to .\Malware_sample_exe_output\Malware_sample_exe_cross_refs\Malware_sample_exe_00402f50_ValidateImageBase_part_0_refs.csv... (GhidraScript)  
2025-12-07 20:40:35,855 - ghidra_adapter - DEBUG -   INFO  ExtractBinaryInfo.py> Writing 1 rows to .\Malware_sample_exe_output\Malware_sample_exe_cross_refs\Malware_sample_exe_00402f70_ValidateImageBase_refs.csv... (GhidraScript)  
2025-12-07 20:40:35,855 - ghidra_adapter - DEBUG -   INFO  ExtractBinaryInfo.py> Writing 1 rows to .\Malware_sample_exe_output\Malware_sample_exe_cross_refs\Malware_sample_exe_00402f90_FindPESection_refs.csv... (GhidraScript)  
2025-12-07 20:40:35,855 - ghidra_adapter - DEBUG -   INFO  ExtractBinaryInfo.py> Writing 2 rows to .\Malware_sample_exe_output\Malware_sample_exe_cross_refs\Malware_sample_exe_00402fe0_FindPESectionByName_refs.csv... (GhidraScript)  
2025-12-07 20:40:35,855 - ghidra_adapter - DEBUG -   INFO  ExtractBinaryInfo.py> Writing 2 rows to .\Malware_sample_exe_output\Malware_sample_exe_cross_refs\Malware_sample_exe_00403070_mingw_GetSectionForAddress_refs.csv... (GhidraScript)  
2025-12-07 20:40:35,855 - ghidra_adapter - DEBUG -   INFO  ExtractBinaryInfo.py> Writing 2 rows to .\Malware_sample_exe_output\Malware_sample_exe_cross_refs\Malware_sample_exe_004030f0_mingw_GetSectionCount_refs.csv... (GhidraScript)  
2025-12-07 20:40:35,855 - ghidra_adapter - DEBUG -   INFO  ExtractBinaryInfo.py> Writing 2 rows to .\Malware_sample_exe_output\Malware_sample_exe_cross_refs\Malware_sample_exe_00403130_FindPESectionExec_refs.csv... (GhidraScript)  
2025-12-07 20:40:35,855 - ghidra_adapter - DEBUG -   INFO  ExtractBinaryInfo.py> Writing 3 rows to .\Malware_sample_exe_output\Malware_sample_exe_cross_refs\Malware_sample_exe_004031a0_GetPEImageBase_refs.csv... (GhidraScript)  
2025-12-07 20:40:35,855 - ghidra_adapter - DEBUG -   INFO  ExtractBinaryInfo.py> Writing 1 rows to .\Malware_sample_exe_output\Malware_sample_exe_cross_refs\Malware_sample_exe_004031e0_IsNonwritableInCurrentImage_refs.csv... (GhidraScript)  
2025-12-07 20:40:35,855 - ghidra_adapter - DEBUG -   INFO  ExtractBinaryInfo.py> Writing 1 rows to .\Malware_sample_exe_output\Malware_sample_exe_cross_refs\Malware_sample_exe_00403280_mingw_enum_import_library_names_refs.csv... (GhidraScript)  
2025-12-07 20:40:35,855 - ghidra_adapter - DEBUG -   INFO  ExtractBinaryInfo.py> Writing 2 rows to .\Malware_sample_exe_output\Malware_sample_exe_cross_refs\Malware_sample_exe_00403330_text_refs.csv... (GhidraScript)  
2025-12-07 20:40:35,855 - ghidra_adapter - DEBUG -   INFO  ExtractBinaryInfo.py> Writing 2 rows to .\Malware_sample_exe_output\Malware_sample_exe_cross_refs\Malware_sample_exe_00403330_chkstk_ms_refs.csv... (GhidraScript)  
2025-12-07 20:40:35,855 - ghidra_adapter - DEBUG -   INFO  ExtractBinaryInfo.py> Writing 1 rows to .\Malware_sample_exe_output\Malware_sample_exe_cross_refs\Malware_sample_exe_00403370_text_refs.csv... (GhidraScript)  
2025-12-07 20:40:35,856 - ghidra_adapter - DEBUG -   INFO  ExtractBinaryInfo.py> Writing 1 rows to .\Malware_sample_exe_output\Malware_sample_exe_cross_refs\Malware_sample_exe_00403370_vfprintf_refs.csv... (GhidraScript)  
2025-12-07 20:40:35,856 - ghidra_adapter - DEBUG -   INFO  ExtractBinaryInfo.py> Writing 2 rows to .\Malware_sample_exe_output\Malware_sample_exe_cross_refs\Malware_sample_exe_00403378_text_refs.csv... (GhidraScript)  
2025-12-07 20:40:35,856 - ghidra_adapter - DEBUG -   INFO  ExtractBinaryInfo.py> Writing 2 rows to .\Malware_sample_exe_output\Malware_sample_exe_cross_refs\Malware_sample_exe_00403378_system_refs.csv... (GhidraScript)  
2025-12-07 20:40:35,856 - ghidra_adapter - DEBUG -   INFO  ExtractBinaryInfo.py> Writing 1 rows to .\Malware_sample_exe_output\Malware_sample_exe_cross_refs\Malware_sample_exe_00403380_text_refs.csv... (GhidraScript)  
2025-12-07 20:40:35,856 - ghidra_adapter - DEBUG -   INFO  ExtractBinaryInfo.py> Writing 1 rows to .\Malware_sample_exe_output\Malware_sample_exe_cross_refs\Malware_sample_exe_00403380_strncmp_refs.csv... (GhidraScript)  
2025-12-07 20:40:35,856 - ghidra_adapter - DEBUG -   INFO  ExtractBinaryInfo.py> Writing 3 rows to .\Malware_sample_exe_output\Malware_sample_exe_cross_refs\Malware_sample_exe_00403388_text_refs.csv... (GhidraScript)  
2025-12-07 20:40:35,856 - ghidra_adapter - DEBUG -   INFO  ExtractBinaryInfo.py> Writing 3 rows to .\Malware_sample_exe_output\Malware_sample_exe_cross_refs\Malware_sample_exe_00403388_strlen_refs.csv... (GhidraScript)  
2025-12-07 20:40:35,856 - ghidra_adapter - DEBUG -   INFO  ExtractBinaryInfo.py> Writing 1 rows to .\Malware_sample_exe_output\Malware_sample_exe_cross_refs\Malware_sample_exe_00403390_text_refs.csv... (GhidraScript)  
2025-12-07 20:40:35,856 - ghidra_adapter - DEBUG -   INFO  ExtractBinaryInfo.py> Writing 1 rows to .\Malware_sample_exe_output\Malware_sample_exe_cross_refs\Malware_sample_exe_00403390_strcmp_refs.csv... (GhidraScript)  
2025-12-07 20:40:35,856 - ghidra_adapter - DEBUG -   INFO  ExtractBinaryInfo.py> Writing 2 rows to .\Malware_sample_exe_output\Malware_sample_exe_cross_refs\Malware_sample_exe_00403398_text_refs.csv... (GhidraScript)  
2025-12-07 20:40:35,856 - ghidra_adapter - DEBUG -   INFO  ExtractBinaryInfo.py> Writing 2 rows to .\Malware_sample_exe_output\Malware_sample_exe_cross_refs\Malware_sample_exe_00403398_strcat_refs.csv... (GhidraScript)  
2025-12-07 20:40:35,856 - ghidra_adapter - DEBUG -   INFO  ExtractBinaryInfo.py> Writing 1 rows to .\Malware_sample_exe_output\Malware_sample_exe_cross_refs\Malware_sample_exe_004033a0_text_refs.csv... (GhidraScript)  
2025-12-07 20:40:35,856 - ghidra_adapter - DEBUG -   INFO  ExtractBinaryInfo.py> Writing 1 rows to .\Malware_sample_exe_output\Malware_sample_exe_cross_refs\Malware_sample_exe_004033a0_srand_refs.csv... (GhidraScript)  
2025-12-07 20:40:35,856 - ghidra_adapter - DEBUG -   INFO  ExtractBinaryInfo.py> Writing 16 rows to .\Malware_sample_exe_output\Malware_sample_exe_cross_refs\Malware_sample_exe_004033a8_text_refs.csv... (GhidraScript)  
2025-12-07 20:40:35,856 - ghidra_adapter - DEBUG -   INFO  ExtractBinaryInfo.py> Writing 16 rows to .\Malware_sample_exe_output\Malware_sample_exe_cross_refs\Malware_sample_exe_004033a8_signal_refs.csv... (GhidraScript)  
2025-12-07 20:40:35,857 - ghidra_adapter - DEBUG -   INFO  ExtractBinaryInfo.py> Writing 1 rows to .\Malware_sample_exe_output\Malware_sample_exe_cross_refs\Malware_sample_exe_004033b0_text_refs.csv... (GhidraScript)  
2025-12-07 20:40:35,857 - ghidra_adapter - DEBUG -   INFO  ExtractBinaryInfo.py> Writing 1 rows to .\Malware_sample_exe_output\Malware_sample_exe_cross_refs\Malware_sample_exe_004033b0_rand_refs.csv... (GhidraScript)  
2025-12-07 20:40:35,857 - ghidra_adapter - DEBUG -   INFO  ExtractBinaryInfo.py> Writing 2 rows to .\Malware_sample_exe_output\Malware_sample_exe_cross_refs\Malware_sample_exe_004033b8_text_refs.csv... (GhidraScript)  
2025-12-07 20:40:35,857 - ghidra_adapter - DEBUG -   INFO  ExtractBinaryInfo.py> Writing 2 rows to .\Malware_sample_exe_output\Malware_sample_exe_cross_refs\Malware_sample_exe_004033b8_puts_refs.csv... (GhidraScript)  
2025-12-07 20:40:35,857 - ghidra_adapter - DEBUG -   INFO  ExtractBinaryInfo.py> Writing 1 rows to .\Malware_sample_exe_output\Malware_sample_exe_cross_refs\Malware_sample_exe_004033c0_text_refs.csv... (GhidraScript)  
2025-12-07 20:40:35,857 - ghidra_adapter - DEBUG -   INFO  ExtractBinaryInfo.py> Writing 1 rows to .\Malware_sample_exe_output\Malware_sample_exe_cross_refs\Malware_sample_exe_004033c0_memcpy_refs.csv... (GhidraScript)  
2025-12-07 20:40:35,857 - ghidra_adapter - DEBUG -   INFO  ExtractBinaryInfo.py> Writing 2 rows to .\Malware_sample_exe_output\Malware_sample_exe_cross_refs\Malware_sample_exe_004033c8_text_refs.csv... (GhidraScript)  
2025-12-07 20:40:35,857 - ghidra_adapter - DEBUG -   INFO  ExtractBinaryInfo.py> Writing 2 rows to .\Malware_sample_exe_output\Malware_sample_exe_cross_refs\Malware_sample_exe_004033c8_malloc_refs.csv... (GhidraScript)  
2025-12-07 20:40:35,857 - ghidra_adapter - DEBUG -   INFO  ExtractBinaryInfo.py> Writing 1 rows to .\Malware_sample_exe_output\Malware_sample_exe_cross_refs\Malware_sample_exe_004033d0_text_refs.csv... (GhidraScript)  
2025-12-07 20:40:35,857 - ghidra_adapter - DEBUG -   INFO  ExtractBinaryInfo.py> Writing 1 rows to .\Malware_sample_exe_output\Malware_sample_exe_cross_refs\Malware_sample_exe_004033d0_fwrite_refs.csv... (GhidraScript)  
2025-12-07 20:40:35,857 - ghidra_adapter - DEBUG -   INFO  ExtractBinaryInfo.py> Writing 2 rows to .\Malware_sample_exe_output\Malware_sample_exe_cross_refs\Malware_sample_exe_004033d8_text_refs.csv... (GhidraScript)  
2025-12-07 20:40:35,858 - ghidra_adapter - DEBUG -   INFO  ExtractBinaryInfo.py> Writing 2 rows to .\Malware_sample_exe_output\Malware_sample_exe_cross_refs\Malware_sample_exe_004033d8_free_refs.csv... (GhidraScript)  
2025-12-07 20:40:35,858 - ghidra_adapter - DEBUG -   INFO  ExtractBinaryInfo.py> Writing 1 rows to .\Malware_sample_exe_output\Malware_sample_exe_cross_refs\Malware_sample_exe_004033e0_text_refs.csv... (GhidraScript)  
2025-12-07 20:40:35,858 - ghidra_adapter - DEBUG -   INFO  ExtractBinaryInfo.py> Writing 1 rows to .\Malware_sample_exe_output\Malware_sample_exe_cross_refs\Malware_sample_exe_004033e0_fprintf_refs.csv... (GhidraScript)  
2025-12-07 20:40:35,858 - ghidra_adapter - DEBUG -   INFO  ExtractBinaryInfo.py> Writing 1 rows to .\Malware_sample_exe_output\Malware_sample_exe_cross_refs\Malware_sample_exe_004033e8_text_refs.csv... (GhidraScript)  
2025-12-07 20:40:35,858 - ghidra_adapter - DEBUG -   INFO  ExtractBinaryInfo.py> Writing 1 rows to .\Malware_sample_exe_output\Malware_sample_exe_cross_refs\Malware_sample_exe_004033e8_exit_refs.csv... (GhidraScript)  
2025-12-07 20:40:35,858 - ghidra_adapter - DEBUG -   INFO  ExtractBinaryInfo.py> Writing 1 rows to .\Malware_sample_exe_output\Malware_sample_exe_cross_refs\Malware_sample_exe_004033f0_text_refs.csv... (GhidraScript)  
2025-12-07 20:40:35,858 - ghidra_adapter - DEBUG -   INFO  ExtractBinaryInfo.py> Writing 1 rows to .\Malware_sample_exe_output\Malware_sample_exe_cross_refs\Malware_sample_exe_004033f0_calloc_refs.csv... (GhidraScript)  
2025-12-07 20:40:35,858 - ghidra_adapter - DEBUG -   INFO  ExtractBinaryInfo.py> Writing 2 rows to .\Malware_sample_exe_output\Malware_sample_exe_cross_refs\Malware_sample_exe_004033f8_text_refs.csv... (GhidraScript)  
2025-12-07 20:40:35,858 - ghidra_adapter - DEBUG -   INFO  ExtractBinaryInfo.py> Writing 2 rows to .\Malware_sample_exe_output\Malware_sample_exe_cross_refs\Malware_sample_exe_004033f8_abort_refs.csv... (GhidraScript)  
2025-12-07 20:40:35,858 - ghidra_adapter - DEBUG -   INFO  ExtractBinaryInfo.py> Writing 1 rows to .\Malware_sample_exe_output\Malware_sample_exe_cross_refs\Malware_sample_exe_00403400_text_refs.csv... (GhidraScript)  
2025-12-07 20:40:35,858 - ghidra_adapter - DEBUG -   INFO  ExtractBinaryInfo.py> Writing 1 rows to .\Malware_sample_exe_output\Malware_sample_exe_cross_refs\Malware_sample_exe_00403400_time_refs.csv... (GhidraScript)  
2025-12-07 20:40:35,858 - ghidra_adapter - DEBUG -   INFO  ExtractBinaryInfo.py> Writing 1 rows to .\Malware_sample_exe_output\Malware_sample_exe_cross_refs\Malware_sample_exe_00403408_text_refs.csv... (GhidraScript)  
2025-12-07 20:40:35,858 - ghidra_adapter - DEBUG -   INFO  ExtractBinaryInfo.py> Writing 1 rows to .\Malware_sample_exe_output\Malware_sample_exe_cross_refs\Malware_sample_exe_00403408_onexit_refs.csv... (GhidraScript)  
2025-12-07 20:40:35,858 - ghidra_adapter - DEBUG -   INFO  ExtractBinaryInfo.py> Writing 2 rows to .\Malware_sample_exe_output\Malware_sample_exe_cross_refs\Malware_sample_exe_00403418_text_refs.csv... (GhidraScript)  
2025-12-07 20:40:35,858 - ghidra_adapter - DEBUG -   INFO  ExtractBinaryInfo.py> Writing 2 rows to .\Malware_sample_exe_output\Malware_sample_exe_cross_refs\Malware_sample_exe_00403418_initterm_refs.csv... (GhidraScript)  
2025-12-07 20:40:35,859 - ghidra_adapter - DEBUG -   INFO  ExtractBinaryInfo.py> Writing 1 rows to .\Malware_sample_exe_output\Malware_sample_exe_cross_refs\Malware_sample_exe_00403420_text_refs.csv... (GhidraScript)  
2025-12-07 20:40:35,859 - ghidra_adapter - DEBUG -   INFO  ExtractBinaryInfo.py> Writing 1 rows to .\Malware_sample_exe_output\Malware_sample_exe_cross_refs\Malware_sample_exe_00403420_cexit_refs.csv... (GhidraScript)  
2025-12-07 20:40:35,859 - ghidra_adapter - DEBUG -   INFO  ExtractBinaryInfo.py> Writing 1 rows to .\Malware_sample_exe_output\Malware_sample_exe_cross_refs\Malware_sample_exe_00403428_text_refs.csv... (GhidraScript)  
2025-12-07 20:40:35,859 - ghidra_adapter - DEBUG -   INFO  ExtractBinaryInfo.py> Writing 1 rows to .\Malware_sample_exe_output\Malware_sample_exe_cross_refs\Malware_sample_exe_00403428_amsg_exit_refs.csv... (GhidraScript)  
2025-12-07 20:40:35,859 - ghidra_adapter - DEBUG -   INFO  ExtractBinaryInfo.py> Writing 1 rows to .\Malware_sample_exe_output\Malware_sample_exe_cross_refs\Malware_sample_exe_00403430_text_refs.csv... (GhidraScript)  
2025-12-07 20:40:35,859 - ghidra_adapter - DEBUG -   INFO  ExtractBinaryInfo.py> Writing 1 rows to .\Malware_sample_exe_output\Malware_sample_exe_cross_refs\Malware_sample_exe_00403430_setusermatherr_refs.csv... (GhidraScript)  
2025-12-07 20:40:35,859 - ghidra_adapter - DEBUG -   INFO  ExtractBinaryInfo.py> Writing 2 rows to .\Malware_sample_exe_output\Malware_sample_exe_cross_refs\Malware_sample_exe_00403438_text_refs.csv... (GhidraScript)  
2025-12-07 20:40:35,859 - ghidra_adapter - DEBUG -   INFO  ExtractBinaryInfo.py> Writing 2 rows to .\Malware_sample_exe_output\Malware_sample_exe_cross_refs\Malware_sample_exe_00403438_set_app_type_refs.csv... (GhidraScript)  
2025-12-07 20:40:35,859 - ghidra_adapter - DEBUG -   INFO  ExtractBinaryInfo.py> Writing 1 rows to .\Malware_sample_exe_output\Malware_sample_exe_cross_refs\Malware_sample_exe_00403448_text_refs.csv... (GhidraScript)  
2025-12-07 20:40:35,859 - ghidra_adapter - DEBUG -   INFO  ExtractBinaryInfo.py> Writing 1 rows to .\Malware_sample_exe_output\Malware_sample_exe_cross_refs\Malware_sample_exe_00403448_getmainargs_refs.csv... (GhidraScript)  
2025-12-07 20:40:35,859 - ghidra_adapter - DEBUG -   INFO  ExtractBinaryInfo.py> Writing 2 rows to .\Malware_sample_exe_output\Malware_sample_exe_cross_refs\Malware_sample_exe_00403450_text_refs.csv... (GhidraScript)  
2025-12-07 20:40:35,860 - ghidra_adapter - DEBUG -   INFO  ExtractBinaryInfo.py> Writing 2 rows to .\Malware_sample_exe_output\Malware_sample_exe_cross_refs\Malware_sample_exe_00403450_C_specific_handler_refs.csv... (GhidraScript)  
2025-12-07 20:40:35,860 - ghidra_adapter - DEBUG -   INFO  ExtractBinaryInfo.py> Writing 4 rows to .\Malware_sample_exe_output\Malware_sample_exe_cross_refs\Malware_sample_exe_00403460_acrt_iob_func_refs.csv... (GhidraScript)  
2025-12-07 20:40:35,860 - ghidra_adapter - DEBUG -   INFO  ExtractBinaryInfo.py> Writing 4 rows to .\Malware_sample_exe_output\Malware_sample_exe_cross_refs\Malware_sample_exe_00403460_text_refs.csv... (GhidraScript)  
2025-12-07 20:40:35,860 - ghidra_adapter - DEBUG -   INFO  ExtractBinaryInfo.py> Writing 2 rows to .\Malware_sample_exe_output\Malware_sample_exe_cross_refs\Malware_sample_exe_00403480_mingw_get_invalid_parameter_handler_refs.csv... (GhidraScript)  
2025-12-07 20:40:35,860 - ghidra_adapter - DEBUG -   INFO  ExtractBinaryInfo.py> Writing 2 rows to .\Malware_sample_exe_output\Malware_sample_exe_cross_refs\Malware_sample_exe_00403480_get_invalid_parameter_handler_refs.csv... (GhidraScript)  
2025-12-07 20:40:35,860 - ghidra_adapter - DEBUG -   INFO  ExtractBinaryInfo.py> Writing 2 rows to .\Malware_sample_exe_output\Malware_sample_exe_cross_refs\Malware_sample_exe_00403480_text_refs.csv... (GhidraScript)  
2025-12-07 20:40:35,860 - ghidra_adapter - DEBUG -   INFO  ExtractBinaryInfo.py> Writing 3 rows to .\Malware_sample_exe_output\Malware_sample_exe_cross_refs\Malware_sample_exe_00403490_mingw_set_invalid_parameter_handler_refs.csv... (GhidraScript)  
2025-12-07 20:40:35,860 - ghidra_adapter - DEBUG -   INFO  ExtractBinaryInfo.py> Writing 3 rows to .\Malware_sample_exe_output\Malware_sample_exe_cross_refs\Malware_sample_exe_00403490_set_invalid_parameter_handler_refs.csv... (GhidraScript)  
2025-12-07 20:40:35,860 - ghidra_adapter - DEBUG -   INFO  ExtractBinaryInfo.py> Writing 3 rows to .\Malware_sample_exe_output\Malware_sample_exe_cross_refs\Malware_sample_exe_004034a0_p_acmdln_refs.csv... (GhidraScript)  
2025-12-07 20:40:35,860 - ghidra_adapter - DEBUG -   INFO  ExtractBinaryInfo.py> Writing 3 rows to .\Malware_sample_exe_output\Malware_sample_exe_cross_refs\Malware_sample_exe_004034a0_text_refs.csv... (GhidraScript)  
2025-12-07 20:40:35,860 - ghidra_adapter - DEBUG -   INFO  ExtractBinaryInfo.py> Writing 2 rows to .\Malware_sample_exe_output\Malware_sample_exe_cross_refs\Malware_sample_exe_004034b0_p_fmode_refs.csv... (GhidraScript)  
2025-12-07 20:40:35,860 - ghidra_adapter - DEBUG -   INFO  ExtractBinaryInfo.py> Writing 2 rows to .\Malware_sample_exe_output\Malware_sample_exe_cross_refs\Malware_sample_exe_004034b0_text_refs.csv... (GhidraScript)  
2025-12-07 20:40:35,860 - ghidra_adapter - DEBUG -   INFO  ExtractBinaryInfo.py> Writing 1 rows to .\Malware_sample_exe_output\Malware_sample_exe_cross_refs\Malware_sample_exe_004034c0_text_refs.csv... (GhidraScript)  
2025-12-07 20:40:35,860 - ghidra_adapter - DEBUG -   INFO  ExtractBinaryInfo.py> Writing 1 rows to .\Malware_sample_exe_output\Malware_sample_exe_cross_refs\Malware_sample_exe_004034c0_iob_func_refs.csv... (GhidraScript)  
2025-12-07 20:40:35,861 - ghidra_adapter - DEBUG -   INFO  ExtractBinaryInfo.py> Writing 6 rows to .\Malware_sample_exe_output\Malware_sample_exe_cross_refs\Malware_sample_exe_00403610_report_error_refs.csv... (GhidraScript)  
2025-12-07 20:40:35,861 - ghidra_adapter - DEBUG -   INFO  ExtractBinaryInfo.py> Writing 6 rows to .\Malware_sample_exe_output\Malware_sample_exe_cross_refs\Malware_sample_exe_00403610_text_unlikely_refs.csv... (GhidraScript)  
2025-12-07 20:40:35,861 - ghidra_adapter - DEBUG -   INFO  ExtractBinaryInfo.py> Writing 6 rows to .\Malware_sample_exe_output\Malware_sample_exe_cross_refs\Malware_sample_exe_00403610_text_refs.csv... (GhidraScript)  
2025-12-07 20:40:35,861 - ghidra_adapter - DEBUG -   INFO  ExtractBinaryInfo.py> Writing 2 rows to .\Malware_sample_exe_output\Malware_sample_exe_cross_refs\Malware_sample_exe_00403680_register_frame_ctor_refs.csv... (GhidraScript)  
2025-12-07 20:40:35,861 - ghidra_adapter - DEBUG -   INFO  ExtractBinaryInfo.py> Writing 2 rows to .\Malware_sample_exe_output\Malware_sample_exe_cross_refs\Malware_sample_exe_00403680_text_startup_refs.csv... (GhidraScript)  
2025-12-07 20:40:35,861 - ghidra_adapter - DEBUG -   INFO  ExtractBinaryInfo.py> Writing 5 rows to .\Malware_sample_exe_output\Malware_sample_exe_cross_refs\Malware_sample_exe_00403690_CTOR_LIST_refs.csv... (GhidraScript)  
2025-12-07 20:40:35,861 - ghidra_adapter - DEBUG -   INFO  ExtractBinaryInfo.py> Writing 5 rows to .\Malware_sample_exe_output\Malware_sample_exe_cross_refs\Malware_sample_exe_00403690_CTOR_LIST_refs.csv... (GhidraScript)  
2025-12-07 20:40:35,861 - ghidra_adapter - DEBUG -   INFO  ExtractBinaryInfo.py> Writing 3 rows to .\Malware_sample_exe_output\Malware_sample_exe_cross_refs\Malware_sample_exe_00403698_ctors_refs.csv... (GhidraScript)  
2025-12-07 20:40:35,861 - ghidra_adapter - DEBUG -   INFO  ExtractBinaryInfo.py> Writing 1 rows to .\Malware_sample_exe_output\Malware_sample_exe_cross_refs\Malware_sample_exe_004036a0_ctors_65535_refs.csv... (GhidraScript)  
2025-12-07 20:40:35,861 - ghidra_adapter - DEBUG -   INFO  ExtractBinaryInfo.py> Writing 3 rows to .\Malware_sample_exe_output\Malware_sample_exe_cross_refs\Malware_sample_exe_00404010_data_refs.csv... (GhidraScript)  
2025-12-07 20:40:35,861 - ghidra_adapter - DEBUG -   INFO  ExtractBinaryInfo.py> Writing 3 rows to .\Malware_sample_exe_output\Malware_sample_exe_cross_refs\Malware_sample_exe_00404010_p_93846_refs.csv... (GhidraScript)  
2025-12-07 20:40:35,861 - ghidra_adapter - DEBUG -   INFO  ExtractBinaryInfo.py> Writing 2 rows to .\Malware_sample_exe_output\Malware_sample_exe_cross_refs\Malware_sample_exe_00404030_data_refs.csv... (GhidraScript)  
2025-12-07 20:40:35,861 - ghidra_adapter - DEBUG -   INFO  ExtractBinaryInfo.py> Writing 2 rows to .\Malware_sample_exe_output\Malware_sample_exe_cross_refs\Malware_sample_exe_00404030_dowildcard_refs.csv... (GhidraScript)  
2025-12-07 20:40:35,861 - ghidra_adapter - DEBUG -   INFO  ExtractBinaryInfo.py> Writing 3 rows to .\Malware_sample_exe_output\Malware_sample_exe_cross_refs\Malware_sample_exe_00404050_data_refs.csv... (GhidraScript)  
2025-12-07 20:40:35,862 - ghidra_adapter - DEBUG -   INFO  ExtractBinaryInfo.py> Writing 3 rows to .\Malware_sample_exe_output\Malware_sample_exe_cross_refs\Malware_sample_exe_00404050_CRT_MT_refs.csv... (GhidraScript)  
2025-12-07 20:40:35,862 - ghidra_adapter - DEBUG -   INFO  ExtractBinaryInfo.py> Writing 2 rows to .\Malware_sample_exe_output\Malware_sample_exe_cross_refs\Malware_sample_exe_00404060_data_refs.csv... (GhidraScript)  
2025-12-07 20:40:35,862 - ghidra_adapter - DEBUG -   INFO  ExtractBinaryInfo.py> Writing 2 rows to .\Malware_sample_exe_output\Malware_sample_exe_cross_refs\Malware_sample_exe_00404060_MINGW_INSTALL_DEBUG_MATHERR_refs.csv... (GhidraScript)  
2025-12-07 20:40:35,862 - ghidra_adapter - DEBUG -   INFO  ExtractBinaryInfo.py> Writing 3 rows to .\Malware_sample_exe_output\Malware_sample_exe_cross_refs\Malware_sample_exe_004040b0_data_security_cookie_refs.csv... (GhidraScript)  
2025-12-07 20:40:35,862 - ghidra_adapter - DEBUG -   INFO  ExtractBinaryInfo.py> Writing 3 rows to .\Malware_sample_exe_output\Malware_sample_exe_cross_refs\Malware_sample_exe_004040b0_data_refs.csv... (GhidraScript)  
2025-12-07 20:40:35,862 - ghidra_adapter - DEBUG -   INFO  ExtractBinaryInfo.py> Writing 3 rows to .\Malware_sample_exe_output\Malware_sample_exe_cross_refs\Malware_sample_exe_004040b0_security_cookie_refs.csv... (GhidraScript)  
2025-12-07 20:40:35,862 - ghidra_adapter - DEBUG -   INFO  ExtractBinaryInfo.py> Writing 3 rows to .\Malware_sample_exe_output\Malware_sample_exe_cross_refs\Malware_sample_exe_004040c0_data_security_cookie_complement_refs.csv... (GhidraScript)  
2025-12-07 20:40:35,862 - ghidra_adapter - DEBUG -   INFO  ExtractBinaryInfo.py> Writing 3 rows to .\Malware_sample_exe_output\Malware_sample_exe_cross_refs\Malware_sample_exe_004040c0_security_cookie_complement_refs.csv... (GhidraScript)  
2025-12-07 20:40:35,862 - ghidra_adapter - DEBUG -   INFO  ExtractBinaryInfo.py> Writing 1 rows to .\Malware_sample_exe_output\Malware_sample_exe_cross_refs\Malware_sample_exe_00405290_GS_ExceptionPointers_refs.csv... (GhidraScript)  
2025-12-07 20:40:35,862 - ghidra_adapter - DEBUG -   INFO  ExtractBinaryInfo.py> Writing 1 rows to .\Malware_sample_exe_output\Malware_sample_exe_cross_refs\Malware_sample_exe_00405290_rdata_refs.csv... (GhidraScript)  
2025-12-07 20:40:35,862 - ghidra_adapter - DEBUG -   INFO  ExtractBinaryInfo.py> Writing 2 rows to .\Malware_sample_exe_output\Malware_sample_exe_cross_refs\Malware_sample_exe_004052a0_rdata_refs.csv... (GhidraScript)  
2025-12-07 20:40:35,863 - ghidra_adapter - DEBUG -   INFO  ExtractBinaryInfo.py> Writing 2 rows to .\Malware_sample_exe_output\Malware_sample_exe_cross_refs\Malware_sample_exe_004052a0_dyn_tls_init_callback_refs.csv... (GhidraScript)  
2025-12-07 20:40:35,863 - ghidra_adapter - DEBUG -   INFO  ExtractBinaryInfo.py> Writing 1 rows to .\Malware_sample_exe_output\Malware_sample_exe_cross_refs\Malware_sample_exe_004052c0_tls_used_refs.csv... (GhidraScript)  
2025-12-07 20:40:35,863 - ghidra_adapter - DEBUG -   INFO  ExtractBinaryInfo.py> Writing 1 rows to .\Malware_sample_exe_output\Malware_sample_exe_cross_refs\Malware_sample_exe_00405300_rdata_refs.csv... (GhidraScript)  
2025-12-07 20:40:35,863 - ghidra_adapter - DEBUG -   INFO  ExtractBinaryInfo.py> Writing 2 rows to .\Malware_sample_exe_output\Malware_sample_exe_cross_refs\Malware_sample_exe_00405424_switchdataD_00405424_refs.csv... (GhidraScript)  
2025-12-07 20:40:35,863 - ghidra_adapter - DEBUG -   INFO  ExtractBinaryInfo.py> Writing 1 rows to .\Malware_sample_exe_output\Malware_sample_exe_cross_refs\Malware_sample_exe_00405440_rdata_refs.csv... (GhidraScript)  
2025-12-07 20:40:35,863 - ghidra_adapter - DEBUG -   INFO  ExtractBinaryInfo.py> Writing 1 rows to .\Malware_sample_exe_output\Malware_sample_exe_cross_refs\Malware_sample_exe_00405550_rdata_refs.csv... (GhidraScript)  
2025-12-07 20:40:35,863 - ghidra_adapter - DEBUG -   INFO  ExtractBinaryInfo.py> Writing 1 rows to .\Malware_sample_exe_output\Malware_sample_exe_cross_refs\Malware_sample_exe_00405560_rdata_refptr_CRT_MT_refs.csv... (GhidraScript)  
2025-12-07 20:40:35,863 - ghidra_adapter - DEBUG -   INFO  ExtractBinaryInfo.py> Writing 1 rows to .\Malware_sample_exe_output\Malware_sample_exe_cross_refs\Malware_sample_exe_00405560_refptr_CRT_MT_refs.csv... (GhidraScript)  
2025-12-07 20:40:35,863 - ghidra_adapter - DEBUG -   INFO  ExtractBinaryInfo.py> Writing 1 rows to .\Malware_sample_exe_output\Malware_sample_exe_cross_refs\Malware_sample_exe_00405570_rdata_refptr_MINGW_INSTALL_DEBUG_MATHERR_refs.csv... (GhidraScript)  
2025-12-07 20:40:35,863 - ghidra_adapter - DEBUG -   INFO  ExtractBinaryInfo.py> Writing 1 rows to .\Malware_sample_exe_output\Malware_sample_exe_cross_refs\Malware_sample_exe_00405570_refptr_MINGW_INSTALL_DEBUG_MATHERR_refs.csv... (GhidraScript)  
2025-12-07 20:40:35,863 - ghidra_adapter - DEBUG -   INFO  ExtractBinaryInfo.py> Writing 1 rows to .\Malware_sample_exe_output\Malware_sample_exe_cross_refs\Malware_sample_exe_00405580_rdata_refptr_CTOR_LIST_refs.csv... (GhidraScript)  
2025-12-07 20:40:35,863 - ghidra_adapter - DEBUG -   INFO  ExtractBinaryInfo.py> Writing 1 rows to .\Malware_sample_exe_output\Malware_sample_exe_cross_refs\Malware_sample_exe_00405580_refptr_CTOR_LIST_refs.csv... (GhidraScript)  
2025-12-07 20:40:35,863 - ghidra_adapter - DEBUG -   INFO  ExtractBinaryInfo.py> Writing 1 rows to .\Malware_sample_exe_output\Malware_sample_exe_cross_refs\Malware_sample_exe_00405590_rdata_refptr_RUNTIME_PSEUDO_RELOC_LIST_END_refs.csv... (GhidraScript)  
2025-12-07 20:40:35,863 - ghidra_adapter - DEBUG -   INFO  ExtractBinaryInfo.py> Writing 1 rows to .\Malware_sample_exe_output\Malware_sample_exe_cross_refs\Malware_sample_exe_00405590_refptr_RUNTIME_PSEUDO_RELOC_LIST_END_refs.csv... (GhidraScript)  
2025-12-07 20:40:35,864 - ghidra_adapter - DEBUG -   INFO  ExtractBinaryInfo.py> Writing 1 rows to .\Malware_sample_exe_output\Malware_sample_exe_cross_refs\Malware_sample_exe_004055a0_rdata_refptr_RUNTIME_PSEUDO_RELOC_LIST_refs.csv... (GhidraScript)  
2025-12-07 20:40:35,864 - ghidra_adapter - DEBUG -   INFO  ExtractBinaryInfo.py> Writing 1 rows to .\Malware_sample_exe_output\Malware_sample_exe_cross_refs\Malware_sample_exe_004055a0_refptr_RUNTIME_PSEUDO_RELOC_LIST_refs.csv... (GhidraScript)  
2025-12-07 20:40:35,864 - ghidra_adapter - DEBUG -   INFO  ExtractBinaryInfo.py> Writing 1 rows to .\Malware_sample_exe_output\Malware_sample_exe_cross_refs\Malware_sample_exe_004055b0_rdata_refptr_dyn_tls_init_callback_refs.csv... (GhidraScript)  
2025-12-07 20:40:35,864 - ghidra_adapter - DEBUG -   INFO  ExtractBinaryInfo.py> Writing 1 rows to .\Malware_sample_exe_output\Malware_sample_exe_cross_refs\Malware_sample_exe_004055b0_refptr_dyn_tls_init_callback_refs.csv... (GhidraScript)  
2025-12-07 20:40:35,864 - ghidra_adapter - DEBUG -   INFO  ExtractBinaryInfo.py> Writing 11 rows to .\Malware_sample_exe_output\Malware_sample_exe_cross_refs\Malware_sample_exe_004055c0_rdata_refptr_image_base_refs.csv... (GhidraScript)  
2025-12-07 20:40:35,864 - ghidra_adapter - DEBUG -   INFO  ExtractBinaryInfo.py> Writing 11 rows to .\Malware_sample_exe_output\Malware_sample_exe_cross_refs\Malware_sample_exe_004055c0_refptr_image_base_refs.csv... (GhidraScript)  
2025-12-07 20:40:35,864 - ghidra_adapter - DEBUG -   INFO  ExtractBinaryInfo.py> Writing 1 rows to .\Malware_sample_exe_output\Malware_sample_exe_cross_refs\Malware_sample_exe_004055d0_rdata_refptr_imp_initenv_refs.csv... (GhidraScript)  
2025-12-07 20:40:35,864 - ghidra_adapter - DEBUG -   INFO  ExtractBinaryInfo.py> Writing 1 rows to .\Malware_sample_exe_output\Malware_sample_exe_cross_refs\Malware_sample_exe_004055d0_refptr_imp_initenv_refs.csv... (GhidraScript)  
2025-12-07 20:40:35,864 - ghidra_adapter - DEBUG -   INFO  ExtractBinaryInfo.py> Writing 1 rows to .\Malware_sample_exe_output\Malware_sample_exe_cross_refs\Malware_sample_exe_004055e0_rdata_refptr_imp_acmdln_refs.csv... (GhidraScript)  
2025-12-07 20:40:35,864 - ghidra_adapter - DEBUG -   INFO  ExtractBinaryInfo.py> Writing 1 rows to .\Malware_sample_exe_output\Malware_sample_exe_cross_refs\Malware_sample_exe_004055e0_refptr_imp_acmdln_refs.csv... (GhidraScript)  
2025-12-07 20:40:35,864 - ghidra_adapter - DEBUG -   INFO  ExtractBinaryInfo.py> Writing 1 rows to .\Malware_sample_exe_output\Malware_sample_exe_cross_refs\Malware_sample_exe_004055f0_rdata_refptr_imp_fmode_refs.csv... (GhidraScript)  
2025-12-07 20:40:35,864 - ghidra_adapter - DEBUG -   INFO  ExtractBinaryInfo.py> Writing 1 rows to .\Malware_sample_exe_output\Malware_sample_exe_cross_refs\Malware_sample_exe_004055f0_refptr_imp_fmode_refs.csv... (GhidraScript)  
2025-12-07 20:40:35,864 - ghidra_adapter - DEBUG -   INFO  ExtractBinaryInfo.py> Writing 1 rows to .\Malware_sample_exe_output\Malware_sample_exe_cross_refs\Malware_sample_exe_00405600_rdata_refptr_mingw_oldexcpt_handler_refs.csv... (GhidraScript)  
2025-12-07 20:40:35,864 - ghidra_adapter - DEBUG -   INFO  ExtractBinaryInfo.py> Writing 1 rows to .\Malware_sample_exe_output\Malware_sample_exe_cross_refs\Malware_sample_exe_00405600_refptr_mingw_oldexcpt_handler_refs.csv... (GhidraScript)  
2025-12-07 20:40:35,865 - ghidra_adapter - DEBUG -   INFO  ExtractBinaryInfo.py> Writing 1 rows to .\Malware_sample_exe_output\Malware_sample_exe_cross_refs\Malware_sample_exe_00405610_rdata_refptr_native_startup_lock_refs.csv... (GhidraScript)  
2025-12-07 20:40:35,865 - ghidra_adapter - DEBUG -   INFO  ExtractBinaryInfo.py> Writing 1 rows to .\Malware_sample_exe_output\Malware_sample_exe_cross_refs\Malware_sample_exe_00405610_refptr_native_startup_lock_refs.csv... (GhidraScript)  
2025-12-07 20:40:35,865 - ghidra_adapter - DEBUG -   INFO  ExtractBinaryInfo.py> Writing 2 rows to .\Malware_sample_exe_output\Malware_sample_exe_cross_refs\Malware_sample_exe_00405620_rdata_refptr_native_startup_state_refs.csv... (GhidraScript)  
2025-12-07 20:40:35,865 - ghidra_adapter - DEBUG -   INFO  ExtractBinaryInfo.py> Writing 2 rows to .\Malware_sample_exe_output\Malware_sample_exe_cross_refs\Malware_sample_exe_00405620_refptr_native_startup_state_refs.csv... (GhidraScript)  
2025-12-07 20:40:35,865 - ghidra_adapter - DEBUG -   INFO  ExtractBinaryInfo.py> Writing 1 rows to .\Malware_sample_exe_output\Malware_sample_exe_cross_refs\Malware_sample_exe_00405630_rdata_refptr_xc_a_refs.csv... (GhidraScript)  
2025-12-07 20:40:35,865 - ghidra_adapter - DEBUG -   INFO  ExtractBinaryInfo.py> Writing 1 rows to .\Malware_sample_exe_output\Malware_sample_exe_cross_refs\Malware_sample_exe_00405630_refptr_xc_a_refs.csv... (GhidraScript)  
2025-12-07 20:40:35,865 - ghidra_adapter - DEBUG -   INFO  ExtractBinaryInfo.py> Writing 1 rows to .\Malware_sample_exe_output\Malware_sample_exe_cross_refs\Malware_sample_exe_00405640_rdata_refptr_xc_z_refs.csv... (GhidraScript)  
2025-12-07 20:40:35,865 - ghidra_adapter - DEBUG -   INFO  ExtractBinaryInfo.py> Writing 1 rows to .\Malware_sample_exe_output\Malware_sample_exe_cross_refs\Malware_sample_exe_00405640_refptr_xc_z_refs.csv... (GhidraScript)  
2025-12-07 20:40:35,865 - ghidra_adapter - DEBUG -   INFO  ExtractBinaryInfo.py> Writing 1 rows to .\Malware_sample_exe_output\Malware_sample_exe_cross_refs\Malware_sample_exe_00405650_rdata_refptr_xi_a_refs.csv... (GhidraScript)  
2025-12-07 20:40:35,865 - ghidra_adapter - DEBUG -   INFO  ExtractBinaryInfo.py> Writing 1 rows to .\Malware_sample_exe_output\Malware_sample_exe_cross_refs\Malware_sample_exe_00405650_refptr_xi_a_refs.csv... (GhidraScript)  
2025-12-07 20:40:35,865 - ghidra_adapter - DEBUG -   INFO  ExtractBinaryInfo.py> Writing 1 rows to .\Malware_sample_exe_output\Malware_sample_exe_cross_refs\Malware_sample_exe_00405660_rdata_refptr_xi_z_refs.csv... (GhidraScript)  
2025-12-07 20:40:35,865 - ghidra_adapter - DEBUG -   INFO  ExtractBinaryInfo.py> Writing 1 rows to .\Malware_sample_exe_output\Malware_sample_exe_cross_refs\Malware_sample_exe_00405660_refptr_xi_z_refs.csv... (GhidraScript)  
2025-12-07 20:40:35,865 - ghidra_adapter - DEBUG -   INFO  ExtractBinaryInfo.py> Writing 1 rows to .\Malware_sample_exe_output\Malware_sample_exe_cross_refs\Malware_sample_exe_00405670_rdata_refptr_dowildcard_refs.csv... (GhidraScript)  
2025-12-07 20:40:35,866 - ghidra_adapter - DEBUG -   INFO  ExtractBinaryInfo.py> Writing 1 rows to .\Malware_sample_exe_output\Malware_sample_exe_cross_refs\Malware_sample_exe_00405670_refptr_dowildcard_refs.csv... (GhidraScript)  
2025-12-07 20:40:35,866 - ghidra_adapter - DEBUG -   INFO  ExtractBinaryInfo.py> Writing 1 rows to .\Malware_sample_exe_output\Malware_sample_exe_cross_refs\Malware_sample_exe_00405680_rdata_refptr_fmode_refs.csv... (GhidraScript)  
2025-12-07 20:40:35,866 - ghidra_adapter - DEBUG -   INFO  ExtractBinaryInfo.py> Writing 1 rows to .\Malware_sample_exe_output\Malware_sample_exe_cross_refs\Malware_sample_exe_00405680_refptr_fmode_refs.csv... (GhidraScript)  
2025-12-07 20:40:35,866 - ghidra_adapter - DEBUG -   INFO  ExtractBinaryInfo.py> Writing 1 rows to .\Malware_sample_exe_output\Malware_sample_exe_cross_refs\Malware_sample_exe_004056b0_rdata_refptr_newmode_refs.csv... (GhidraScript)  
2025-12-07 20:40:35,866 - ghidra_adapter - DEBUG -   INFO  ExtractBinaryInfo.py> Writing 1 rows to .\Malware_sample_exe_output\Malware_sample_exe_cross_refs\Malware_sample_exe_004056b0_refptr_newmode_refs.csv... (GhidraScript)  
2025-12-07 20:40:35,866 - ghidra_adapter - DEBUG -   INFO  ExtractBinaryInfo.py> Writing 4 rows to .\Malware_sample_exe_output\Malware_sample_exe_cross_refs\Malware_sample_exe_004056c0_rdata_refptr_mingw_app_type_refs.csv... (GhidraScript)  
2025-12-07 20:40:35,866 - ghidra_adapter - DEBUG -   INFO  ExtractBinaryInfo.py> Writing 4 rows to .\Malware_sample_exe_output\Malware_sample_exe_cross_refs\Malware_sample_exe_004056c0_refptr_mingw_app_type_refs.csv... (GhidraScript)  
2025-12-07 20:40:35,866 - ghidra_adapter - DEBUG -   INFO  ExtractBinaryInfo.py> Writing 1 rows to .\Malware_sample_exe_output\Malware_sample_exe_cross_refs\Malware_sample_exe_004056d0_rdata_refptr_mingw_initcharmax_refs.csv... (GhidraScript)  
2025-12-07 20:40:35,866 - ghidra_adapter - DEBUG -   INFO  ExtractBinaryInfo.py> Writing 1 rows to .\Malware_sample_exe_output\Malware_sample_exe_cross_refs\Malware_sample_exe_004056d0_refptr_mingw_initcharmax_refs.csv... (GhidraScript)  
2025-12-07 20:40:35,866 - ghidra_adapter - DEBUG -   INFO  ExtractBinaryInfo.py> Writing 1 rows to .\Malware_sample_exe_output\Malware_sample_exe_cross_refs\Malware_sample_exe_004056e0_rdata_refptr_mingw_initltsdrot_force_refs.csv... (GhidraScript)  
2025-12-07 20:40:35,866 - ghidra_adapter - DEBUG -   INFO  ExtractBinaryInfo.py> Writing 1 rows to .\Malware_sample_exe_output\Malware_sample_exe_cross_refs\Malware_sample_exe_004056e0_refptr_mingw_initltsdrot_force_refs.csv... (GhidraScript)  
2025-12-07 20:40:35,866 - ghidra_adapter - DEBUG -   INFO  ExtractBinaryInfo.py> Writing 1 rows to .\Malware_sample_exe_output\Malware_sample_exe_cross_refs\Malware_sample_exe_004056f0_rdata_refptr_mingw_initltsdyn_force_refs.csv... (GhidraScript)  
2025-12-07 20:40:35,866 - ghidra_adapter - DEBUG -   INFO  ExtractBinaryInfo.py> Writing 1 rows to .\Malware_sample_exe_output\Malware_sample_exe_cross_refs\Malware_sample_exe_004056f0_refptr_mingw_initltsdyn_force_refs.csv... (GhidraScript)  
2025-12-07 20:40:35,866 - ghidra_adapter - DEBUG -   INFO  ExtractBinaryInfo.py> Writing 1 rows to .\Malware_sample_exe_output\Malware_sample_exe_cross_refs\Malware_sample_exe_00405700_rdata_refptr_mingw_initltssuo_force_refs.csv... (GhidraScript)  
2025-12-07 20:40:35,866 - ghidra_adapter - DEBUG -   INFO  ExtractBinaryInfo.py> Writing 1 rows to .\Malware_sample_exe_output\Malware_sample_exe_cross_refs\Malware_sample_exe_00405700_refptr_mingw_initltssuo_force_refs.csv... (GhidraScript)  
2025-12-07 20:40:35,867 - ghidra_adapter - DEBUG -   INFO  ExtractBinaryInfo.py> Writing 5 rows to .\Malware_sample_exe_output\Malware_sample_exe_cross_refs\Malware_sample_exe_00405750_RUNTIME_PSEUDO_RELOC_LIST_refs.csv... (GhidraScript)  
2025-12-07 20:40:35,867 - ghidra_adapter - DEBUG -   INFO  ExtractBinaryInfo.py> Writing 5 rows to .\Malware_sample_exe_output\Malware_sample_exe_cross_refs\Malware_sample_exe_00405750_rt_psrelocs_start_refs.csv... (GhidraScript)  
2025-12-07 20:40:35,867 - ghidra_adapter - DEBUG -   INFO  ExtractBinaryInfo.py> Writing 5 rows to .\Malware_sample_exe_output\Malware_sample_exe_cross_refs\Malware_sample_exe_00405750_RUNTIME_PSEUDO_RELOC_LIST_END_refs.csv... (GhidraScript)  
2025-12-07 20:40:35,867 - ghidra_adapter - DEBUG -   INFO  ExtractBinaryInfo.py> Writing 5 rows to .\Malware_sample_exe_output\Malware_sample_exe_cross_refs\Malware_sample_exe_00405750_RUNTIME_PSEUDO_RELOC_LIST_refs.csv... (GhidraScript)  
2025-12-07 20:40:35,867 - ghidra_adapter - DEBUG -   INFO  ExtractBinaryInfo.py> Writing 5 rows to .\Malware_sample_exe_output\Malware_sample_exe_cross_refs\Malware_sample_exe_00405750_rt_psrelocs_end_refs.csv... (GhidraScript)  
2025-12-07 20:40:35,867 - ghidra_adapter - DEBUG -   INFO  ExtractBinaryInfo.py> Writing 5 rows to .\Malware_sample_exe_output\Malware_sample_exe_cross_refs\Malware_sample_exe_00405750_RUNTIME_PSEUDO_RELOC_LIST_END_refs.csv... (GhidraScript)  
2025-12-07 20:40:35,867 - ghidra_adapter - DEBUG -   INFO  ExtractBinaryInfo.py> Writing 1 rows to .\Malware_sample_exe_output\Malware_sample_exe_cross_refs\Malware_sample_exe_00407070_xdata_refs.csv... (GhidraScript)  
2025-12-07 20:40:35,867 - ghidra_adapter - DEBUG -   INFO  ExtractBinaryInfo.py> Writing 1 rows to .\Malware_sample_exe_output\Malware_sample_exe_cross_refs\Malware_sample_exe_00407078_xdata_refs.csv... (GhidraScript)  
2025-12-07 20:40:35,867 - ghidra_adapter - DEBUG -   INFO  ExtractBinaryInfo.py> Writing 1 rows to .\Malware_sample_exe_output\Malware_sample_exe_cross_refs\Malware_sample_exe_00407108_xdata_refs.csv... (GhidraScript)  
2025-12-07 20:40:35,867 - ghidra_adapter - DEBUG -   INFO  ExtractBinaryInfo.py> Writing 1 rows to .\Malware_sample_exe_output\Malware_sample_exe_cross_refs\Malware_sample_exe_00407120_xdata_refs.csv... (GhidraScript)  
2025-12-07 20:40:35,867 - ghidra_adapter - DEBUG -   INFO  ExtractBinaryInfo.py> Writing 1 rows to .\Malware_sample_exe_output\Malware_sample_exe_cross_refs\Malware_sample_exe_00407124_xdata_refs.csv... (GhidraScript)  
2025-12-07 20:40:35,867 - ghidra_adapter - DEBUG -   INFO  ExtractBinaryInfo.py> Writing 1 rows to .\Malware_sample_exe_output\Malware_sample_exe_cross_refs\Malware_sample_exe_00407128_xdata_refs.csv... (GhidraScript)  
2025-12-07 20:40:35,868 - ghidra_adapter - DEBUG -   INFO  ExtractBinaryInfo.py> Writing 1 rows to .\Malware_sample_exe_output\Malware_sample_exe_cross_refs\Malware_sample_exe_00407148_xdata_refs.csv... (GhidraScript)  
2025-12-07 20:40:35,868 - ghidra_adapter - DEBUG -   INFO  ExtractBinaryInfo.py> Writing 1 rows to .\Malware_sample_exe_output\Malware_sample_exe_cross_refs\Malware_sample_exe_00407160_xdata_refs.csv... (GhidraScript)  
2025-12-07 20:40:35,868 - ghidra_adapter - DEBUG -   INFO  ExtractBinaryInfo.py> Writing 1 rows to .\Malware_sample_exe_output\Malware_sample_exe_cross_refs\Malware_sample_exe_00407184_xdata_refs.csv... (GhidraScript)  
2025-12-07 20:40:35,868 - ghidra_adapter - DEBUG -   INFO  ExtractBinaryInfo.py> Writing 1 rows to .\Malware_sample_exe_output\Malware_sample_exe_cross_refs\Malware_sample_exe_00407188_xdata_refs.csv... (GhidraScript)  
2025-12-07 20:40:35,868 - ghidra_adapter - DEBUG -   INFO  ExtractBinaryInfo.py> Writing 1 rows to .\Malware_sample_exe_output\Malware_sample_exe_cross_refs\Malware_sample_exe_00407190_xdata_unlikely_refs.csv... (GhidraScript)  
2025-12-07 20:40:35,868 - ghidra_adapter - DEBUG -   INFO  ExtractBinaryInfo.py> Writing 1 rows to .\Malware_sample_exe_output\Malware_sample_exe_cross_refs\Malware_sample_exe_0040719c_xdata_refs.csv... (GhidraScript)  
2025-12-07 20:40:35,868 - ghidra_adapter - DEBUG -   INFO  ExtractBinaryInfo.py> Writing 1 rows to .\Malware_sample_exe_output\Malware_sample_exe_cross_refs\Malware_sample_exe_004071c4_xdata_refs.csv... (GhidraScript)  
2025-12-07 20:40:35,868 - ghidra_adapter - DEBUG -   INFO  ExtractBinaryInfo.py> Writing 1 rows to .\Malware_sample_exe_output\Malware_sample_exe_cross_refs\Malware_sample_exe_004071e4_xdata_refs.csv... (GhidraScript)  
2025-12-07 20:40:35,868 - ghidra_adapter - DEBUG -   INFO  ExtractBinaryInfo.py> Writing 1 rows to .\Malware_sample_exe_output\Malware_sample_exe_cross_refs\Malware_sample_exe_00407214_xdata_refs.csv... (GhidraScript)  
2025-12-07 20:40:35,868 - ghidra_adapter - DEBUG -   INFO  ExtractBinaryInfo.py> Writing 1 rows to .\Malware_sample_exe_output\Malware_sample_exe_cross_refs\Malware_sample_exe_0040725c_xdata_refs.csv... (GhidraScript)  
2025-12-07 20:40:35,868 - ghidra_adapter - DEBUG -   INFO  ExtractBinaryInfo.py> Writing 1 rows to .\Malware_sample_exe_output\Malware_sample_exe_cross_refs\Malware_sample_exe_00407264_xdata_refs.csv... (GhidraScript)  
2025-12-07 20:40:35,868 - ghidra_adapter - DEBUG -   INFO  ExtractBinaryInfo.py> Writing 1 rows to .\Malware_sample_exe_output\Malware_sample_exe_cross_refs\Malware_sample_exe_0040726c_xdata_refs.csv... (GhidraScript)  
2025-12-07 20:40:35,868 - ghidra_adapter - DEBUG -   INFO  ExtractBinaryInfo.py> Writing 1 rows to .\Malware_sample_exe_output\Malware_sample_exe_cross_refs\Malware_sample_exe_00407270_xdata_refs.csv... (GhidraScript)  
2025-12-07 20:40:35,868 - ghidra_adapter - DEBUG -   INFO  ExtractBinaryInfo.py> Writing 1 rows to .\Malware_sample_exe_output\Malware_sample_exe_cross_refs\Malware_sample_exe_00407274_xdata_startup_refs.csv... (GhidraScript)  
2025-12-07 20:40:35,868 - ghidra_adapter - DEBUG -   INFO  ExtractBinaryInfo.py> Writing 2 rows to .\Malware_sample_exe_output\Malware_sample_exe_cross_refs\Malware_sample_exe_00408004_has_cctor_refs.csv... (GhidraScript)  
2025-12-07 20:40:35,868 - ghidra_adapter - DEBUG -   INFO  ExtractBinaryInfo.py> Writing 2 rows to .\Malware_sample_exe_output\Malware_sample_exe_cross_refs\Malware_sample_exe_00408008_managedapp_refs.csv... (GhidraScript)  
2025-12-07 20:40:35,868 - ghidra_adapter - DEBUG -   INFO  ExtractBinaryInfo.py> Writing 2 rows to .\Malware_sample_exe_output\Malware_sample_exe_cross_refs\Malware_sample_exe_0040800c_mainret_refs.csv... (GhidraScript)  
2025-12-07 20:40:35,870 - ghidra_adapter - DEBUG -   INFO  ExtractBinaryInfo.py> Writing 3 rows to .\Malware_sample_exe_output\Malware_sample_exe_cross_refs\Malware_sample_exe_00408010_envp_refs.csv... (GhidraScript)  
2025-12-07 20:40:35,870 - ghidra_adapter - DEBUG -   INFO  ExtractBinaryInfo.py> Writing 4 rows to .\Malware_sample_exe_output\Malware_sample_exe_cross_refs\Malware_sample_exe_00408018_argv_refs.csv... (GhidraScript)  
2025-12-07 20:40:35,870 - ghidra_adapter - DEBUG -   INFO  ExtractBinaryInfo.py> Writing 3 rows to .\Malware_sample_exe_output\Malware_sample_exe_cross_refs\Malware_sample_exe_00408020_argc_refs.csv... (GhidraScript)  
2025-12-07 20:40:35,870 - ghidra_adapter - DEBUG -   INFO  ExtractBinaryInfo.py> Writing 2 rows to .\Malware_sample_exe_output\Malware_sample_exe_cross_refs\Malware_sample_exe_00408030_bss_refs.csv... (GhidraScript)  
2025-12-07 20:40:35,870 - ghidra_adapter - DEBUG -   INFO  ExtractBinaryInfo.py> Writing 2 rows to .\Malware_sample_exe_output\Malware_sample_exe_cross_refs\Malware_sample_exe_00408030_ZStL8_ioinit_refs.csv... (GhidraScript)  
2025-12-07 20:40:35,870 - ghidra_adapter - DEBUG -   INFO  ExtractBinaryInfo.py> Writing 2 rows to .\Malware_sample_exe_output\Malware_sample_exe_cross_refs\Malware_sample_exe_00408030_ioinit_refs.csv... (GhidraScript)  
2025-12-07 20:40:35,870 - ghidra_adapter - DEBUG -   INFO  ExtractBinaryInfo.py> Writing 2 rows to .\Malware_sample_exe_output\Malware_sample_exe_cross_refs\Malware_sample_exe_00408040_bss_refs.csv... (GhidraScript)  
2025-12-07 20:40:35,870 - ghidra_adapter - DEBUG -   INFO  ExtractBinaryInfo.py> Writing 2 rows to .\Malware_sample_exe_output\Malware_sample_exe_cross_refs\Malware_sample_exe_00408040_initialized_refs.csv... (GhidraScript)  
2025-12-07 20:40:35,870 - ghidra_adapter - DEBUG -   INFO  ExtractBinaryInfo.py> Writing 2 rows to .\Malware_sample_exe_output\Malware_sample_exe_cross_refs\Malware_sample_exe_00408050_bss_refs.csv... (GhidraScript)  
2025-12-07 20:40:35,870 - ghidra_adapter - DEBUG -   INFO  ExtractBinaryInfo.py> Writing 2 rows to .\Malware_sample_exe_output\Malware_sample_exe_cross_refs\Malware_sample_exe_00408050_mingw_initcharmax_refs.csv... (GhidraScript)  
2025-12-07 20:40:35,870 - ghidra_adapter - DEBUG -   INFO  ExtractBinaryInfo.py> Writing 4 rows to .\Malware_sample_exe_output\Malware_sample_exe_cross_refs\Malware_sample_exe_00408060_bss_refs.csv... (GhidraScript)  
2025-12-07 20:40:35,870 - ghidra_adapter - DEBUG -   INFO  ExtractBinaryInfo.py> Writing 4 rows to .\Malware_sample_exe_output\Malware_sample_exe_cross_refs\Malware_sample_exe_00408060_GS_ContextRecord_refs.csv... (GhidraScript)  
2025-12-07 20:40:35,870 - ghidra_adapter - DEBUG -   INFO  ExtractBinaryInfo.py> Writing 2 rows to .\Malware_sample_exe_output\Malware_sample_exe_cross_refs\Malware_sample_exe_00408540_GS_ExceptionRecord_refs.csv... (GhidraScript)  
2025-12-07 20:40:35,870 - ghidra_adapter - DEBUG -   INFO  ExtractBinaryInfo.py> Writing 2 rows to .\Malware_sample_exe_output\Malware_sample_exe_cross_refs\Malware_sample_exe_004085e0_bss_refs.csv... (GhidraScript)  
2025-12-07 20:40:35,871 - ghidra_adapter - DEBUG -   INFO  ExtractBinaryInfo.py> Writing 2 rows to .\Malware_sample_exe_output\Malware_sample_exe_cross_refs\Malware_sample_exe_004085e0_newmode_refs.csv... (GhidraScript)  
2025-12-07 20:40:35,871 - ghidra_adapter - DEBUG -   INFO  ExtractBinaryInfo.py> Writing 2 rows to .\Malware_sample_exe_output\Malware_sample_exe_cross_refs\Malware_sample_exe_004085f0_bss_refs.csv... (GhidraScript)  
2025-12-07 20:40:35,871 - ghidra_adapter - DEBUG -   INFO  ExtractBinaryInfo.py> Writing 2 rows to .\Malware_sample_exe_output\Malware_sample_exe_cross_refs\Malware_sample_exe_004085f0_mingw_initltssuo_force_refs.csv... (GhidraScript)  
2025-12-07 20:40:35,871 - ghidra_adapter - DEBUG -   INFO  ExtractBinaryInfo.py> Writing 2 rows to .\Malware_sample_exe_output\Malware_sample_exe_cross_refs\Malware_sample_exe_004085f4_mingw_initltsdyn_force_refs.csv... (GhidraScript)  
2025-12-07 20:40:35,871 - ghidra_adapter - DEBUG -   INFO  ExtractBinaryInfo.py> Writing 2 rows to .\Malware_sample_exe_output\Malware_sample_exe_cross_refs\Malware_sample_exe_004085f8_mingw_initltsdrot_force_refs.csv... (GhidraScript)  
2025-12-07 20:40:35,871 - ghidra_adapter - DEBUG -   INFO  ExtractBinaryInfo.py> Writing 2 rows to .\Malware_sample_exe_output\Malware_sample_exe_cross_refs\Malware_sample_exe_00408600_bss_refs.csv... (GhidraScript)  
2025-12-07 20:40:35,871 - ghidra_adapter - DEBUG -   INFO  ExtractBinaryInfo.py> Writing 2 rows to .\Malware_sample_exe_output\Malware_sample_exe_cross_refs\Malware_sample_exe_00408600_stUserMathErr_refs.csv... (GhidraScript)  
2025-12-07 20:40:35,871 - ghidra_adapter - DEBUG -   INFO  ExtractBinaryInfo.py> Writing 6 rows to .\Malware_sample_exe_output\Malware_sample_exe_cross_refs\Malware_sample_exe_00408610_bss_refs.csv... (GhidraScript)  
2025-12-07 20:40:35,871 - ghidra_adapter - DEBUG -   INFO  ExtractBinaryInfo.py> Writing 6 rows to .\Malware_sample_exe_output\Malware_sample_exe_cross_refs\Malware_sample_exe_00408610_mingw_app_type_refs.csv... (GhidraScript)  
2025-12-07 20:40:35,871 - ghidra_adapter - DEBUG -   INFO  ExtractBinaryInfo.py> Writing 2 rows to .\Malware_sample_exe_output\Malware_sample_exe_cross_refs\Malware_sample_exe_00408620_was_init_95174_refs.csv... (GhidraScript)  
2025-12-07 20:40:35,871 - ghidra_adapter - DEBUG -   INFO  ExtractBinaryInfo.py> Writing 2 rows to .\Malware_sample_exe_output\Malware_sample_exe_cross_refs\Malware_sample_exe_00408620_bss_refs.csv... (GhidraScript)  
2025-12-07 20:40:35,871 - ghidra_adapter - DEBUG -   INFO  ExtractBinaryInfo.py> Writing 5 rows to .\Malware_sample_exe_output\Malware_sample_exe_cross_refs\Malware_sample_exe_00408624_maxSections_refs.csv... (GhidraScript)  
2025-12-07 20:40:35,872 - ghidra_adapter - DEBUG -   INFO  ExtractBinaryInfo.py> Writing 7 rows to .\Malware_sample_exe_output\Malware_sample_exe_cross_refs\Malware_sample_exe_00408628_the_secs_refs.csv... (GhidraScript)  
2025-12-07 20:40:35,872 - ghidra_adapter - DEBUG -   INFO  ExtractBinaryInfo.py> Writing 2 rows to .\Malware_sample_exe_output\Malware_sample_exe_cross_refs\Malware_sample_exe_00408630_bss_refs.csv... (GhidraScript)  
2025-12-07 20:40:35,872 - ghidra_adapter - DEBUG -   INFO  ExtractBinaryInfo.py> Writing 2 rows to .\Malware_sample_exe_output\Malware_sample_exe_cross_refs\Malware_sample_exe_00408630_fmode_refs.csv... (GhidraScript)  
2025-12-07 20:40:35,872 - ghidra_adapter - DEBUG -   INFO  ExtractBinaryInfo.py> Writing 4 rows to .\Malware_sample_exe_output\Malware_sample_exe_cross_refs\Malware_sample_exe_00408640_bss_refs.csv... (GhidraScript)  
2025-12-07 20:40:35,872 - ghidra_adapter - DEBUG -   INFO  ExtractBinaryInfo.py> Writing 4 rows to .\Malware_sample_exe_output\Malware_sample_exe_cross_refs\Malware_sample_exe_00408640_mingw_oldexcpt_handler_refs.csv... (GhidraScript)  
2025-12-07 20:40:35,872 - ghidra_adapter - DEBUG -   INFO  ExtractBinaryInfo.py> Writing 2 rows to .\Malware_sample_exe_output\Malware_sample_exe_cross_refs\Malware_sample_exe_00408648_was_here_95013_refs.csv... (GhidraScript)  
2025-12-07 20:40:35,872 - ghidra_adapter - DEBUG -   INFO  ExtractBinaryInfo.py> Writing 3 rows to .\Malware_sample_exe_output\Malware_sample_exe_cross_refs\Malware_sample_exe_00408660_emu_xdata_refs.csv... (GhidraScript)  
2025-12-07 20:40:35,872 - ghidra_adapter - DEBUG -   INFO  ExtractBinaryInfo.py> Writing 4 rows to .\Malware_sample_exe_output\Malware_sample_exe_cross_refs\Malware_sample_exe_00408760_emu_pdata_refs.csv... (GhidraScript)  
2025-12-07 20:40:35,872 - ghidra_adapter - DEBUG -   INFO  ExtractBinaryInfo.py> Writing 7 rows to .\Malware_sample_exe_output\Malware_sample_exe_cross_refs\Malware_sample_exe_004088e0_key_dtor_list_refs.csv... (GhidraScript)  
2025-12-07 20:40:35,872 - ghidra_adapter - DEBUG -   INFO  ExtractBinaryInfo.py> Writing 7 rows to .\Malware_sample_exe_output\Malware_sample_exe_cross_refs\Malware_sample_exe_004088e0_bss_refs.csv... (GhidraScript)  
2025-12-07 20:40:35,872 - ghidra_adapter - DEBUG -   INFO  ExtractBinaryInfo.py> Writing 8 rows to .\Malware_sample_exe_output\Malware_sample_exe_cross_refs\Malware_sample_exe_004088e8_mingwthr_cs_init_refs.csv... (GhidraScript)  
2025-12-07 20:40:35,872 - ghidra_adapter - DEBUG -   INFO  ExtractBinaryInfo.py> Writing 9 rows to .\Malware_sample_exe_output\Malware_sample_exe_cross_refs\Malware_sample_exe_00408900_mingwthr_cs_refs.csv... (GhidraScript)  
2025-12-07 20:40:35,872 - ghidra_adapter - DEBUG -   INFO  ExtractBinaryInfo.py> Writing 2 rows to .\Malware_sample_exe_output\Malware_sample_exe_cross_refs\Malware_sample_exe_00408950_bss_refs.csv... (GhidraScript)  
2025-12-07 20:40:35,873 - ghidra_adapter - DEBUG -   INFO  ExtractBinaryInfo.py> Writing 2 rows to .\Malware_sample_exe_output\Malware_sample_exe_cross_refs\Malware_sample_exe_00408950_handler_refs.csv... (GhidraScript)  
2025-12-07 20:40:35,873 - ghidra_adapter - DEBUG -   INFO  ExtractBinaryInfo.py> Writing 1 rows to .\Malware_sample_exe_output\Malware_sample_exe_cross_refs\Malware_sample_exe_00408960_bss_refs.csv... (GhidraScript)  
2025-12-07 20:40:35,873 - ghidra_adapter - DEBUG -   INFO  ExtractBinaryInfo.py> Writing 1 rows to .\Malware_sample_exe_output\Malware_sample_exe_cross_refs\Malware_sample_exe_00408960_mingw_winmain_lpCmdLine_refs.csv... (GhidraScript)  
2025-12-07 20:40:35,873 - ghidra_adapter - DEBUG -   INFO  ExtractBinaryInfo.py> Writing 1 rows to .\Malware_sample_exe_output\Malware_sample_exe_cross_refs\Malware_sample_exe_00408968_mingw_winmain_hInstance_refs.csv... (GhidraScript)  
2025-12-07 20:40:35,873 - ghidra_adapter - DEBUG -   INFO  ExtractBinaryInfo.py> Writing 8 rows to .\Malware_sample_exe_output\Malware_sample_exe_cross_refs\Malware_sample_exe_00408970_native_startup_state_refs.csv... (GhidraScript)  
2025-12-07 20:40:35,873 - ghidra_adapter - DEBUG -   INFO  ExtractBinaryInfo.py> Writing 3 rows to .\Malware_sample_exe_output\Malware_sample_exe_cross_refs\Malware_sample_exe_00408978_native_startup_lock_refs.csv... (GhidraScript)  
2025-12-07 20:40:35,873 - ghidra_adapter - DEBUG -   INFO  ExtractBinaryInfo.py> Writing 8 rows to .\Malware_sample_exe_output\Malware_sample_exe_cross_refs\Malware_sample_exe_00409318_idata_5_refs.csv... (GhidraScript)  
2025-12-07 20:40:35,873 - ghidra_adapter - DEBUG -   INFO  ExtractBinaryInfo.py> Writing 8 rows to .\Malware_sample_exe_output\Malware_sample_exe_cross_refs\Malware_sample_exe_00409318_fthunk_refs.csv... (GhidraScript)  
2025-12-07 20:40:35,873 - ghidra_adapter - DEBUG -   INFO  ExtractBinaryInfo.py> Writing 8 rows to .\Malware_sample_exe_output\Malware_sample_exe_cross_refs\Malware_sample_exe_00409318_IAT_start_refs.csv... (GhidraScript)  
2025-12-07 20:40:35,873 - ghidra_adapter - DEBUG -   INFO  ExtractBinaryInfo.py> Writing 8 rows to .\Malware_sample_exe_output\Malware_sample_exe_cross_refs\Malware_sample_exe_00409318_imp_RegCloseKey_refs.csv... (GhidraScript)  
2025-12-07 20:40:35,873 - ghidra_adapter - DEBUG -   INFO  ExtractBinaryInfo.py> Writing 6 rows to .\Malware_sample_exe_output\Malware_sample_exe_cross_refs\Malware_sample_exe_00409320_idata_5_refs.csv... (GhidraScript)  
2025-12-07 20:40:35,873 - ghidra_adapter - DEBUG -   INFO  ExtractBinaryInfo.py> Writing 6 rows to .\Malware_sample_exe_output\Malware_sample_exe_cross_refs\Malware_sample_exe_00409320_imp_RegCreateKeyA_refs.csv... (GhidraScript)  
2025-12-07 20:40:35,873 - ghidra_adapter - DEBUG -   INFO  ExtractBinaryInfo.py> Writing 3 rows to .\Malware_sample_exe_output\Malware_sample_exe_cross_refs\Malware_sample_exe_00409328_idata_5_refs.csv... (GhidraScript)  
2025-12-07 20:40:35,873 - ghidra_adapter - DEBUG -   INFO  ExtractBinaryInfo.py> Writing 3 rows to .\Malware_sample_exe_output\Malware_sample_exe_cross_refs\Malware_sample_exe_00409328_imp_RegOpenKeyExA_refs.csv... (GhidraScript)  
2025-12-07 20:40:35,873 - ghidra_adapter - DEBUG -   INFO  ExtractBinaryInfo.py> Writing 2 rows to .\Malware_sample_exe_output\Malware_sample_exe_cross_refs\Malware_sample_exe_00409330_idata_5_refs.csv... (GhidraScript)  
2025-12-07 20:40:35,874 - ghidra_adapter - DEBUG -   INFO  ExtractBinaryInfo.py> Writing 2 rows to .\Malware_sample_exe_output\Malware_sample_exe_cross_refs\Malware_sample_exe_00409330_imp_RegQueryValueExA_refs.csv... (GhidraScript)  
2025-12-07 20:40:35,874 - ghidra_adapter - DEBUG -   INFO  ExtractBinaryInfo.py> Writing 8 rows to .\Malware_sample_exe_output\Malware_sample_exe_cross_refs\Malware_sample_exe_00409338_idata_5_refs.csv... (GhidraScript)  
2025-12-07 20:40:35,874 - ghidra_adapter - DEBUG -   INFO  ExtractBinaryInfo.py> Writing 8 rows to .\Malware_sample_exe_output\Malware_sample_exe_cross_refs\Malware_sample_exe_00409338_imp_RegSetValueExA_refs.csv... (GhidraScript)  
2025-12-07 20:40:35,874 - ghidra_adapter - DEBUG -   INFO  ExtractBinaryInfo.py> Writing 3 rows to .\Malware_sample_exe_output\Malware_sample_exe_cross_refs\Malware_sample_exe_00409348_idata_5_refs.csv... (GhidraScript)  
2025-12-07 20:40:35,874 - ghidra_adapter - DEBUG -   INFO  ExtractBinaryInfo.py> Writing 3 rows to .\Malware_sample_exe_output\Malware_sample_exe_cross_refs\Malware_sample_exe_00409348_fthunk_refs.csv... (GhidraScript)  
2025-12-07 20:40:35,874 - ghidra_adapter - DEBUG -   INFO  ExtractBinaryInfo.py> Writing 3 rows to .\Malware_sample_exe_output\Malware_sample_exe_cross_refs\Malware_sample_exe_00409348_imp_CopyFileA_refs.csv... (GhidraScript)  
2025-12-07 20:40:35,874 - ghidra_adapter - DEBUG -   INFO  ExtractBinaryInfo.py> Writing 3 rows to .\Malware_sample_exe_output\Malware_sample_exe_cross_refs\Malware_sample_exe_00409350_idata_5_refs.csv... (GhidraScript)  
2025-12-07 20:40:35,874 - ghidra_adapter - DEBUG -   INFO  ExtractBinaryInfo.py> Writing 3 rows to .\Malware_sample_exe_output\Malware_sample_exe_cross_refs\Malware_sample_exe_00409350_imp_DefineDosDeviceA_refs.csv... (GhidraScript)  
2025-12-07 20:40:35,874 - ghidra_adapter - DEBUG -   INFO  ExtractBinaryInfo.py> Writing 2 rows to .\Malware_sample_exe_output\Malware_sample_exe_cross_refs\Malware_sample_exe_00409358_idata_5_refs.csv... (GhidraScript)  
2025-12-07 20:40:35,874 - ghidra_adapter - DEBUG -   INFO  ExtractBinaryInfo.py> Writing 2 rows to .\Malware_sample_exe_output\Malware_sample_exe_cross_refs\Malware_sample_exe_00409358_imp_DeleteCriticalSection_refs.csv... (GhidraScript)  
2025-12-07 20:40:35,874 - ghidra_adapter - DEBUG -   INFO  ExtractBinaryInfo.py> Writing 4 rows to .\Malware_sample_exe_output\Malware_sample_exe_cross_refs\Malware_sample_exe_00409360_idata_5_refs.csv... (GhidraScript)  
2025-12-07 20:40:35,874 - ghidra_adapter - DEBUG -   INFO  ExtractBinaryInfo.py> Writing 4 rows to .\Malware_sample_exe_output\Malware_sample_exe_cross_refs\Malware_sample_exe_00409360_imp_EnterCriticalSection_refs.csv... (GhidraScript)  
2025-12-07 20:40:35,874 - ghidra_adapter - DEBUG -   INFO  ExtractBinaryInfo.py> Writing 2 rows to .\Malware_sample_exe_output\Malware_sample_exe_cross_refs\Malware_sample_exe_00409368_idata_5_refs.csv... (GhidraScript)  
2025-12-07 20:40:35,874 - ghidra_adapter - DEBUG -   INFO  ExtractBinaryInfo.py> Writing 2 rows to .\Malware_sample_exe_output\Malware_sample_exe_cross_refs\Malware_sample_exe_00409368_imp_GetCurrentProcess_refs.csv... (GhidraScript)  
2025-12-07 20:40:35,875 - ghidra_adapter - DEBUG -   INFO  ExtractBinaryInfo.py> Writing 2 rows to .\Malware_sample_exe_output\Malware_sample_exe_cross_refs\Malware_sample_exe_00409370_idata_5_refs.csv... (GhidraScript)  
2025-12-07 20:40:35,875 - ghidra_adapter - DEBUG -   INFO  ExtractBinaryInfo.py> Writing 2 rows to .\Malware_sample_exe_output\Malware_sample_exe_cross_refs\Malware_sample_exe_00409370_imp_GetCurrentProcessId_refs.csv... (GhidraScript)  
2025-12-07 20:40:35,875 - ghidra_adapter - DEBUG -   INFO  ExtractBinaryInfo.py> Writing 2 rows to .\Malware_sample_exe_output\Malware_sample_exe_cross_refs\Malware_sample_exe_00409378_idata_5_refs.csv... (GhidraScript)  
2025-12-07 20:40:35,875 - ghidra_adapter - DEBUG -   INFO  ExtractBinaryInfo.py> Writing 2 rows to .\Malware_sample_exe_output\Malware_sample_exe_cross_refs\Malware_sample_exe_00409378_imp_GetCurrentThreadId_refs.csv... (GhidraScript)  
2025-12-07 20:40:35,875 - ghidra_adapter - DEBUG -   INFO  ExtractBinaryInfo.py> Writing 3 rows to .\Malware_sample_exe_output\Malware_sample_exe_cross_refs\Malware_sample_exe_00409380_idata_5_refs.csv... (GhidraScript)  
2025-12-07 20:40:35,875 - ghidra_adapter - DEBUG -   INFO  ExtractBinaryInfo.py> Writing 3 rows to .\Malware_sample_exe_output\Malware_sample_exe_cross_refs\Malware_sample_exe_00409380_imp_GetLastError_refs.csv... (GhidraScript)  
2025-12-07 20:40:35,875 - ghidra_adapter - DEBUG -   INFO  ExtractBinaryInfo.py> Writing 4 rows to .\Malware_sample_exe_output\Malware_sample_exe_cross_refs\Malware_sample_exe_00409388_idata_5_refs.csv... (GhidraScript)  
2025-12-07 20:40:35,875 - ghidra_adapter - DEBUG -   INFO  ExtractBinaryInfo.py> Writing 4 rows to .\Malware_sample_exe_output\Malware_sample_exe_cross_refs\Malware_sample_exe_00409388_imp_GetModuleFileNameA_refs.csv... (GhidraScript)  
2025-12-07 20:40:35,875 - ghidra_adapter - DEBUG -   INFO  ExtractBinaryInfo.py> Writing 2 rows to .\Malware_sample_exe_output\Malware_sample_exe_cross_refs\Malware_sample_exe_00409390_idata_5_refs.csv... (GhidraScript)  
2025-12-07 20:40:35,875 - ghidra_adapter - DEBUG -   INFO  ExtractBinaryInfo.py> Writing 2 rows to .\Malware_sample_exe_output\Malware_sample_exe_cross_refs\Malware_sample_exe_00409390_imp_GetStartupInfoA_refs.csv... (GhidraScript)  
2025-12-07 20:40:35,875 - ghidra_adapter - DEBUG -   INFO  ExtractBinaryInfo.py> Writing 2 rows to .\Malware_sample_exe_output\Malware_sample_exe_cross_refs\Malware_sample_exe_00409398_idata_5_refs.csv... (GhidraScript)  
2025-12-07 20:40:35,875 - ghidra_adapter - DEBUG -   INFO  ExtractBinaryInfo.py> Writing 2 rows to .\Malware_sample_exe_output\Malware_sample_exe_cross_refs\Malware_sample_exe_00409398_imp_GetSystemDirectoryA_refs.csv... (GhidraScript)  
2025-12-07 20:40:35,875 - ghidra_adapter - DEBUG -   INFO  ExtractBinaryInfo.py> Writing 2 rows to .\Malware_sample_exe_output\Malware_sample_exe_cross_refs\Malware_sample_exe_004093a0_idata_5_refs.csv... (GhidraScript)  
2025-12-07 20:40:35,876 - ghidra_adapter - DEBUG -   INFO  ExtractBinaryInfo.py> Writing 2 rows to .\Malware_sample_exe_output\Malware_sample_exe_cross_refs\Malware_sample_exe_004093a0_imp_GetSystemTimeAsFileTime_refs.csv... (GhidraScript)  
2025-12-07 20:40:35,876 - ghidra_adapter - DEBUG -   INFO  ExtractBinaryInfo.py> Writing 2 rows to .\Malware_sample_exe_output\Malware_sample_exe_cross_refs\Malware_sample_exe_004093a8_idata_5_refs.csv... (GhidraScript)  
2025-12-07 20:40:35,876 - ghidra_adapter - DEBUG -   INFO  ExtractBinaryInfo.py> Writing 2 rows to .\Malware_sample_exe_output\Malware_sample_exe_cross_refs\Malware_sample_exe_004093a8_imp_GetTickCount_refs.csv... (GhidraScript)  
2025-12-07 20:40:35,876 - ghidra_adapter - DEBUG -   INFO  ExtractBinaryInfo.py> Writing 2 rows to .\Malware_sample_exe_output\Malware_sample_exe_cross_refs\Malware_sample_exe_004093b0_idata_5_refs.csv... (GhidraScript)  
2025-12-07 20:40:35,876 - ghidra_adapter - DEBUG -   INFO  ExtractBinaryInfo.py> Writing 2 rows to .\Malware_sample_exe_output\Malware_sample_exe_cross_refs\Malware_sample_exe_004093b0_imp_InitializeCriticalSection_refs.csv... (GhidraScript)  
2025-12-07 20:40:35,876 - ghidra_adapter - DEBUG -   INFO  ExtractBinaryInfo.py> Writing 5 rows to .\Malware_sample_exe_output\Malware_sample_exe_cross_refs\Malware_sample_exe_004093b8_idata_5_refs.csv... (GhidraScript)  
2025-12-07 20:40:35,876 - ghidra_adapter - DEBUG -   INFO  ExtractBinaryInfo.py> Writing 5 rows to .\Malware_sample_exe_output\Malware_sample_exe_cross_refs\Malware_sample_exe_004093b8_imp_LeaveCriticalSection_refs.csv... (GhidraScript)  
2025-12-07 20:40:35,876 - ghidra_adapter - DEBUG -   INFO  ExtractBinaryInfo.py> Writing 2 rows to .\Malware_sample_exe_output\Malware_sample_exe_cross_refs\Malware_sample_exe_004093c0_idata_5_refs.csv... (GhidraScript)  
2025-12-07 20:40:35,877 - ghidra_adapter - DEBUG -   INFO  ExtractBinaryInfo.py> Writing 2 rows to .\Malware_sample_exe_output\Malware_sample_exe_cross_refs\Malware_sample_exe_004093c0_imp_QueryPerformanceCounter_refs.csv... (GhidraScript)  
2025-12-07 20:40:35,877 - ghidra_adapter - DEBUG -   INFO  ExtractBinaryInfo.py> Writing 2 rows to .\Malware_sample_exe_output\Malware_sample_exe_cross_refs\Malware_sample_exe_004093c8_idata_5_refs.csv... (GhidraScript)  
2025-12-07 20:40:35,877 - ghidra_adapter - DEBUG -   INFO  ExtractBinaryInfo.py> Writing 2 rows to .\Malware_sample_exe_output\Malware_sample_exe_cross_refs\Malware_sample_exe_004093c8_imp_RtlAddFunctionTable_refs.csv... (GhidraScript)  
2025-12-07 20:40:35,877 - ghidra_adapter - DEBUG -   INFO  ExtractBinaryInfo.py> Writing 2 rows to .\Malware_sample_exe_output\Malware_sample_exe_cross_refs\Malware_sample_exe_004093d0_idata_5_refs.csv... (GhidraScript)  
2025-12-07 20:40:35,877 - ghidra_adapter - DEBUG -   INFO  ExtractBinaryInfo.py> Writing 2 rows to .\Malware_sample_exe_output\Malware_sample_exe_cross_refs\Malware_sample_exe_004093d0_imp_RtlCaptureContext_refs.csv... (GhidraScript)  
2025-12-07 20:40:35,877 - ghidra_adapter - DEBUG -   INFO  ExtractBinaryInfo.py> Writing 2 rows to .\Malware_sample_exe_output\Malware_sample_exe_cross_refs\Malware_sample_exe_004093d8_idata_5_refs.csv... (GhidraScript)  
2025-12-07 20:40:35,877 - ghidra_adapter - DEBUG -   INFO  ExtractBinaryInfo.py> Writing 2 rows to .\Malware_sample_exe_output\Malware_sample_exe_cross_refs\Malware_sample_exe_004093d8_imp_RtlLookupFunctionEntry_refs.csv... (GhidraScript)  
2025-12-07 20:40:35,877 - ghidra_adapter - DEBUG -   INFO  ExtractBinaryInfo.py> Writing 2 rows to .\Malware_sample_exe_output\Malware_sample_exe_cross_refs\Malware_sample_exe_004093e0_idata_5_refs.csv... (GhidraScript)  
2025-12-07 20:40:35,878 - ghidra_adapter - DEBUG -   INFO  ExtractBinaryInfo.py> Writing 2 rows to .\Malware_sample_exe_output\Malware_sample_exe_cross_refs\Malware_sample_exe_004093e0_imp_RtlVirtualUnwind_refs.csv... (GhidraScript)  
2025-12-07 20:40:35,878 - ghidra_adapter - DEBUG -   INFO  ExtractBinaryInfo.py> Writing 3 rows to .\Malware_sample_exe_output\Malware_sample_exe_cross_refs\Malware_sample_exe_004093e8_idata_5_refs.csv... (GhidraScript)  
2025-12-07 20:40:35,878 - ghidra_adapter - DEBUG -   INFO  ExtractBinaryInfo.py> Writing 3 rows to .\Malware_sample_exe_output\Malware_sample_exe_cross_refs\Malware_sample_exe_004093e8_imp_SetUnhandledExceptionFilter_refs.csv... (GhidraScript)  
2025-12-07 20:40:35,878 - ghidra_adapter - DEBUG -   INFO  ExtractBinaryInfo.py> Writing 4 rows to .\Malware_sample_exe_output\Malware_sample_exe_cross_refs\Malware_sample_exe_004093f0_idata_5_refs.csv... (GhidraScript)  
2025-12-07 20:40:35,878 - ghidra_adapter - DEBUG -   INFO  ExtractBinaryInfo.py> Writing 4 rows to .\Malware_sample_exe_output\Malware_sample_exe_cross_refs\Malware_sample_exe_004093f0_imp_Sleep_refs.csv... (GhidraScript)  
2025-12-07 20:40:35,878 - ghidra_adapter - DEBUG -   INFO  ExtractBinaryInfo.py> Writing 2 rows to .\Malware_sample_exe_output\Malware_sample_exe_cross_refs\Malware_sample_exe_004093f8_idata_5_refs.csv... (GhidraScript)  
2025-12-07 20:40:35,878 - ghidra_adapter - DEBUG -   INFO  ExtractBinaryInfo.py> Writing 2 rows to .\Malware_sample_exe_output\Malware_sample_exe_cross_refs\Malware_sample_exe_004093f8_imp_TerminateProcess_refs.csv... (GhidraScript)  
2025-12-07 20:40:35,878 - ghidra_adapter - DEBUG -   INFO  ExtractBinaryInfo.py> Writing 2 rows to .\Malware_sample_exe_output\Malware_sample_exe_cross_refs\Malware_sample_exe_00409400_idata_5_refs.csv... (GhidraScript)  
2025-12-07 20:40:35,878 - ghidra_adapter - DEBUG -   INFO  ExtractBinaryInfo.py> Writing 2 rows to .\Malware_sample_exe_output\Malware_sample_exe_cross_refs\Malware_sample_exe_00409400_imp_TlsGetValue_refs.csv... (GhidraScript)  
2025-12-07 20:40:35,878 - ghidra_adapter - DEBUG -   INFO  ExtractBinaryInfo.py> Writing 2 rows to .\Malware_sample_exe_output\Malware_sample_exe_cross_refs\Malware_sample_exe_00409408_idata_5_refs.csv... (GhidraScript)  
2025-12-07 20:40:35,878 - ghidra_adapter - DEBUG -   INFO  ExtractBinaryInfo.py> Writing 2 rows to .\Malware_sample_exe_output\Malware_sample_exe_cross_refs\Malware_sample_exe_00409408_imp_UnhandledExceptionFilter_refs.csv... (GhidraScript)  
2025-12-07 20:40:35,878 - ghidra_adapter - DEBUG -   INFO  ExtractBinaryInfo.py> Writing 3 rows to .\Malware_sample_exe_output\Malware_sample_exe_cross_refs\Malware_sample_exe_00409410_idata_5_refs.csv... (GhidraScript)  
2025-12-07 20:40:35,878 - ghidra_adapter - DEBUG -   INFO  ExtractBinaryInfo.py> Writing 3 rows to .\Malware_sample_exe_output\Malware_sample_exe_cross_refs\Malware_sample_exe_00409410_imp_VirtualProtect_refs.csv... (GhidraScript)  
2025-12-07 20:40:35,879 - ghidra_adapter - DEBUG -   INFO  ExtractBinaryInfo.py> Writing 2 rows to .\Malware_sample_exe_output\Malware_sample_exe_cross_refs\Malware_sample_exe_00409418_idata_5_refs.csv... (GhidraScript)  
2025-12-07 20:40:35,879 - ghidra_adapter - DEBUG -   INFO  ExtractBinaryInfo.py> Writing 2 rows to .\Malware_sample_exe_output\Malware_sample_exe_cross_refs\Malware_sample_exe_00409418_imp_VirtualQuery_refs.csv... (GhidraScript)  
2025-12-07 20:40:35,879 - ghidra_adapter - DEBUG -   INFO  ExtractBinaryInfo.py> Writing 1 rows to .\Malware_sample_exe_output\Malware_sample_exe_cross_refs\Malware_sample_exe_00409428_idata_5_refs.csv... (GhidraScript)  
2025-12-07 20:40:35,879 - ghidra_adapter - DEBUG -   INFO  ExtractBinaryInfo.py> Writing 1 rows to .\Malware_sample_exe_output\Malware_sample_exe_cross_refs\Malware_sample_exe_00409428_fthunk_refs.csv... (GhidraScript)  
2025-12-07 20:40:35,879 - ghidra_adapter - DEBUG -   INFO  ExtractBinaryInfo.py> Writing 1 rows to .\Malware_sample_exe_output\Malware_sample_exe_cross_refs\Malware_sample_exe_00409428_imp_C_specific_handler_refs.csv... (GhidraScript)  
2025-12-07 20:40:35,879 - ghidra_adapter - DEBUG -   INFO  ExtractBinaryInfo.py> Writing 1 rows to .\Malware_sample_exe_output\Malware_sample_exe_cross_refs\Malware_sample_exe_00409430_idata_5_refs.csv... (GhidraScript)  
2025-12-07 20:40:35,879 - ghidra_adapter - DEBUG -   INFO  ExtractBinaryInfo.py> Writing 1 rows to .\Malware_sample_exe_output\Malware_sample_exe_cross_refs\Malware_sample_exe_00409430_imp_getmainargs_refs.csv... (GhidraScript)  
2025-12-07 20:40:35,879 - ghidra_adapter - DEBUG -   INFO  ExtractBinaryInfo.py> Writing 2 rows to .\Malware_sample_exe_output\Malware_sample_exe_cross_refs\Malware_sample_exe_00409438_idata_5_refs.csv... (GhidraScript)  
2025-12-07 20:40:35,879 - ghidra_adapter - DEBUG -   INFO  ExtractBinaryInfo.py> Writing 2 rows to .\Malware_sample_exe_output\Malware_sample_exe_cross_refs\Malware_sample_exe_00409438_imp_initenv_refs.csv... (GhidraScript)  
2025-12-07 20:40:35,879 - ghidra_adapter - DEBUG -   INFO  ExtractBinaryInfo.py> Writing 1 rows to .\Malware_sample_exe_output\Malware_sample_exe_cross_refs\Malware_sample_exe_00409440_idata_5_refs.csv... (GhidraScript)  
2025-12-07 20:40:35,879 - ghidra_adapter - DEBUG -   INFO  ExtractBinaryInfo.py> Writing 1 rows to .\Malware_sample_exe_output\Malware_sample_exe_cross_refs\Malware_sample_exe_00409440_imp_iob_func_refs.csv... (GhidraScript)  
2025-12-07 20:40:35,879 - ghidra_adapter - DEBUG -   INFO  ExtractBinaryInfo.py> Writing 2 rows to .\Malware_sample_exe_output\Malware_sample_exe_cross_refs\Malware_sample_exe_00409448_idata_5_refs.csv... (GhidraScript)  
2025-12-07 20:40:35,879 - ghidra_adapter - DEBUG -   INFO  ExtractBinaryInfo.py> Writing 2 rows to .\Malware_sample_exe_output\Malware_sample_exe_cross_refs\Malware_sample_exe_00409448_imp_lconv_init_refs.csv... (GhidraScript)  
2025-12-07 20:40:35,879 - ghidra_adapter - DEBUG -   INFO  ExtractBinaryInfo.py> Writing 1 rows to .\Malware_sample_exe_output\Malware_sample_exe_cross_refs\Malware_sample_exe_00409450_idata_5_refs.csv... (GhidraScript)  
2025-12-07 20:40:35,880 - ghidra_adapter - DEBUG -   INFO  ExtractBinaryInfo.py> Writing 1 rows to .\Malware_sample_exe_output\Malware_sample_exe_cross_refs\Malware_sample_exe_00409450_imp_set_app_type_refs.csv... (GhidraScript)  
2025-12-07 20:40:35,880 - ghidra_adapter - DEBUG -   INFO  ExtractBinaryInfo.py> Writing 1 rows to .\Malware_sample_exe_output\Malware_sample_exe_cross_refs\Malware_sample_exe_00409458_idata_5_refs.csv... (GhidraScript)  
2025-12-07 20:40:35,880 - ghidra_adapter - DEBUG -   INFO  ExtractBinaryInfo.py> Writing 1 rows to .\Malware_sample_exe_output\Malware_sample_exe_cross_refs\Malware_sample_exe_00409458_imp_setusermatherr_refs.csv... (GhidraScript)  
2025-12-07 20:40:35,880 - ghidra_adapter - DEBUG -   INFO  ExtractBinaryInfo.py> Writing 2 rows to .\Malware_sample_exe_output\Malware_sample_exe_cross_refs\Malware_sample_exe_00409460_idata_5_refs.csv... (GhidraScript)  
2025-12-07 20:40:35,880 - ghidra_adapter - DEBUG -   INFO  ExtractBinaryInfo.py> Writing 2 rows to .\Malware_sample_exe_output\Malware_sample_exe_cross_refs\Malware_sample_exe_00409460_imp_acmdln_refs.csv... (GhidraScript)  
2025-12-07 20:40:35,880 - ghidra_adapter - DEBUG -   INFO  ExtractBinaryInfo.py> Writing 1 rows to .\Malware_sample_exe_output\Malware_sample_exe_cross_refs\Malware_sample_exe_00409468_idata_5_refs.csv... (GhidraScript)  
2025-12-07 20:40:35,880 - ghidra_adapter - DEBUG -   INFO  ExtractBinaryInfo.py> Writing 1 rows to .\Malware_sample_exe_output\Malware_sample_exe_cross_refs\Malware_sample_exe_00409468_imp_amsg_exit_refs.csv... (GhidraScript)  
2025-12-07 20:40:35,880 - ghidra_adapter - DEBUG -   INFO  ExtractBinaryInfo.py> Writing 1 rows to .\Malware_sample_exe_output\Malware_sample_exe_cross_refs\Malware_sample_exe_00409470_idata_5_refs.csv... (GhidraScript)  
2025-12-07 20:40:35,880 - ghidra_adapter - DEBUG -   INFO  ExtractBinaryInfo.py> Writing 1 rows to .\Malware_sample_exe_output\Malware_sample_exe_cross_refs\Malware_sample_exe_00409470_imp_cexit_refs.csv... (GhidraScript)  
2025-12-07 20:40:35,880 - ghidra_adapter - DEBUG -   INFO  ExtractBinaryInfo.py> Writing 2 rows to .\Malware_sample_exe_output\Malware_sample_exe_cross_refs\Malware_sample_exe_00409478_idata_5_refs.csv... (GhidraScript)  
2025-12-07 20:40:35,880 - ghidra_adapter - DEBUG -   INFO  ExtractBinaryInfo.py> Writing 2 rows to .\Malware_sample_exe_output\Malware_sample_exe_cross_refs\Malware_sample_exe_00409478_imp_fmode_refs.csv... (GhidraScript)  
2025-12-07 20:40:35,880 - ghidra_adapter - DEBUG -   INFO  ExtractBinaryInfo.py> Writing 1 rows to .\Malware_sample_exe_output\Malware_sample_exe_cross_refs\Malware_sample_exe_00409480_idata_5_refs.csv... (GhidraScript)  
2025-12-07 20:40:35,880 - ghidra_adapter - DEBUG -   INFO  ExtractBinaryInfo.py> Writing 1 rows to .\Malware_sample_exe_output\Malware_sample_exe_cross_refs\Malware_sample_exe_00409480_imp_initterm_refs.csv... (GhidraScript)  
2025-12-07 20:40:35,880 - ghidra_adapter - DEBUG -   INFO  ExtractBinaryInfo.py> Writing 2 rows to .\Malware_sample_exe_output\Malware_sample_exe_cross_refs\Malware_sample_exe_00409488_idata_5_refs.csv... (GhidraScript)  
2025-12-07 20:40:35,881 - ghidra_adapter - DEBUG -   INFO  ExtractBinaryInfo.py> Writing 2 rows to .\Malware_sample_exe_output\Malware_sample_exe_cross_refs\Malware_sample_exe_00409488_imp_itoa_refs.csv... (GhidraScript)  
2025-12-07 20:40:35,881 - ghidra_adapter - DEBUG -   INFO  ExtractBinaryInfo.py> Writing 1 rows to .\Malware_sample_exe_output\Malware_sample_exe_cross_refs\Malware_sample_exe_00409490_idata_5_refs.csv... (GhidraScript)  
2025-12-07 20:40:35,881 - ghidra_adapter - DEBUG -   INFO  ExtractBinaryInfo.py> Writing 1 rows to .\Malware_sample_exe_output\Malware_sample_exe_cross_refs\Malware_sample_exe_00409490_imp_onexit_refs.csv... (GhidraScript)  
2025-12-07 20:40:35,881 - ghidra_adapter - DEBUG -   INFO  ExtractBinaryInfo.py> Writing 1 rows to .\Malware_sample_exe_output\Malware_sample_exe_cross_refs\Malware_sample_exe_00409498_idata_5_refs.csv... (GhidraScript)  
2025-12-07 20:40:35,881 - ghidra_adapter - DEBUG -   INFO  ExtractBinaryInfo.py> Writing 1 rows to .\Malware_sample_exe_output\Malware_sample_exe_cross_refs\Malware_sample_exe_00409498_imp_time_refs.csv... (GhidraScript)  
2025-12-07 20:40:35,881 - ghidra_adapter - DEBUG -   INFO  ExtractBinaryInfo.py> Writing 1 rows to .\Malware_sample_exe_output\Malware_sample_exe_cross_refs\Malware_sample_exe_004094a0_idata_5_refs.csv... (GhidraScript)  
2025-12-07 20:40:35,881 - ghidra_adapter - DEBUG -   INFO  ExtractBinaryInfo.py> Writing 1 rows to .\Malware_sample_exe_output\Malware_sample_exe_cross_refs\Malware_sample_exe_004094a0_imp_abort_refs.csv... (GhidraScript)  
2025-12-07 20:40:35,881 - ghidra_adapter - DEBUG -   INFO  ExtractBinaryInfo.py> Writing 1 rows to .\Malware_sample_exe_output\Malware_sample_exe_cross_refs\Malware_sample_exe_004094a8_idata_5_refs.csv... (GhidraScript)  
2025-12-07 20:40:35,881 - ghidra_adapter - DEBUG -   INFO  ExtractBinaryInfo.py> Writing 1 rows to .\Malware_sample_exe_output\Malware_sample_exe_cross_refs\Malware_sample_exe_004094a8_imp_calloc_refs.csv... (GhidraScript)  
2025-12-07 20:40:35,881 - ghidra_adapter - DEBUG -   INFO  ExtractBinaryInfo.py> Writing 1 rows to .\Malware_sample_exe_output\Malware_sample_exe_cross_refs\Malware_sample_exe_004094b0_idata_5_refs.csv... (GhidraScript)  
2025-12-07 20:40:35,881 - ghidra_adapter - DEBUG -   INFO  ExtractBinaryInfo.py> Writing 1 rows to .\Malware_sample_exe_output\Malware_sample_exe_cross_refs\Malware_sample_exe_004094b0_imp_exit_refs.csv... (GhidraScript)  
2025-12-07 20:40:35,881 - ghidra_adapter - DEBUG -   INFO  ExtractBinaryInfo.py> Writing 1 rows to .\Malware_sample_exe_output\Malware_sample_exe_cross_refs\Malware_sample_exe_004094b8_idata_5_refs.csv... (GhidraScript)  
2025-12-07 20:40:35,881 - ghidra_adapter - DEBUG -   INFO  ExtractBinaryInfo.py> Writing 1 rows to .\Malware_sample_exe_output\Malware_sample_exe_cross_refs\Malware_sample_exe_004094b8_imp_fprintf_refs.csv... (GhidraScript)  
2025-12-07 20:40:35,881 - ghidra_adapter - DEBUG -   INFO  ExtractBinaryInfo.py> Writing 1 rows to .\Malware_sample_exe_output\Malware_sample_exe_cross_refs\Malware_sample_exe_004094c0_idata_5_refs.csv... (GhidraScript)  
2025-12-07 20:40:35,881 - ghidra_adapter - DEBUG -   INFO  ExtractBinaryInfo.py> Writing 1 rows to .\Malware_sample_exe_output\Malware_sample_exe_cross_refs\Malware_sample_exe_004094c0_imp_free_refs.csv... (GhidraScript)  
2025-12-07 20:40:35,882 - ghidra_adapter - DEBUG -   INFO  ExtractBinaryInfo.py> Writing 1 rows to .\Malware_sample_exe_output\Malware_sample_exe_cross_refs\Malware_sample_exe_004094c8_idata_5_refs.csv... (GhidraScript)  
2025-12-07 20:40:35,882 - ghidra_adapter - DEBUG -   INFO  ExtractBinaryInfo.py> Writing 1 rows to .\Malware_sample_exe_output\Malware_sample_exe_cross_refs\Malware_sample_exe_004094c8_imp_fwrite_refs.csv... (GhidraScript)  
2025-12-07 20:40:35,882 - ghidra_adapter - DEBUG -   INFO  ExtractBinaryInfo.py> Writing 1 rows to .\Malware_sample_exe_output\Malware_sample_exe_cross_refs\Malware_sample_exe_004094d0_idata_5_refs.csv... (GhidraScript)  
2025-12-07 20:40:35,882 - ghidra_adapter - DEBUG -   INFO  ExtractBinaryInfo.py> Writing 1 rows to .\Malware_sample_exe_output\Malware_sample_exe_cross_refs\Malware_sample_exe_004094d0_imp_malloc_refs.csv... (GhidraScript)  
2025-12-07 20:40:35,882 - ghidra_adapter - DEBUG -   INFO  ExtractBinaryInfo.py> Writing 1 rows to .\Malware_sample_exe_output\Malware_sample_exe_cross_refs\Malware_sample_exe_004094d8_idata_5_refs.csv... (GhidraScript)  
2025-12-07 20:40:35,882 - ghidra_adapter - DEBUG -   INFO  ExtractBinaryInfo.py> Writing 1 rows to .\Malware_sample_exe_output\Malware_sample_exe_cross_refs\Malware_sample_exe_004094d8_imp_memcpy_refs.csv... (GhidraScript)  
2025-12-07 20:40:35,882 - ghidra_adapter - DEBUG -   INFO  ExtractBinaryInfo.py> Writing 1 rows to .\Malware_sample_exe_output\Malware_sample_exe_cross_refs\Malware_sample_exe_004094e0_idata_5_refs.csv... (GhidraScript)  
2025-12-07 20:40:35,882 - ghidra_adapter - DEBUG -   INFO  ExtractBinaryInfo.py> Writing 1 rows to .\Malware_sample_exe_output\Malware_sample_exe_cross_refs\Malware_sample_exe_004094e0_imp_puts_refs.csv... (GhidraScript)  
2025-12-07 20:40:35,882 - ghidra_adapter - DEBUG -   INFO  ExtractBinaryInfo.py> Writing 1 rows to .\Malware_sample_exe_output\Malware_sample_exe_cross_refs\Malware_sample_exe_004094e8_idata_5_refs.csv... (GhidraScript)  
2025-12-07 20:40:35,882 - ghidra_adapter - DEBUG -   INFO  ExtractBinaryInfo.py> Writing 1 rows to .\Malware_sample_exe_output\Malware_sample_exe_cross_refs\Malware_sample_exe_004094e8_imp_rand_refs.csv... (GhidraScript)  
2025-12-07 20:40:35,882 - ghidra_adapter - DEBUG -   INFO  ExtractBinaryInfo.py> Writing 1 rows to .\Malware_sample_exe_output\Malware_sample_exe_cross_refs\Malware_sample_exe_004094f0_idata_5_refs.csv... (GhidraScript)  
2025-12-07 20:40:35,882 - ghidra_adapter - DEBUG -   INFO  ExtractBinaryInfo.py> Writing 1 rows to .\Malware_sample_exe_output\Malware_sample_exe_cross_refs\Malware_sample_exe_004094f0_imp_signal_refs.csv... (GhidraScript)  
2025-12-07 20:40:35,882 - ghidra_adapter - DEBUG -   INFO  ExtractBinaryInfo.py> Writing 1 rows to .\Malware_sample_exe_output\Malware_sample_exe_cross_refs\Malware_sample_exe_004094f8_idata_5_refs.csv... (GhidraScript)  
2025-12-07 20:40:35,883 - ghidra_adapter - DEBUG -   INFO  ExtractBinaryInfo.py> Writing 1 rows to .\Malware_sample_exe_output\Malware_sample_exe_cross_refs\Malware_sample_exe_004094f8_imp_srand_refs.csv... (GhidraScript)  
2025-12-07 20:40:35,883 - ghidra_adapter - DEBUG -   INFO  ExtractBinaryInfo.py> Writing 1 rows to .\Malware_sample_exe_output\Malware_sample_exe_cross_refs\Malware_sample_exe_00409500_idata_5_refs.csv... (GhidraScript)  
2025-12-07 20:40:35,883 - ghidra_adapter - DEBUG -   INFO  ExtractBinaryInfo.py> Writing 1 rows to .\Malware_sample_exe_output\Malware_sample_exe_cross_refs\Malware_sample_exe_00409500_imp_strcat_refs.csv... (GhidraScript)  
2025-12-07 20:40:35,883 - ghidra_adapter - DEBUG -   INFO  ExtractBinaryInfo.py> Writing 1 rows to .\Malware_sample_exe_output\Malware_sample_exe_cross_refs\Malware_sample_exe_00409508_idata_5_refs.csv... (GhidraScript)  
2025-12-07 20:40:35,883 - ghidra_adapter - DEBUG -   INFO  ExtractBinaryInfo.py> Writing 1 rows to .\Malware_sample_exe_output\Malware_sample_exe_cross_refs\Malware_sample_exe_00409508_imp_strcmp_refs.csv... (GhidraScript)  
2025-12-07 20:40:35,883 - ghidra_adapter - DEBUG -   INFO  ExtractBinaryInfo.py> Writing 1 rows to .\Malware_sample_exe_output\Malware_sample_exe_cross_refs\Malware_sample_exe_00409510_idata_5_refs.csv... (GhidraScript)  
2025-12-07 20:40:35,883 - ghidra_adapter - DEBUG -   INFO  ExtractBinaryInfo.py> Writing 1 rows to .\Malware_sample_exe_output\Malware_sample_exe_cross_refs\Malware_sample_exe_00409510_imp_strlen_refs.csv... (GhidraScript)  
2025-12-07 20:40:35,883 - ghidra_adapter - DEBUG -   INFO  ExtractBinaryInfo.py> Writing 1 rows to .\Malware_sample_exe_output\Malware_sample_exe_cross_refs\Malware_sample_exe_00409518_idata_5_refs.csv... (GhidraScript)  
2025-12-07 20:40:35,883 - ghidra_adapter - DEBUG -   INFO  ExtractBinaryInfo.py> Writing 1 rows to .\Malware_sample_exe_output\Malware_sample_exe_cross_refs\Malware_sample_exe_00409518_imp_strncmp_refs.csv... (GhidraScript)  
2025-12-07 20:40:35,883 - ghidra_adapter - DEBUG -   INFO  ExtractBinaryInfo.py> Writing 1 rows to .\Malware_sample_exe_output\Malware_sample_exe_cross_refs\Malware_sample_exe_00409520_idata_5_refs.csv... (GhidraScript)  
2025-12-07 20:40:35,883 - ghidra_adapter - DEBUG -   INFO  ExtractBinaryInfo.py> Writing 1 rows to .\Malware_sample_exe_output\Malware_sample_exe_cross_refs\Malware_sample_exe_00409520_imp_system_refs.csv... (GhidraScript)  
2025-12-07 20:40:35,883 - ghidra_adapter - DEBUG -   INFO  ExtractBinaryInfo.py> Writing 1 rows to .\Malware_sample_exe_output\Malware_sample_exe_cross_refs\Malware_sample_exe_00409528_idata_5_refs.csv... (GhidraScript)  
2025-12-07 20:40:35,883 - ghidra_adapter - DEBUG -   INFO  ExtractBinaryInfo.py> Writing 1 rows to .\Malware_sample_exe_output\Malware_sample_exe_cross_refs\Malware_sample_exe_00409528_imp_vfprintf_refs.csv... (GhidraScript)  
2025-12-07 20:40:35,883 - ghidra_adapter - DEBUG -   INFO  ExtractBinaryInfo.py> Writing 2 rows to .\Malware_sample_exe_output\Malware_sample_exe_cross_refs\Malware_sample_exe_00409538_idata_5_refs.csv... (GhidraScript)  
2025-12-07 20:40:35,884 - ghidra_adapter - DEBUG -   INFO  ExtractBinaryInfo.py> Writing 2 rows to .\Malware_sample_exe_output\Malware_sample_exe_cross_refs\Malware_sample_exe_00409538_fthunk_refs.csv... (GhidraScript)  
2025-12-07 20:40:35,884 - ghidra_adapter - DEBUG -   INFO  ExtractBinaryInfo.py> Writing 2 rows to .\Malware_sample_exe_output\Malware_sample_exe_cross_refs\Malware_sample_exe_00409538_imp_SHGetSpecialFolderPathA_refs.csv... (GhidraScript)  
2025-12-07 20:40:35,884 - ghidra_adapter - DEBUG -   INFO  ExtractBinaryInfo.py> Writing 1 rows to .\Malware_sample_exe_output\Malware_sample_exe_cross_refs\Malware_sample_exe_00409548_idata_5_refs.csv... (GhidraScript)  
2025-12-07 20:40:35,884 - ghidra_adapter - DEBUG -   INFO  ExtractBinaryInfo.py> Writing 1 rows to .\Malware_sample_exe_output\Malware_sample_exe_cross_refs\Malware_sample_exe_00409548_fthunk_refs.csv... (GhidraScript)  
2025-12-07 20:40:35,884 - ghidra_adapter - DEBUG -   INFO  ExtractBinaryInfo.py> Writing 1 rows to .\Malware_sample_exe_output\Malware_sample_exe_cross_refs\Malware_sample_exe_00409548_imp_URLDownloadToFileA_refs.csv... (GhidraScript)  
2025-12-07 20:40:35,884 - ghidra_adapter - DEBUG -   INFO  ExtractBinaryInfo.py> Writing 2 rows to .\Malware_sample_exe_output\Malware_sample_exe_cross_refs\Malware_sample_exe_00409558_idata_5_refs.csv... (GhidraScript)  
2025-12-07 20:40:35,884 - ghidra_adapter - DEBUG -   INFO  ExtractBinaryInfo.py> Writing 2 rows to .\Malware_sample_exe_output\Malware_sample_exe_cross_refs\Malware_sample_exe_00409558_fthunk_refs.csv... (GhidraScript)  
2025-12-07 20:40:35,884 - ghidra_adapter - DEBUG -   INFO  ExtractBinaryInfo.py> Writing 2 rows to .\Malware_sample_exe_output\Malware_sample_exe_cross_refs\Malware_sample_exe_00409558_imp_GetForegroundWindow_refs.csv... (GhidraScript)  
2025-12-07 20:40:35,884 - ghidra_adapter - DEBUG -   INFO  ExtractBinaryInfo.py> Writing 2 rows to .\Malware_sample_exe_output\Malware_sample_exe_cross_refs\Malware_sample_exe_00409560_idata_5_refs.csv... (GhidraScript)  
2025-12-07 20:40:35,884 - ghidra_adapter - DEBUG -   INFO  ExtractBinaryInfo.py> Writing 2 rows to .\Malware_sample_exe_output\Malware_sample_exe_cross_refs\Malware_sample_exe_00409560_imp_MessageBoxA_refs.csv... (GhidraScript)  
2025-12-07 20:40:35,884 - ghidra_adapter - DEBUG -   INFO  ExtractBinaryInfo.py> Writing 2 rows to .\Malware_sample_exe_output\Malware_sample_exe_cross_refs\Malware_sample_exe_00409568_idata_5_refs.csv... (GhidraScript)  
2025-12-07 20:40:35,884 - ghidra_adapter - DEBUG -   INFO  ExtractBinaryInfo.py> Writing 2 rows to .\Malware_sample_exe_output\Malware_sample_exe_cross_refs\Malware_sample_exe_00409568_imp_ShowWindow_refs.csv... (GhidraScript)  
2025-12-07 20:40:35,884 - ghidra_adapter - DEBUG -   INFO  ExtractBinaryInfo.py> Writing 1 rows to .\Malware_sample_exe_output\Malware_sample_exe_cross_refs\Malware_sample_exe_00409578_idata_5_refs.csv... (GhidraScript)  
2025-12-07 20:40:35,884 - ghidra_adapter - DEBUG -   INFO  ExtractBinaryInfo.py> Writing 1 rows to .\Malware_sample_exe_output\Malware_sample_exe_cross_refs\Malware_sample_exe_00409578_imp_ZNSt8ios_base4InitC1Ev_refs.csv... (GhidraScript)  
2025-12-07 20:40:35,884 - ghidra_adapter - DEBUG -   INFO  ExtractBinaryInfo.py> Writing 1 rows to .\Malware_sample_exe_output\Malware_sample_exe_cross_refs\Malware_sample_exe_00409580_idata_5_refs.csv... (GhidraScript)  
2025-12-07 20:40:35,885 - ghidra_adapter - DEBUG -   INFO  ExtractBinaryInfo.py> Writing 1 rows to .\Malware_sample_exe_output\Malware_sample_exe_cross_refs\Malware_sample_exe_00409580_imp_ZNSt8ios_base4InitD1Ev_refs.csv... (GhidraScript)  
2025-12-07 20:40:35,885 - ghidra_adapter - DEBUG -   INFO  ExtractBinaryInfo.py> Writing 1 rows to .\Malware_sample_exe_output\Malware_sample_exe_cross_refs\Malware_sample_exe_00409a3c_idata_7_refs.csv... (GhidraScript)  
2025-12-07 20:40:35,885 - ghidra_adapter - DEBUG -   INFO  ExtractBinaryInfo.py> Writing 1 rows to .\Malware_sample_exe_output\Malware_sample_exe_cross_refs\Malware_sample_exe_00409a3c_lib64_libadvapi32_a_iname_refs.csv... (GhidraScript)  
2025-12-07 20:40:35,885 - ghidra_adapter - DEBUG -   INFO  ExtractBinaryInfo.py> Writing 1 rows to .\Malware_sample_exe_output\Malware_sample_exe_cross_refs\Malware_sample_exe_00409ab8_idata_7_refs.csv... (GhidraScript)  
2025-12-07 20:40:35,885 - ghidra_adapter - DEBUG -   INFO  ExtractBinaryInfo.py> Writing 1 rows to .\Malware_sample_exe_output\Malware_sample_exe_cross_refs\Malware_sample_exe_00409ab8_lib64_libkernel32_a_iname_refs.csv... (GhidraScript)  
2025-12-07 20:40:35,885 - ghidra_adapter - DEBUG -   INFO  ExtractBinaryInfo.py> Writing 2 rows to .\Malware_sample_exe_output\Malware_sample_exe_cross_refs\Malware_sample_exe_0040a010_CRT_XCZ_refs.csv... (GhidraScript)  
2025-12-07 20:40:35,885 - ghidra_adapter - DEBUG -   INFO  ExtractBinaryInfo.py> Writing 2 rows to .\Malware_sample_exe_output\Malware_sample_exe_cross_refs\Malware_sample_exe_0040a010_xc_z_refs.csv... (GhidraScript)  
2025-12-07 20:40:35,885 - ghidra_adapter - DEBUG -   INFO  ExtractBinaryInfo.py> Writing 2 rows to .\Malware_sample_exe_output\Malware_sample_exe_cross_refs\Malware_sample_exe_0040a018_CRT_XIA_refs.csv... (GhidraScript)  
2025-12-07 20:40:35,885 - ghidra_adapter - DEBUG -   INFO  ExtractBinaryInfo.py> Writing 2 rows to .\Malware_sample_exe_output\Malware_sample_exe_cross_refs\Malware_sample_exe_0040a018_crt_xi_start_refs.csv... (GhidraScript)  
2025-12-07 20:40:35,885 - ghidra_adapter - DEBUG -   INFO  ExtractBinaryInfo.py> Writing 2 rows to .\Malware_sample_exe_output\Malware_sample_exe_cross_refs\Malware_sample_exe_0040a018_crt_xc_end_refs.csv... (GhidraScript)  
2025-12-07 20:40:35,885 - ghidra_adapter - DEBUG -   INFO  ExtractBinaryInfo.py> Writing 2 rows to .\Malware_sample_exe_output\Malware_sample_exe_cross_refs\Malware_sample_exe_0040a018_xi_a_refs.csv... (GhidraScript)  
2025-12-07 20:40:35,885 - ghidra_adapter - DEBUG -   INFO  ExtractBinaryInfo.py> Writing 2 rows to .\Malware_sample_exe_output\Malware_sample_exe_cross_refs\Malware_sample_exe_0040a030_CRT_XIZ_refs.csv... (GhidraScript)  
2025-12-07 20:40:35,885 - ghidra_adapter - DEBUG -   INFO  ExtractBinaryInfo.py> Writing 2 rows to .\Malware_sample_exe_output\Malware_sample_exe_cross_refs\Malware_sample_exe_0040a030_xi_z_refs.csv... (GhidraScript)  
2025-12-07 20:40:35,885 - ghidra_adapter - DEBUG -   INFO  ExtractBinaryInfo.py> Writing 3 rows to .\Malware_sample_exe_output\Malware_sample_exe_cross_refs\Malware_sample_exe_0040a060_xd_z_refs.csv... (GhidraScript)  
2025-12-07 20:40:35,885 - ghidra_adapter - DEBUG -   INFO  ExtractBinaryInfo.py> Writing 3 rows to .\Malware_sample_exe_output\Malware_sample_exe_cross_refs\Malware_sample_exe_0040a060_CRT_XDZ_refs.csv... (GhidraScript)  
2025-12-07 20:40:35,886 - ghidra_adapter - DEBUG -   INFO  ExtractBinaryInfo.py> Writing 1 rows to .\Malware_sample_exe_output\Malware_sample_exe_cross_refs\Malware_sample_exe_0040c000_end_refs.csv... (GhidraScript)  
2025-12-07 20:40:35,886 - ghidra_adapter - DEBUG -   INFO  ExtractBinaryInfo.py> --- Cross-Reference Extraction Complete --- (GhidraScript)  
2025-12-07 20:40:35,886 - ghidra_adapter - DEBUG -   INFO  ExtractBinaryInfo.py> Generated 487 cross-reference files. (GhidraScript)  
2025-12-07 20:40:35,886 - ghidra_adapter - DEBUG -   INFO  ExtractBinaryInfo.py> 
2025-12-07 20:40:35,886 - ghidra_adapter - DEBUG -   --- Binary Information & Cross-Ref Extraction Complete --- (GhidraScript)  
2025-12-07 20:40:35,886 - ghidra_adapter - DEBUG -   INFO  ExtractBinaryInfo.py> Output files generated with prefix: Malware_sample_exe (GhidraScript)  
2025-12-07 20:40:35,886 - ghidra_adapter - DEBUG -   INFO  ExtractBinaryInfo.py> Main output directory: E:\WorkSpace\ReBind_demo\tmp\Malware_sample_ghidemo\Malware_sample_exe_output (GhidraScript)  
2025-12-07 20:40:35,886 - ghidra_adapter - DEBUG -   INFO  ExtractBinaryInfo.py> Cross-reference files directory: E:\WorkSpace\ReBind_demo\tmp\Malware_sample_ghidemo\Malware_sample_exe_output\Malware_sample_exe_cross_refs (GhidraScript)  
2025-12-07 20:40:35,886 - ghidra_adapter - DEBUG -   INFO  SCRIPT: E:\WorkSpace\ReBind_demo\tmp\Malware_sample_ghidemo\ExtractDisassembly.py (HeadlessAnalyzer)  
2025-12-07 20:40:35,886 - ghidra_adapter - DEBUG -   INFO  ExtractDisassembly.py> Created output directory: ./Malware_sample_exe_disassembly (GhidraScript)  
2025-12-07 20:40:35,886 - ghidra_adapter - DEBUG -   INFO  ExtractDisassembly.py> Found 199 functions, starting disassembly extraction... (GhidraScript)  
2025-12-07 20:40:35,886 - ghidra_adapter - DEBUG -   INFO  ExtractDisassembly.py>    Progress: 50/199 (GhidraScript)  
2025-12-07 20:40:35,886 - ghidra_adapter - DEBUG -   INFO  ExtractDisassembly.py>    Progress: 100/199 (GhidraScript)  
2025-12-07 20:40:35,886 - ghidra_adapter - DEBUG -   INFO  ExtractDisassembly.py> 
2025-12-07 20:40:35,886 - ghidra_adapter - DEBUG -   --- Disassembly Extraction Complete --- (GhidraScript)  
2025-12-07 20:40:35,887 - ghidra_adapter - DEBUG -   INFO  ExtractDisassembly.py> Successfully Extracted: 130 (GhidraScript)  
2025-12-07 20:40:35,887 - ghidra_adapter - DEBUG -   INFO  ExtractDisassembly.py> Errors Occurred: 0 (GhidraScript)  
2025-12-07 20:40:35,887 - ghidra_adapter - DEBUG -   INFO  ExtractDisassembly.py> Total Functions: 199 (GhidraScript)  
2025-12-07 20:40:35,887 - ghidra_adapter - DEBUG -   INFO  ExtractDisassembly.py> Disassembly files saved to: ./Malware_sample_exe_disassembly (GhidraScript)  
2025-12-07 20:40:35,887 - ghidra_adapter - DEBUG -   INFO  SCRIPT: E:\WorkSpace\ReBind_demo\tmp\Malware_sample_ghidemo\ExtractPseudocode.py (HeadlessAnalyzer)  
2025-12-07 20:40:35,887 - ghidra_adapter - DEBUG -   INFO  ExtractPseudocode.py> --- Pseudocode Extraction Script --- (GhidraScript)  
2025-12-07 20:40:35,887 - ghidra_adapter - DEBUG -   INFO  ExtractPseudocode.py> Created output directory: ./Malware_sample_exe_pseudocode (GhidraScript)  
2025-12-07 20:40:35,887 - ghidra_adapter - DEBUG -   INFO  ExtractPseudocode.py> Opening decompiler for program Malware_sample.exe... (GhidraScript)  
2025-12-07 20:40:35,887 - ghidra_adapter - DEBUG -   INFO  ExtractPseudocode.py> Found 199 functions, starting decompilation... (GhidraScript)  
2025-12-07 20:40:35,887 - ghidra_adapter - DEBUG -   INFO  ExtractPseudocode.py>   Progress: 50/199 (GhidraScript)  
2025-12-07 20:40:35,887 - ghidra_adapter - DEBUG -   INFO  ExtractPseudocode.py>   Progress: 100/199 (GhidraScript)  
2025-12-07 20:40:35,887 - ghidra_adapter - DEBUG -   INFO  ExtractPseudocode.py> 
2025-12-07 20:40:35,887 - ghidra_adapter - DEBUG -   --- Pseudocode Extraction Complete --- (GhidraScript)  
2025-12-07 20:40:35,887 - ghidra_adapter - DEBUG -   INFO  ExtractPseudocode.py> Successfully Decompiled: 130 (GhidraScript)  
2025-12-07 20:40:35,887 - ghidra_adapter - DEBUG -   INFO  ExtractPseudocode.py> Failed/Skipped: 0 (GhidraScript)  
2025-12-07 20:40:35,887 - ghidra_adapter - DEBUG -   INFO  ExtractPseudocode.py> Total Functions: 199 (GhidraScript)  
2025-12-07 20:40:35,887 - ghidra_adapter - DEBUG -   INFO  ExtractPseudocode.py> Pseudocode files saved to: ./Malware_sample_exe_pseudocode (GhidraScript)  
2025-12-07 20:40:35,887 - ghidra_adapter - DEBUG -   INFO  ANALYZING changes made by post scripts: file:///E:/WorkSpace/ReBind_demo/tmp/Malware_sample_ghidemo/Malware_sample.exe (HeadlessAnalyzer)  
2025-12-07 20:40:35,887 - ghidra_adapter - DEBUG -   INFO  REPORT: Post-analysis succeeded for file: file:///E:/WorkSpace/ReBind_demo/tmp/Malware_sample_ghidemo/Malware_sample.exe (HeadlessAnalyzer)  
2025-12-07 20:40:35,887 - ghidra_adapter - DEBUG -   INFO  REPORT: Save succeeded for: /Malware_sample.exe (MyPEAnalysisTemp_Malware_sample.exe:/Malware_sample.exe) (HeadlessAnalyzer)  
2025-12-07 20:40:35,888 - ghidra_adapter - DEBUG -   INFO  REPORT: Import succeeded (HeadlessAnalyzer)  
2025-12-07 20:40:35,888 - ghidra_adapter - INFO - Ghidra分析完成
2025-12-07 20:40:35,888 - ghidra_adapter - DEBUG - 文件名清理: Malware_sample.exe -> Malware_sample.exe
2025-12-07 20:40:35,888 - ghidra_adapter - INFO - 处理输出文件...
2025-12-07 20:40:35,888 - ghidra_adapter - DEBUG - 清理后的文件名: Malware_sample.exe
2025-12-07 20:40:35,888 - ghidra_adapter - DEBUG - 当前工作目录: E:\WorkSpace\ReBind_demo\tools\Ghidra_Headless_Demo
2025-12-07 20:40:35,888 - ghidra_adapter - DEBUG - 检查目录: Malware_sample.exe_disassembly (绝对路径: E:\WorkSpace\ReBind_demo\tools\Ghidra_Headless_Demo\Malware_sample.exe_disassembly)
2025-12-07 20:40:35,889 - ghidra_adapter - WARNING - 输出目录不存在: Malware_sample.exe_disassembly
2025-12-07 20:40:35,889 - ghidra_adapter - DEBUG - 当前目录内容:
2025-12-07 20:40:35,889 - ghidra_adapter - DEBUG -   - .gitignore
2025-12-07 20:40:35,889 - ghidra_adapter - DEBUG -   - config.yaml
2025-12-07 20:40:35,889 - ghidra_adapter - DEBUG -   - ExtractBinaryInfo.py
2025-12-07 20:40:35,889 - ghidra_adapter - DEBUG -   - ExtractDisassembly.py
2025-12-07 20:40:35,889 - ghidra_adapter - DEBUG -   - ExtractPseudocode.py
2025-12-07 20:40:35,889 - ghidra_adapter - DEBUG -   - ghidra_adapter.log
2025-12-07 20:40:35,889 - ghidra_adapter - DEBUG -   - ghidra_adapter.py
2025-12-07 20:40:35,889 - ghidra_adapter - DEBUG -   - input_prehandle_start.bat
2025-12-07 20:40:35,890 - ghidra_adapter - DEBUG -   - Malware_sample_exe_disassembly
2025-12-07 20:40:35,890 - ghidra_adapter - DEBUG -   - Malware_sample_exe_output
2025-12-07 20:40:35,890 - ghidra_adapter - DEBUG -   - Malware_sample_exe_pseudocode
2025-12-07 20:40:35,890 - ghidra_adapter - DEBUG -   - README.md
2025-12-07 20:40:35,890 - ghidra_adapter - DEBUG - 检查目录: Malware_sample.exe_output (绝对路径: E:\WorkSpace\ReBind_demo\tools\Ghidra_Headless_Demo\Malware_sample.exe_output)
2025-12-07 20:40:35,890 - ghidra_adapter - WARNING - 输出目录不存在: Malware_sample.exe_output
2025-12-07 20:40:35,890 - ghidra_adapter - DEBUG - 当前目录内容:
2025-12-07 20:40:35,890 - ghidra_adapter - DEBUG -   - .gitignore
2025-12-07 20:40:35,890 - ghidra_adapter - DEBUG -   - config.yaml
2025-12-07 20:40:35,890 - ghidra_adapter - DEBUG -   - ExtractBinaryInfo.py
2025-12-07 20:40:35,891 - ghidra_adapter - DEBUG -   - ExtractDisassembly.py
2025-12-07 20:40:35,891 - ghidra_adapter - DEBUG -   - ExtractPseudocode.py
2025-12-07 20:40:35,891 - ghidra_adapter - DEBUG -   - ghidra_adapter.log
2025-12-07 20:40:35,891 - ghidra_adapter - DEBUG -   - ghidra_adapter.py
2025-12-07 20:40:35,891 - ghidra_adapter - DEBUG -   - input_prehandle_start.bat
2025-12-07 20:40:35,891 - ghidra_adapter - DEBUG -   - Malware_sample_exe_disassembly
2025-12-07 20:40:35,891 - ghidra_adapter - DEBUG -   - Malware_sample_exe_output
2025-12-07 20:40:35,891 - ghidra_adapter - DEBUG -   - Malware_sample_exe_pseudocode
2025-12-07 20:40:35,891 - ghidra_adapter - DEBUG -   - README.md
2025-12-07 20:40:35,891 - ghidra_adapter - DEBUG - 检查目录: Malware_sample.exe_pseudocode (绝对路径: E:\WorkSpace\ReBind_demo\tools\Ghidra_Headless_Demo\Malware_sample.exe_pseudocode)
2025-12-07 20:40:35,892 - ghidra_adapter - WARNING - 输出目录不存在: Malware_sample.exe_pseudocode
2025-12-07 20:40:35,892 - ghidra_adapter - DEBUG - 当前目录内容:
2025-12-07 20:40:35,892 - ghidra_adapter - DEBUG -   - .gitignore
2025-12-07 20:40:35,892 - ghidra_adapter - DEBUG -   - config.yaml
2025-12-07 20:40:35,892 - ghidra_adapter - DEBUG -   - ExtractBinaryInfo.py
2025-12-07 20:40:35,892 - ghidra_adapter - DEBUG -   - ExtractDisassembly.py
2025-12-07 20:40:35,892 - ghidra_adapter - DEBUG -   - ExtractPseudocode.py
2025-12-07 20:40:35,892 - ghidra_adapter - DEBUG -   - ghidra_adapter.log
2025-12-07 20:40:35,892 - ghidra_adapter - DEBUG -   - ghidra_adapter.py
2025-12-07 20:40:35,892 - ghidra_adapter - DEBUG -   - input_prehandle_start.bat
2025-12-07 20:40:35,892 - ghidra_adapter - DEBUG -   - Malware_sample_exe_disassembly
2025-12-07 20:40:35,892 - ghidra_adapter - DEBUG -   - Malware_sample_exe_output
2025-12-07 20:40:35,892 - ghidra_adapter - DEBUG -   - Malware_sample_exe_pseudocode
2025-12-07 20:40:35,892 - ghidra_adapter - DEBUG -   - README.md
2025-12-07 20:40:35,894 - ghidra_adapter - DEBUG - 删除临时脚本: ExtractBinaryInfo.py
2025-12-07 20:40:35,895 - ghidra_adapter - DEBUG - 删除临时脚本: ExtractDisassembly.py
2025-12-07 20:40:35,895 - ghidra_adapter - DEBUG - 删除临时脚本: ExtractPseudocode.py
2025-12-07 20:40:35,895 - ghidra_adapter - INFO - 分析完成，输出目录: E:\WorkSpace\ReBind_demo\tmp\Malware_sample_ghidemo
2025-12-07 20:41:09,815 - ghidra_adapter - INFO - 开始分析文件: E:\WorkSpace\ReBind_demo\tmp\Malware_sample.exe
2025-12-07 20:41:09,816 - ghidra_adapter - INFO - 准备工作目录: E:\WorkSpace\ReBind_demo\tmp\Malware_sample_ghidemo
2025-12-07 20:41:09,818 - ghidra_adapter - DEBUG - 复制脚本: ExtractBinaryInfo.py
2025-12-07 20:41:09,819 - ghidra_adapter - DEBUG - 复制脚本: ExtractDisassembly.py
2025-12-07 20:41:09,822 - ghidra_adapter - DEBUG - 复制脚本: ExtractPseudocode.py
2025-12-07 20:41:09,824 - ghidra_adapter - DEBUG - 复制脚本: ghidra_adapter.py
2025-12-07 20:41:09,825 - ghidra_adapter - DEBUG - 复制输入文件: Malware_sample.exe
2025-12-07 20:41:09,826 - ghidra_adapter - DEBUG - 文件名清理: Malware_sample.exe -> Malware_sample.exe
2025-12-07 20:41:09,826 - ghidra_adapter - DEBUG - 构建的命令: E:\Program Files (x86)\ghidra_11.4.3_PUBLIC_20251203\ghidra_11.4.3_PUBLIC\support\analyzeHeadless.bat E:\WorkSpace\ReBind_demo\tmp\Malware_sample_ghidemo MyPEAnalysisTemp_Malware_sample.exe -deleteProject -import E:\WorkSpace\ReBind_demo\tmp\Malware_sample_ghidemo\Malware_sample.exe -scriptPath E:\WorkSpace\ReBind_demo\tmp\Malware_sample_ghidemo -postScript ExtractBinaryInfo.py -postScript ExtractDisassembly.py -postScript ExtractPseudocode.py
2025-12-07 20:41:09,826 - ghidra_adapter - INFO - 执行Ghidra命令...
2025-12-07 20:41:09,826 - ghidra_adapter - DEBUG - 完整命令: E:\Program Files (x86)\ghidra_11.4.3_PUBLIC_20251203\ghidra_11.4.3_PUBLIC\support\analyzeHeadless.bat E:\WorkSpace\ReBind_demo\tmp\Malware_sample_ghidemo MyPEAnalysisTemp_Malware_sample.exe -deleteProject -import E:\WorkSpace\ReBind_demo\tmp\Malware_sample_ghidemo\Malware_sample.exe -scriptPath E:\WorkSpace\ReBind_demo\tmp\Malware_sample_ghidemo -postScript ExtractBinaryInfo.py -postScript ExtractDisassembly.py -postScript ExtractPseudocode.py
2025-12-07 20:41:09,826 - ghidra_adapter - DEBUG - 当前工作目录: E:\WorkSpace\ReBind_demo\tmp\Malware_sample_ghidemo
2025-12-07 20:41:44,219 - ghidra_adapter - INFO - 开始分析文件: E:\WorkSpace\ReBind_demo\tmp\Malware_sample.exe
2025-12-07 20:41:44,220 - ghidra_adapter - INFO - 准备工作目录: E:\WorkSpace\ReBind_demo\tmp\Malware_sample_ghidemo
2025-12-07 20:41:44,222 - ghidra_adapter - DEBUG - 复制脚本: ExtractBinaryInfo.py
2025-12-07 20:41:44,225 - ghidra_adapter - DEBUG - 复制脚本: ExtractDisassembly.py
2025-12-07 20:41:44,227 - ghidra_adapter - DEBUG - 复制脚本: ExtractPseudocode.py
2025-12-07 20:41:44,228 - ghidra_adapter - DEBUG - 复制脚本: ghidra_adapter.py
2025-12-07 20:41:44,229 - ghidra_adapter - DEBUG - 复制输入文件: Malware_sample.exe
2025-12-07 20:41:44,230 - ghidra_adapter - DEBUG - 文件名清理: Malware_sample.exe -> Malware_sample.exe
2025-12-07 20:41:44,230 - ghidra_adapter - DEBUG - 构建的命令: E:\Program Files (x86)\ghidra_11.4.3_PUBLIC_20251203\ghidra_11.4.3_PUBLIC\support\analyzeHeadless.bat E:\WorkSpace\ReBind_demo\tmp\Malware_sample_ghidemo MyPEAnalysisTemp_Malware_sample.exe -deleteProject -import E:\WorkSpace\ReBind_demo\tmp\Malware_sample_ghidemo\Malware_sample.exe -scriptPath E:\WorkSpace\ReBind_demo\tmp\Malware_sample_ghidemo -postScript ExtractBinaryInfo.py -postScript ExtractDisassembly.py -postScript ExtractPseudocode.py
2025-12-07 20:41:44,230 - ghidra_adapter - INFO - 执行Ghidra命令...
2025-12-07 20:41:44,230 - ghidra_adapter - DEBUG - 完整命令: E:\Program Files (x86)\ghidra_11.4.3_PUBLIC_20251203\ghidra_11.4.3_PUBLIC\support\analyzeHeadless.bat E:\WorkSpace\ReBind_demo\tmp\Malware_sample_ghidemo MyPEAnalysisTemp_Malware_sample.exe -deleteProject -import E:\WorkSpace\ReBind_demo\tmp\Malware_sample_ghidemo\Malware_sample.exe -scriptPath E:\WorkSpace\ReBind_demo\tmp\Malware_sample_ghidemo -postScript ExtractBinaryInfo.py -postScript ExtractDisassembly.py -postScript ExtractPseudocode.py
2025-12-07 20:41:44,230 - ghidra_adapter - DEBUG - 当前工作目录: E:\WorkSpace\ReBind_demo\tmp\Malware_sample_ghidemo
2025-12-07 20:43:43,844 - ghidra_adapter - DEBUG - Ghidra标准输出:
2025-12-07 20:43:43,844 - ghidra_adapter - DEBUG -   INFO  Using log config file: jar:file:/E:/Program%20Files%20(x86)/ghidra_11.4.3_PUBLIC_20251203/ghidra_11.4.3_PUBLIC/Ghidra/Framework/Generic/lib/Generic.jar!/generic.log4j.xml (LoggingInitialization)  
2025-12-07 20:43:43,844 - ghidra_adapter - DEBUG -   INFO  Using log file: C:\Users\jaube\AppData\Roaming\ghidra\ghidra_11.4.3_PUBLIC\application.log (LoggingInitialization)  
2025-12-07 20:43:43,844 - ghidra_adapter - DEBUG -   INFO  Loading user preferences: C:\Users\jaube\AppData\Roaming\ghidra\ghidra_11.4.3_PUBLIC\preferences (Preferences)  
2025-12-07 20:43:43,845 - ghidra_adapter - DEBUG -   INFO  Loading previous preferences: C:\Users\jaube\AppData\Roaming\ghidra\ghidra_11.3.2_PUBLIC\preferences (Preferences)  
2025-12-07 20:43:43,845 - ghidra_adapter - DEBUG -   INFO  Searching for classes... (ClassSearcher)  
2025-12-07 20:43:43,845 - ghidra_adapter - DEBUG -   INFO  Class search complete (768 ms) (ClassSearcher)  
2025-12-07 20:43:43,845 - ghidra_adapter - DEBUG -   INFO  Initializing SSL Context (SSLContextInitializer)  
2025-12-07 20:43:43,845 - ghidra_adapter - DEBUG -   INFO  Initializing Random Number Generator... (SecureRandomFactory)  
2025-12-07 20:43:43,845 - ghidra_adapter - DEBUG -   INFO  Random Number Generator initialization complete: SHA1PRNG (SecureRandomFactory)  
2025-12-07 20:43:43,845 - ghidra_adapter - DEBUG -   INFO  Trust manager disabled, cacerts have not been set (ApplicationTrustManagerFactory)  
2025-12-07 20:43:43,845 - ghidra_adapter - DEBUG -   INFO  Headless startup complete (2108 ms) (AnalyzeHeadless)  
2025-12-07 20:43:43,845 - ghidra_adapter - DEBUG -   INFO  Class searcher loaded 58 extension points (18 false positives) (ClassSearcher)  
2025-12-07 20:43:43,845 - ghidra_adapter - DEBUG -   INFO  HEADLESS Script Paths:
2025-12-07 20:43:43,845 - ghidra_adapter - DEBUG -       E:\Program Files (x86)\ghidra_11.4.3_PUBLIC_20251203\ghidra_11.4.3_PUBLIC\Ghidra\Processors\JVM\ghidra_scripts
2025-12-07 20:43:43,846 - ghidra_adapter - DEBUG -       E:\Program Files (x86)\ghidra_11.4.3_PUBLIC_20251203\ghidra_11.4.3_PUBLIC\Ghidra\Features\Jython\ghidra_scripts
2025-12-07 20:43:43,846 - ghidra_adapter - DEBUG -       E:\Program Files (x86)\ghidra_11.4.3_PUBLIC_20251203\ghidra_11.4.3_PUBLIC\Ghidra\Features\WildcardAssembler\ghidra_scripts
2025-12-07 20:43:43,846 - ghidra_adapter - DEBUG -       E:\Program Files (x86)\ghidra_11.4.3_PUBLIC_20251203\ghidra_11.4.3_PUBLIC\Ghidra\Processors\8051\ghidra_scripts
2025-12-07 20:43:43,846 - ghidra_adapter - DEBUG -       E:\Program Files (x86)\ghidra_11.4.3_PUBLIC_20251203\ghidra_11.4.3_PUBLIC\Ghidra\Features\Decompiler\ghidra_scripts
2025-12-07 20:43:43,846 - ghidra_adapter - DEBUG -       E:\Program Files (x86)\ghidra_11.4.3_PUBLIC_20251203\ghidra_11.4.3_PUBLIC\Ghidra\Features\FunctionID\ghidra_scripts
2025-12-07 20:43:43,846 - ghidra_adapter - DEBUG -       E:\Program Files (x86)\ghidra_11.4.3_PUBLIC_20251203\ghidra_11.4.3_PUBLIC\Ghidra\Features\PyGhidra\ghidra_scripts
2025-12-07 20:43:43,846 - ghidra_adapter - DEBUG -       E:\Program Files (x86)\ghidra_11.4.3_PUBLIC_20251203\ghidra_11.4.3_PUBLIC\Ghidra\Processors\DATA\ghidra_scripts
2025-12-07 20:43:43,846 - ghidra_adapter - DEBUG -       E:\Program Files (x86)\ghidra_11.4.3_PUBLIC_20251203\ghidra_11.4.3_PUBLIC\Ghidra\Features\SwiftDemangler\ghidra_scripts
2025-12-07 20:43:43,846 - ghidra_adapter - DEBUG -       E:\Program Files (x86)\ghidra_11.4.3_PUBLIC_20251203\ghidra_11.4.3_PUBLIC\Ghidra\Features\Base\ghidra_scripts
2025-12-07 20:43:43,846 - ghidra_adapter - DEBUG -       E:\Program Files (x86)\ghidra_11.4.3_PUBLIC_20251203\ghidra_11.4.3_PUBLIC\Ghidra\Features\DecompilerDependent\ghidra_scripts
2025-12-07 20:43:43,846 - ghidra_adapter - DEBUG -       E:\Program Files (x86)\ghidra_11.4.3_PUBLIC_20251203\ghidra_11.4.3_PUBLIC\Ghidra\Debug\Debugger\ghidra_scripts
2025-12-07 20:43:43,847 - ghidra_adapter - DEBUG -       E:\Program Files (x86)\ghidra_11.4.3_PUBLIC_20251203\ghidra_11.4.3_PUBLIC\Ghidra\Debug\Debugger-rmi-trace\ghidra_scripts
2025-12-07 20:43:43,847 - ghidra_adapter - DEBUG -       E:\Program Files (x86)\ghidra_11.4.3_PUBLIC_20251203\ghidra_11.4.3_PUBLIC\Ghidra\Features\GnuDemangler\ghidra_scripts
2025-12-07 20:43:43,847 - ghidra_adapter - DEBUG -       E:\Program Files (x86)\ghidra_11.4.3_PUBLIC_20251203\ghidra_11.4.3_PUBLIC\Ghidra\Processors\PIC\ghidra_scripts
2025-12-07 20:43:43,847 - ghidra_adapter - DEBUG -       E:\Program Files (x86)\ghidra_11.4.3_PUBLIC_20251203\ghidra_11.4.3_PUBLIC\Ghidra\Features\VersionTracking\ghidra_scripts
2025-12-07 20:43:43,847 - ghidra_adapter - DEBUG -       E:\Program Files (x86)\ghidra_11.4.3_PUBLIC_20251203\ghidra_11.4.3_PUBLIC\Ghidra\Features\BytePatterns\ghidra_scripts
2025-12-07 20:43:43,847 - ghidra_adapter - DEBUG -       E:\Program Files (x86)\ghidra_11.4.3_PUBLIC_20251203\ghidra_11.4.3_PUBLIC\Ghidra\Features\BSim\ghidra_scripts
2025-12-07 20:43:43,847 - ghidra_adapter - DEBUG -       E:\Program Files (x86)\ghidra_11.4.3_PUBLIC_20251203\ghidra_11.4.3_PUBLIC\Ghidra\Features\MicrosoftCodeAnalyzer\ghidra_scripts
2025-12-07 20:43:43,847 - ghidra_adapter - DEBUG -       E:\Program Files (x86)\ghidra_11.4.3_PUBLIC_20251203\ghidra_11.4.3_PUBLIC\Ghidra\Processors\Atmel\ghidra_scripts
2025-12-07 20:43:43,847 - ghidra_adapter - DEBUG -       E:\WorkSpace\ReBind_demo\tmp\Malware_sample_ghidemo
2025-12-07 20:43:43,847 - ghidra_adapter - DEBUG -       E:\Program Files (x86)\ghidra_11.4.3_PUBLIC_20251203\ghidra_11.4.3_PUBLIC\Ghidra\Features\PDB\ghidra_scripts
2025-12-07 20:43:43,847 - ghidra_adapter - DEBUG -       E:\Program Files (x86)\ghidra_11.4.3_PUBLIC_20251203\ghidra_11.4.3_PUBLIC\Ghidra\Features\FileFormats\ghidra_scripts
2025-12-07 20:43:43,847 - ghidra_adapter - DEBUG -       E:\Program Files (x86)\ghidra_11.4.3_PUBLIC_20251203\ghidra_11.4.3_PUBLIC\Ghidra\Features\SystemEmulation\ghidra_scripts (HeadlessAnalyzer)  
2025-12-07 20:43:43,847 - ghidra_adapter - DEBUG -   INFO  HEADLESS: execution starts (HeadlessAnalyzer)  
2025-12-07 20:43:43,847 - ghidra_adapter - DEBUG -   INFO  Creating temporary project: E:\WorkSpace\ReBind_demo\tmp\Malware_sample_ghidemo\MyPEAnalysisTemp_Malware_sample.exe (HeadlessAnalyzer)  
2025-12-07 20:43:43,848 - ghidra_adapter - DEBUG -   INFO  Creating project: E:\WorkSpace\ReBind_demo\tmp\Malware_sample_ghidemo\MyPEAnalysisTemp_Malware_sample.exe (DefaultProject)  
2025-12-07 20:43:43,848 - ghidra_adapter - DEBUG -   INFO  REPORT: Processing input files:  (HeadlessAnalyzer)  
2025-12-07 20:43:43,848 - ghidra_adapter - DEBUG -   INFO       project: E:\WorkSpace\ReBind_demo\tmp\Malware_sample_ghidemo\MyPEAnalysisTemp_Malware_sample.exe (HeadlessAnalyzer)  
2025-12-07 20:43:43,848 - ghidra_adapter - DEBUG -   INFO  IMPORTING: file:///E:/WorkSpace/ReBind_demo/tmp/Malware_sample_ghidemo/Malware_sample.exe (HeadlessAnalyzer)  
2025-12-07 20:43:43,848 - ghidra_adapter - DEBUG -   INFO  Using Loader: Portable Executable (PE) (AutoImporter)  
2025-12-07 20:43:43,848 - ghidra_adapter - DEBUG -   INFO  Using Language/Compiler: x86:LE:64:default:windows (AutoImporter)  
2025-12-07 20:43:43,848 - ghidra_adapter - DEBUG -   INFO  Using Library Search Path: [., C:\Windows\SysWOW64, E:\Program Files (x86)\jdk-23_windows-x64_bin\jdk-23.0.2\bin, C:\Windows\Sun\Java\bin, C:\Windows\system32, C:\Windows, C:\Program Files\PowerShell\7, c:\Users\jaube\AppData\Roaming\Code\User\globalStorage\github.copilot-chat\debugCommand, c:\Users\jaube\AppData\Roaming\Code\User\globalStorage\github.copilot-chat\copilotCli, E:\python27, E:\python27\Scripts, C:\Python311\Scripts, C:\Python311, C:\Python313\Scripts\, C:\Python313\, C:\Program Files (x86)\VMware\VMware Workstation\bin\, C:\Program Files (x86)\Common Files\Oracle\Java\javapath, C:\Program Files\mingw64\mingw64\bin, C:\Windows\System32\Wbem, C:\Windows\System32\WindowsPowerShell\v1.0\, C:\Windows\System32\OpenSSH\, C:\Program Files\010 Editor, C:\Program Files\CMake\bin, C:\ProgramData\chocolatey\bin, E:\Games\FGO-py.portable\Python311\Lib\site-packages\airtest\core\android\static\adb\windows, c:\Users\jaube\AppData\Local\Programs\cursor\resources\app\bin, C:\MinGW\mingw64\x86_64-w64-mingw32\bin, C:\MinGW\mingw64\i686-w64-mingw32\bin, C:\Program Files\NVIDIA Corporation\NVIDIA App\NvDLISR, C:\Program Files\NASM, C:\Program Files (x86)\Microsoft SQL Server\100\Tools\Binn\, C:\Program Files\Microsoft SQL Server\100\Tools\Binn\, C:\Program Files\Microsoft SQL Server\100\DTS\Binn\, C:\Program Files (x86)\NetSarang\Xshell 8\, C:\Program Files\Tailscale\, C:\Program Files\PowerShell\7\, C:\Program Files\nodejs\, C:\Program Files\Pandoc\, C:\Program Files\BinDiff\bin, C:\Program Files\IDA Professional 9.2, C:\Users\jaube\scoop\apps\llvm\current\bin, C:\Users\jaube\.pyenv\pyenv-win\bin, C:\Users\jaube\.pyenv\pyenv-win\shims, C:\Users\jaube\scoop\apps\gcc\current\bin, C:\Users\jaube\scoop\shims, C:\Users\jaube\AppData\Local\Microsoft\WindowsApps, C:\Program Files\Microsoft VS Code\bin, C:\Users\jaube\AppData\Local\Programs\Ollama, C:\Users\jaube\.dotnet\tools, C:\Program Files (x86)\Nmap, C:\Users\jaube\AppData\Roaming\npm, c:\Users\jaube\.vscode\extensions\ms-python.debugpy-2025.16.0-win32-x64\bundled\scripts\noConfigScripts] (AutoImporter)  
2025-12-07 20:43:43,848 - ghidra_adapter - DEBUG -   INFO  TLS callbacks at 40a040 (TLSDirectory)  
2025-12-07 20:43:43,848 - ghidra_adapter - DEBUG -   INFO  TLS callbacks at 6fd9f030 (TLSDirectory)  
2025-12-07 20:43:43,848 - ghidra_adapter - DEBUG -   INFO  TLS callbacks at 180080708 (TLSDirectory)  
2025-12-07 20:43:43,848 - ghidra_adapter - DEBUG -   INFO  TLS callbacks at 1805f7e30 (TLSDirectory)  
2025-12-07 20:43:43,848 - ghidra_adapter - DEBUG -   WARN  Invalid or missing function at 1806d58d8 (ExportDataDirectory)  
2025-12-07 20:43:43,849 - ghidra_adapter - DEBUG -   INFO  TLS callbacks at 18013bd58 (TLSDirectory)  
2025-12-07 20:43:43,849 - ghidra_adapter - DEBUG -   WARN  Invalid or missing function at 180167d0c (ExportDataDirectory)  
2025-12-07 20:43:43,849 - ghidra_adapter - DEBUG -   WARN  Invalid or missing function at 1800c0888 (ExportDataDirectory)  
2025-12-07 20:43:43,849 - ghidra_adapter - DEBUG -   INFO  Removing 48 unused filesystems from cache (FileSystemInstanceManager)  
2025-12-07 20:43:43,849 - ghidra_adapter - DEBUG -   INFO  Additional info:
2025-12-07 20:43:43,849 - ghidra_adapter - DEBUG -   Loading file:///E:/WorkSpace/ReBind_demo/tmp/Malware_sample_ghidemo/Malware_sample.exe?MD5=d9775bc92f82a09b9784b71127c115ab...
2025-12-07 20:43:43,849 - ghidra_adapter - DEBUG -   ------------------------------------------------
2025-12-07 20:43:43,849 - ghidra_adapter - DEBUG -   Searching 49 paths for library ADVAPI32.DLL...
2025-12-07 20:43:43,850 - ghidra_adapter - DEBUG -   Skipping library which is the wrong architecture: file:///C:/Windows/SysWOW64/advapi32.dll
2025-12-07 20:43:43,850 - ghidra_adapter - DEBUG -   Loading file:///C:/Windows/System32/advapi32.dll?MD5=ee2cefb4b9f730b3fa8f85c7567b7ed9...
2025-12-07 20:43:43,850 - ghidra_adapter - DEBUG -   Using existing exports file: C:\Users\jaube\AppData\Roaming\ghidra\ghidra_11.4.3_PUBLIC\symbols\win64\advapi32.exports
2025-12-07 20:43:43,850 - ghidra_adapter - DEBUG -   Library not saved to project.
2025-12-07 20:43:43,850 - ghidra_adapter - DEBUG -   ------------------------------------------------
2025-12-07 20:43:43,850 - ghidra_adapter - DEBUG -   Searching 49 paths for library KERNEL32.DLL...
2025-12-07 20:43:43,850 - ghidra_adapter - DEBUG -   Skipping library which is the wrong architecture: file:///C:/Windows/SysWOW64/kernel32.dll
2025-12-07 20:43:43,850 - ghidra_adapter - DEBUG -   Loading file:///C:/Windows/System32/kernel32.dll?MD5=a4ceaf0979e5e714288b431f6f2015d7...
2025-12-07 20:43:43,850 - ghidra_adapter - DEBUG -   Using existing exports file: C:\Users\jaube\AppData\Roaming\ghidra\ghidra_11.4.3_PUBLIC\symbols\win64\kernel32.exports
2025-12-07 20:43:43,851 - ghidra_adapter - DEBUG -   Library not saved to project.
2025-12-07 20:43:43,851 - ghidra_adapter - DEBUG -   ------------------------------------------------
2025-12-07 20:43:43,851 - ghidra_adapter - DEBUG -   Searching 49 paths for library LIBSTDC++-6.DLL...
2025-12-07 20:43:43,851 - ghidra_adapter - DEBUG -   Loading file:///C:/Program Files/mingw64/mingw64/bin/libstdc++-6.dll?MD5=58f1c3e85a3714b9f5441c9b513e08bb...
2025-12-07 20:43:43,851 - ghidra_adapter - DEBUG -   Using existing exports file: C:\Users\jaube\AppData\Roaming\ghidra\ghidra_11.4.3_PUBLIC\symbols\win64\libstdc++-6.exports
2025-12-07 20:43:43,851 - ghidra_adapter - DEBUG -   Library not saved to project.
2025-12-07 20:43:43,851 - ghidra_adapter - DEBUG -   ------------------------------------------------
2025-12-07 20:43:43,851 - ghidra_adapter - DEBUG -   Searching 49 paths for library MSVCRT.DLL...
2025-12-07 20:43:43,851 - ghidra_adapter - DEBUG -   Skipping library which is the wrong architecture: file:///C:/Windows/SysWOW64/msvcrt.dll
2025-12-07 20:43:43,851 - ghidra_adapter - DEBUG -   Loading file:///C:/Windows/System32/msvcrt.dll?MD5=05b181de0b5a6a1098f0a7198118e166...
2025-12-07 20:43:43,852 - ghidra_adapter - DEBUG -   Using existing exports file: C:\Users\jaube\AppData\Roaming\ghidra\ghidra_11.4.3_PUBLIC\symbols\win64\msvcrt.exports
2025-12-07 20:43:43,852 - ghidra_adapter - DEBUG -   Library not saved to project.
2025-12-07 20:43:43,852 - ghidra_adapter - DEBUG -   ------------------------------------------------
2025-12-07 20:43:43,852 - ghidra_adapter - DEBUG -   Searching 49 paths for library SHELL32.DLL...
2025-12-07 20:43:43,852 - ghidra_adapter - DEBUG -   Skipping library which is the wrong architecture: file:///C:/Windows/SysWOW64/shell32.dll
2025-12-07 20:43:43,852 - ghidra_adapter - DEBUG -   Loading file:///C:/Windows/System32/shell32.dll?MD5=bd2c384ec031b7f1cc0279f886cf99c9...
2025-12-07 20:43:43,852 - ghidra_adapter - DEBUG -   Using existing exports file: C:\Users\jaube\AppData\Roaming\ghidra\ghidra_11.4.3_PUBLIC\symbols\win64\shell32.exports
2025-12-07 20:43:43,852 - ghidra_adapter - DEBUG -   Library not saved to project.
2025-12-07 20:43:43,852 - ghidra_adapter - DEBUG -   ------------------------------------------------
2025-12-07 20:43:43,852 - ghidra_adapter - DEBUG -   Searching 49 paths for library URLMON.DLL...
2025-12-07 20:43:43,853 - ghidra_adapter - DEBUG -   Skipping library which is the wrong architecture: file:///C:/Windows/SysWOW64/urlmon.dll
2025-12-07 20:43:43,853 - ghidra_adapter - DEBUG -   Loading file:///C:/Windows/System32/urlmon.dll?MD5=9f4f4fb8a84a2e09da19039a07e32da4...
2025-12-07 20:43:43,853 - ghidra_adapter - DEBUG -   [urlmon.dll]: failed to create WEVTResource at 18018ad50: Failed to resolve data length for WEVTResource
2025-12-07 20:43:43,853 - ghidra_adapter - DEBUG -   Using existing exports file: C:\Users\jaube\AppData\Roaming\ghidra\ghidra_11.4.3_PUBLIC\symbols\win64\urlmon.exports
2025-12-07 20:43:43,853 - ghidra_adapter - DEBUG -   Library not saved to project.
2025-12-07 20:43:43,853 - ghidra_adapter - DEBUG -   ------------------------------------------------
2025-12-07 20:43:43,853 - ghidra_adapter - DEBUG -   Searching 49 paths for library USER32.DLL...
2025-12-07 20:43:43,853 - ghidra_adapter - DEBUG -   Skipping library which is the wrong architecture: file:///C:/Windows/SysWOW64/user32.dll
2025-12-07 20:43:43,853 - ghidra_adapter - DEBUG -   Loading file:///C:/Windows/System32/user32.dll?MD5=70dee7319768f1a567c504a825e3a7b3...
2025-12-07 20:43:43,853 - ghidra_adapter - DEBUG -   [user32.dll]: failed to create WEVTResource at 1800dfa70: Failed to resolve data length for WEVTResource
2025-12-07 20:43:43,854 - ghidra_adapter - DEBUG -   Using existing exports file: C:\Users\jaube\AppData\Roaming\ghidra\ghidra_11.4.3_PUBLIC\symbols\win64\user32.exports
2025-12-07 20:43:43,854 - ghidra_adapter - DEBUG -   Library not saved to project.
2025-12-07 20:43:43,854 - ghidra_adapter - DEBUG -   ------------------------------------------------
2025-12-07 20:43:43,854 - ghidra_adapter - DEBUG -   Applying C:\Users\jaube\AppData\Roaming\ghidra\ghidra_11.4.3_PUBLIC\symbols\win64\advapi32.exports
2025-12-07 20:43:43,854 - ghidra_adapter - DEBUG -   Applying C:\Users\jaube\AppData\Roaming\ghidra\ghidra_11.4.3_PUBLIC\symbols\win64\kernel32.exports
2025-12-07 20:43:43,854 - ghidra_adapter - DEBUG -   Applying C:\Users\jaube\AppData\Roaming\ghidra\ghidra_11.4.3_PUBLIC\symbols\win64\msvcrt.exports
2025-12-07 20:43:43,855 - ghidra_adapter - DEBUG -   Applying C:\Users\jaube\AppData\Roaming\ghidra\ghidra_11.4.3_PUBLIC\symbols\win64\shell32.exports
2025-12-07 20:43:43,855 - ghidra_adapter - DEBUG -   Applying C:\Users\jaube\AppData\Roaming\ghidra\ghidra_11.4.3_PUBLIC\symbols\win64\urlmon.exports
2025-12-07 20:43:43,855 - ghidra_adapter - DEBUG -   Applying C:\Users\jaube\AppData\Roaming\ghidra\ghidra_11.4.3_PUBLIC\symbols\win64\user32.exports
2025-12-07 20:43:43,855 - ghidra_adapter - DEBUG -   Applying C:\Users\jaube\AppData\Roaming\ghidra\ghidra_11.4.3_PUBLIC\symbols\win64\libstdc++-6.exports
2025-12-07 20:43:43,855 - ghidra_adapter - DEBUG -   Linking the External Programs of 'Malware_sample.exe' to imported libraries...
2025-12-07 20:43:43,855 - ghidra_adapter - DEBUG -     [ADVAPI32.DLL] -> not found in project
2025-12-07 20:43:43,855 - ghidra_adapter - DEBUG -     [KERNEL32.DLL] -> not found in project
2025-12-07 20:43:43,855 - ghidra_adapter - DEBUG -     [MSVCRT.DLL] -> not found in project
2025-12-07 20:43:43,855 - ghidra_adapter - DEBUG -     [SHELL32.DLL] -> not found in project
2025-12-07 20:43:43,855 - ghidra_adapter - DEBUG -     [URLMON.DLL] -> not found in project
2025-12-07 20:43:43,855 - ghidra_adapter - DEBUG -     [USER32.DLL] -> not found in project
2025-12-07 20:43:43,856 - ghidra_adapter - DEBUG -     [LIBSTDC++-6.DLL] -> not found in project
2025-12-07 20:43:43,856 - ghidra_adapter - DEBUG -   ------------------------------------------------
2025-12-07 20:43:43,856 - ghidra_adapter - DEBUG -    (AutoImporter)  
2025-12-07 20:43:43,856 - ghidra_adapter - DEBUG -   INFO  IMPORTING: Loaded 0 additional files (HeadlessAnalyzer)  
2025-12-07 20:43:43,856 - ghidra_adapter - DEBUG -   INFO  ANALYZING all memory and code: file:///E:/WorkSpace/ReBind_demo/tmp/Malware_sample_ghidemo/Malware_sample.exe (HeadlessAnalyzer)  
2025-12-07 20:43:43,856 - ghidra_adapter - DEBUG -   WARN  Ignoring leading '_' chars on no-return name '___raise_securityfailure' specified in file: E:\Program Files (x86)\ghidra_11.4.3_PUBLIC_20251203\ghidra_11.4.3_PUBLIC\Ghidra\Features\Base\data\PEFunctionsThatDoNotReturn (NoReturnFunctionAnalyzer)  
2025-12-07 20:43:43,856 - ghidra_adapter - DEBUG -   WARN  Ignoring leading '_' chars on no-return name '___report_rangecheckfailure' specified in file: E:\Program Files (x86)\ghidra_11.4.3_PUBLIC_20251203\ghidra_11.4.3_PUBLIC\Ghidra\Features\Base\data\PEFunctionsThatDoNotReturn (NoReturnFunctionAnalyzer)  
2025-12-07 20:43:43,856 - ghidra_adapter - DEBUG -   INFO  Added 15 source map entries (DWARFImporter)  
2025-12-07 20:43:43,856 - ghidra_adapter - DEBUG -   INFO  DWARF ver[2, 4], 2 compUnits, 399 DIES, import - total elapsed: 40ms (DWARFImportSummary)  
2025-12-07 20:43:43,856 - ghidra_adapter - DEBUG -   INFO  DWARF data type import - elapsed: 24ms (DWARFImportSummary)  
2025-12-07 20:43:43,857 - ghidra_adapter - DEBUG -   INFO  DWARF func & symbol import - elapsed: 7ms (DWARFImportSummary)  
2025-12-07 20:43:43,857 - ghidra_adapter - DEBUG -   INFO  DWARF types imported: 70 (DWARFImportSummary)  
2025-12-07 20:43:43,857 - ghidra_adapter - DEBUG -   INFO  DWARF compile dirs: [C:\mingw810\x86_64-810-posix-seh-rt_v6-rev0\build\gcc-8.1.0\x86_64-w64-mingw32\libgcc] (DWARFImportSummary)  
2025-12-07 20:43:43,857 - ghidra_adapter - DEBUG -   INFO  DWARF producers: [GNU AS 2.30, GNU C17 8.1.0 -mtune=core2 -march=nocona -g -g -g -O2 -O2 -O2 -fno-ident -fbuilding-libgcc -fno-stack-protector] (DWARFImportSummary)  
2025-12-07 20:43:43,857 - ghidra_adapter - DEBUG -   INFO  DWARF source languages: [DW_LANG_C99, DW_LANG_Mips_Assembler] (DWARFImportSummary)  
2025-12-07 20:43:43,857 - ghidra_adapter - DEBUG -   INFO  DWARF compUnit: ../../../../../src/gcc-8.1.0/libgcc/config/i386/cygwin.S (DWARFImportSummary)  
2025-12-07 20:43:43,857 - ghidra_adapter - DEBUG -   INFO  DWARF compUnit: ../../../../../src/gcc-8.1.0/libgcc/libgcc2.c (DWARFImportSummary)  
2025-12-07 20:43:43,857 - ghidra_adapter - DEBUG -   INFO  Skipping PDB processing: missing PDB information in program metadata (PdbUniversalAnalyzer)  
2025-12-07 20:43:43,857 - ghidra_adapter - DEBUG -   INFO  hit non-returning function, restarting decompiler switch analyzer later (DecompilerSwitchAnalyzer)  
2025-12-07 20:43:43,857 - ghidra_adapter - DEBUG -   INFO  Packed database cache: C:\Users\jaube\AppData\Local\ghidra\packed-db-cache (PackedDatabaseCache)  
2025-12-07 20:43:43,857 - ghidra_adapter - DEBUG -   INFO  Applied data type archive: windows_vs12_64 (ApplyDataArchiveAnalyzer)  
2025-12-07 20:43:43,857 - ghidra_adapter - DEBUG -   INFO  -----------------------------------------------------
2025-12-07 20:43:43,859 - ghidra_adapter - DEBUG -       ASCII Strings                              0.277 secs
2025-12-07 20:43:43,859 - ghidra_adapter - DEBUG -       Apply Data Archives                        0.489 secs
2025-12-07 20:43:43,859 - ghidra_adapter - DEBUG -       Call Convention ID                         6.662 secs
2025-12-07 20:43:43,859 - ghidra_adapter - DEBUG -       Call-Fixup Installer                       0.004 secs
2025-12-07 20:43:43,859 - ghidra_adapter - DEBUG -       Create Address Tables                      0.005 secs
2025-12-07 20:43:43,859 - ghidra_adapter - DEBUG -       Create Address Tables - One Time           0.003 secs
2025-12-07 20:43:43,859 - ghidra_adapter - DEBUG -       Create Function                            0.008 secs
2025-12-07 20:43:43,859 - ghidra_adapter - DEBUG -       DWARF                                      0.083 secs
2025-12-07 20:43:43,859 - ghidra_adapter - DEBUG -       Data Reference                             0.009 secs
2025-12-07 20:43:43,859 - ghidra_adapter - DEBUG -       Decompiler Parameter ID                   33.451 secs
2025-12-07 20:43:43,859 - ghidra_adapter - DEBUG -       Decompiler Switch Analysis                33.186 secs
2025-12-07 20:43:43,859 - ghidra_adapter - DEBUG -       Decompiler Switch Analysis - One Time     13.353 secs
2025-12-07 20:43:43,859 - ghidra_adapter - DEBUG -       Demangler GNU                              3.180 secs
2025-12-07 20:43:43,859 - ghidra_adapter - DEBUG -       Demangler Microsoft                        0.016 secs
2025-12-07 20:43:43,859 - ghidra_adapter - DEBUG -       Disassemble Entry Points                   0.170 secs
2025-12-07 20:43:43,859 - ghidra_adapter - DEBUG -       Disassemble Entry Points - One Time        0.007 secs
2025-12-07 20:43:43,860 - ghidra_adapter - DEBUG -       Embedded Media                             0.006 secs
2025-12-07 20:43:43,860 - ghidra_adapter - DEBUG -       External Entry References                  0.000 secs
2025-12-07 20:43:43,860 - ghidra_adapter - DEBUG -       Function ID                                0.036 secs
2025-12-07 20:43:43,860 - ghidra_adapter - DEBUG -       Function Start Search                      0.005 secs
2025-12-07 20:43:43,860 - ghidra_adapter - DEBUG -       MinGW Relocations                          0.001 secs
2025-12-07 20:43:43,860 - ghidra_adapter - DEBUG -       Non-Returning Functions - Discovered       0.016 secs
2025-12-07 20:43:43,860 - ghidra_adapter - DEBUG -       Non-Returning Functions - Known            0.006 secs
2025-12-07 20:43:43,860 - ghidra_adapter - DEBUG -       PDB Universal                              0.001 secs
2025-12-07 20:43:43,860 - ghidra_adapter - DEBUG -       Reference                                  0.016 secs
2025-12-07 20:43:43,860 - ghidra_adapter - DEBUG -       Scalar Operand References                  0.016 secs
2025-12-07 20:43:43,860 - ghidra_adapter - DEBUG -       Shared Return Calls                        0.010 secs
2025-12-07 20:43:43,860 - ghidra_adapter - DEBUG -       Stack                                      0.083 secs
2025-12-07 20:43:43,860 - ghidra_adapter - DEBUG -       Subroutine References                      0.006 secs
2025-12-07 20:43:43,860 - ghidra_adapter - DEBUG -       Subroutine References - One Time           0.001 secs
2025-12-07 20:43:43,861 - ghidra_adapter - DEBUG -       WindowsResourceReference                   3.439 secs
2025-12-07 20:43:43,861 - ghidra_adapter - DEBUG -       x86 Constant Reference Analyzer            0.132 secs
2025-12-07 20:43:43,861 - ghidra_adapter - DEBUG -   -----------------------------------------------------
2025-12-07 20:43:43,861 - ghidra_adapter - DEBUG -        Total Time   94 secs
2025-12-07 20:43:43,861 - ghidra_adapter - DEBUG -   -----------------------------------------------------
2025-12-07 20:43:43,861 - ghidra_adapter - DEBUG -    (AutoAnalysisManager)  
2025-12-07 20:43:43,861 - ghidra_adapter - DEBUG -   INFO  REPORT: Analysis succeeded for file: file:///E:/WorkSpace/ReBind_demo/tmp/Malware_sample_ghidemo/Malware_sample.exe (HeadlessAnalyzer)  
2025-12-07 20:43:43,861 - ghidra_adapter - DEBUG -   INFO  SCRIPT: E:\WorkSpace\ReBind_demo\tmp\Malware_sample_ghidemo\ExtractBinaryInfo.py (HeadlessAnalyzer)  
2025-12-07 20:43:43,861 - ghidra_adapter - DEBUG -   INFO  ExtractBinaryInfo.py> --- Binary Information & Cross-Ref Extraction Script --- (GhidraScript)  
2025-12-07 20:43:43,861 - ghidra_adapter - DEBUG -   ERROR ExtractBinaryInfo.py> Warning: Output directory not specified and could not determine executable path. (GhidraScript)  
2025-12-07 20:43:43,861 - ghidra_adapter - DEBUG -   INFO  ExtractBinaryInfo.py> Using fallback output directory in CWD: .\Malware_sample_exe_output (GhidraScript)  
2025-12-07 20:43:43,861 - ghidra_adapter - DEBUG -   INFO  ExtractBinaryInfo.py> Created output directory: E:\WorkSpace\ReBind_demo\tmp\Malware_sample_ghidemo\Malware_sample_exe_output (GhidraScript)  
2025-12-07 20:43:43,861 - ghidra_adapter - DEBUG -   INFO  ExtractBinaryInfo.py> 
2025-12-07 20:43:43,861 - ghidra_adapter - DEBUG -   --- Extracting Full Symbol Table --- (GhidraScript)  
2025-12-07 20:43:43,862 - ghidra_adapter - DEBUG -   INFO  ExtractBinaryInfo.py> Writing 973 rows to .\Malware_sample_exe_output\Malware_sample_exe_symbols.csv... (GhidraScript)  
2025-12-07 20:43:43,862 - ghidra_adapter - DEBUG -   INFO  ExtractBinaryInfo.py> 
2025-12-07 20:43:43,862 - ghidra_adapter - DEBUG -   --- Extracting Defined Strings --- (GhidraScript)  
2025-12-07 20:43:43,862 - ghidra_adapter - DEBUG -   ERROR ExtractBinaryInfo.py> Error during string extraction: type object 'ghidra.program.util.DefinedDataIterator' has no attribute 'definedStrings'
2025-12-07 20:43:43,862 - ghidra_adapter - DEBUG -   Traceback (most recent call last):
2025-12-07 20:43:43,862 - ghidra_adapter - DEBUG -     File "E:\WorkSpace\ReBind_demo\tmp\Malware_sample_ghidemo\ExtractBinaryInfo.py", line 236, in <module>
2025-12-07 20:43:43,862 - ghidra_adapter - DEBUG -       string_iter = DefinedDataIterator.definedStrings(program)
2025-12-07 20:43:43,862 - ghidra_adapter - DEBUG -   AttributeError: type object 'ghidra.program.util.DefinedDataIterator' has no attribute 'definedStrings'
2025-12-07 20:43:43,862 - ghidra_adapter - DEBUG -    (GhidraScript)  
2025-12-07 20:43:43,862 - ghidra_adapter - DEBUG -   INFO  ExtractBinaryInfo.py> Skipping write for Malware_sample_exe_strings.csv: No data. (GhidraScript)  
2025-12-07 20:43:43,862 - ghidra_adapter - DEBUG -   INFO  ExtractBinaryInfo.py> 
2025-12-07 20:43:43,862 - ghidra_adapter - DEBUG -   --- Extracting Segments (Memory Blocks) --- (GhidraScript)  
2025-12-07 20:43:43,862 - ghidra_adapter - DEBUG -   INFO  ExtractBinaryInfo.py> Writing 16 rows to .\Malware_sample_exe_output\Malware_sample_exe_segments.csv... (GhidraScript)  
2025-12-07 20:43:43,863 - ghidra_adapter - DEBUG -   INFO  ExtractBinaryInfo.py> 
2025-12-07 20:43:43,863 - ghidra_adapter - DEBUG -   --- Extracting Sections (Based on Memory Blocks) --- (GhidraScript)  
2025-12-07 20:43:43,863 - ghidra_adapter - DEBUG -   INFO  ExtractBinaryInfo.py> Writing 16 rows to .\Malware_sample_exe_output\Malware_sample_exe_sections.csv... (GhidraScript)  
2025-12-07 20:43:43,863 - ghidra_adapter - DEBUG -   INFO  ExtractBinaryInfo.py> 
2025-12-07 20:43:43,863 - ghidra_adapter - DEBUG -   --- Extracting Cross-References (This may take a while)... --- (GhidraScript)  
2025-12-07 20:43:43,863 - ghidra_adapter - DEBUG -   INFO  ExtractBinaryInfo.py> Writing 4 rows to .\Malware_sample_exe_output\Malware_sample_exe_cross_refs\Malware_sample_exe_00401000_FUN_00401000_refs.csv... (GhidraScript)  
2025-12-07 20:43:43,863 - ghidra_adapter - DEBUG -   INFO  ExtractBinaryInfo.py> Writing 2 rows to .\Malware_sample_exe_output\Malware_sample_exe_cross_refs\Malware_sample_exe_00401010_pre_c_init_refs.csv... (GhidraScript)  
2025-12-07 20:43:43,863 - ghidra_adapter - DEBUG -   INFO  ExtractBinaryInfo.py> Writing 1 rows to .\Malware_sample_exe_output\Malware_sample_exe_cross_refs\Malware_sample_exe_00401130_pre_cpp_init_refs.csv... (GhidraScript)  
2025-12-07 20:43:43,863 - ghidra_adapter - DEBUG -   INFO  ExtractBinaryInfo.py> Writing 3 rows to .\Malware_sample_exe_output\Malware_sample_exe_cross_refs\Malware_sample_exe_00401180_tmainCRTStartup_refs.csv... (GhidraScript)  
2025-12-07 20:43:43,863 - ghidra_adapter - DEBUG -   INFO  ExtractBinaryInfo.py> Writing 1 rows to .\Malware_sample_exe_output\Malware_sample_exe_cross_refs\Malware_sample_exe_004014b0_WinMainCRTStartup_refs.csv... (GhidraScript)  
2025-12-07 20:43:43,863 - ghidra_adapter - DEBUG -   INFO  ExtractBinaryInfo.py> Writing 3 rows to .\Malware_sample_exe_output\Malware_sample_exe_cross_refs\Malware_sample_exe_004014e0_mainCRTStartup_refs.csv... (GhidraScript)  
2025-12-07 20:43:43,863 - ghidra_adapter - DEBUG -   INFO  ExtractBinaryInfo.py> Writing 3 rows to .\Malware_sample_exe_output\Malware_sample_exe_cross_refs\Malware_sample_exe_004014e0_entry_refs.csv... (GhidraScript)  
2025-12-07 20:43:43,863 - ghidra_adapter - DEBUG -   INFO  ExtractBinaryInfo.py> Writing 4 rows to .\Malware_sample_exe_output\Malware_sample_exe_cross_refs\Malware_sample_exe_00401510_atexit_refs.csv... (GhidraScript)  
2025-12-07 20:43:43,863 - ghidra_adapter - DEBUG -   INFO  ExtractBinaryInfo.py> Writing 2 rows to .\Malware_sample_exe_output\Malware_sample_exe_cross_refs\Malware_sample_exe_00401530_gcc_register_frame_refs.csv... (GhidraScript)  
2025-12-07 20:43:43,864 - ghidra_adapter - DEBUG -   INFO  ExtractBinaryInfo.py> Writing 2 rows to .\Malware_sample_exe_output\Malware_sample_exe_cross_refs\Malware_sample_exe_00401530_text_refs.csv... (GhidraScript)  
2025-12-07 20:43:43,864 - ghidra_adapter - DEBUG -   INFO  ExtractBinaryInfo.py> Writing 2 rows to .\Malware_sample_exe_output\Malware_sample_exe_cross_refs\Malware_sample_exe_00401540_gcc_deregister_frame_refs.csv... (GhidraScript)  
2025-12-07 20:43:43,864 - ghidra_adapter - DEBUG -   INFO  ExtractBinaryInfo.py> Writing 2 rows to .\Malware_sample_exe_output\Malware_sample_exe_cross_refs\Malware_sample_exe_00401550_Reproduce_refs.csv... (GhidraScript)  
2025-12-07 20:43:43,864 - ghidra_adapter - DEBUG -   INFO  ExtractBinaryInfo.py> Writing 2 rows to .\Malware_sample_exe_output\Malware_sample_exe_cross_refs\Malware_sample_exe_00401550_text_refs.csv... (GhidraScript)  
2025-12-07 20:43:43,864 - ghidra_adapter - DEBUG -   INFO  ExtractBinaryInfo.py> Writing 2 rows to .\Malware_sample_exe_output\Malware_sample_exe_cross_refs\Malware_sample_exe_00401550_Z9Reproducev_refs.csv... (GhidraScript)  
2025-12-07 20:43:43,864 - ghidra_adapter - DEBUG -   INFO  ExtractBinaryInfo.py> Writing 2 rows to .\Malware_sample_exe_output\Malware_sample_exe_cross_refs\Malware_sample_exe_004016f2_RegKeyStart_refs.csv... (GhidraScript)  
2025-12-07 20:43:43,864 - ghidra_adapter - DEBUG -   INFO  ExtractBinaryInfo.py> Writing 2 rows to .\Malware_sample_exe_output\Malware_sample_exe_cross_refs\Malware_sample_exe_004016f2_Z11RegKeyStartv_refs.csv... (GhidraScript)  
2025-12-07 20:43:43,864 - ghidra_adapter - DEBUG -   INFO  ExtractBinaryInfo.py> Writing 2 rows to .\Malware_sample_exe_output\Malware_sample_exe_cross_refs\Malware_sample_exe_0040188d_RegTaskmanagerForbidden_refs.csv... (GhidraScript)  
2025-12-07 20:43:43,864 - ghidra_adapter - DEBUG -   INFO  ExtractBinaryInfo.py> Writing 2 rows to .\Malware_sample_exe_output\Malware_sample_exe_cross_refs\Malware_sample_exe_0040188d_Z23RegTaskmanagerForbiddenv_refs.csv... (GhidraScript)  
2025-12-07 20:43:43,864 - ghidra_adapter - DEBUG -   INFO  ExtractBinaryInfo.py> Writing 2 rows to .\Malware_sample_exe_output\Malware_sample_exe_cross_refs\Malware_sample_exe_00401902_RegEditForbidden_refs.csv... (GhidraScript)  
2025-12-07 20:43:43,865 - ghidra_adapter - DEBUG -   INFO  ExtractBinaryInfo.py> Writing 2 rows to .\Malware_sample_exe_output\Malware_sample_exe_cross_refs\Malware_sample_exe_00401902_Z16RegEditForbiddenv_refs.csv... (GhidraScript)  
2025-12-07 20:43:43,865 - ghidra_adapter - DEBUG -   INFO  ExtractBinaryInfo.py> Writing 2 rows to .\Malware_sample_exe_output\Malware_sample_exe_cross_refs\Malware_sample_exe_00401977_RegModifyBackroud_refs.csv... (GhidraScript)  
2025-12-07 20:43:43,865 - ghidra_adapter - DEBUG -   INFO  ExtractBinaryInfo.py> Writing 2 rows to .\Malware_sample_exe_output\Malware_sample_exe_cross_refs\Malware_sample_exe_00401977_Z17RegModifyBackroudv_refs.csv... (GhidraScript)  
2025-12-07 20:43:43,865 - ghidra_adapter - DEBUG -   INFO  ExtractBinaryInfo.py> Writing 2 rows to .\Malware_sample_exe_output\Malware_sample_exe_cross_refs\Malware_sample_exe_00401aa2_RegKeyBoardForbidden_refs.csv... (GhidraScript)  
2025-12-07 20:43:43,865 - ghidra_adapter - DEBUG -   INFO  ExtractBinaryInfo.py> Writing 2 rows to .\Malware_sample_exe_output\Malware_sample_exe_cross_refs\Malware_sample_exe_00401aa2_Z20RegKeyBoardForbiddenv_refs.csv... (GhidraScript)  
2025-12-07 20:43:43,865 - ghidra_adapter - DEBUG -   INFO  ExtractBinaryInfo.py> Writing 2 rows to .\Malware_sample_exe_output\Malware_sample_exe_cross_refs\Malware_sample_exe_00401bce_DeleteDrive_refs.csv... (GhidraScript)  
2025-12-07 20:43:43,865 - ghidra_adapter - DEBUG -   INFO  ExtractBinaryInfo.py> Writing 2 rows to .\Malware_sample_exe_output\Malware_sample_exe_cross_refs\Malware_sample_exe_00401bce_Z11DeleteDrivePc_refs.csv... (GhidraScript)  
2025-12-07 20:43:43,865 - ghidra_adapter - DEBUG -   INFO  ExtractBinaryInfo.py> Writing 2 rows to .\Malware_sample_exe_output\Malware_sample_exe_cross_refs\Malware_sample_exe_00401c0e_main_refs.csv... (GhidraScript)  
2025-12-07 20:43:43,865 - ghidra_adapter - DEBUG -   INFO  ExtractBinaryInfo.py> Writing 2 rows to .\Malware_sample_exe_output\Malware_sample_exe_cross_refs\Malware_sample_exe_00401e0f_tcf_0_refs.csv... (GhidraScript)  
2025-12-07 20:43:43,865 - ghidra_adapter - DEBUG -   INFO  ExtractBinaryInfo.py> Writing 2 rows to .\Malware_sample_exe_output\Malware_sample_exe_cross_refs\Malware_sample_exe_00401e2a_static_initialization_and_destruction_0_refs.csv... (GhidraScript)  
2025-12-07 20:43:43,866 - ghidra_adapter - DEBUG -   INFO  ExtractBinaryInfo.py> Writing 2 rows to .\Malware_sample_exe_output\Malware_sample_exe_cross_refs\Malware_sample_exe_00401e2a_Z41_static_initialization_and_destruction_0ii_refs.csv... (GhidraScript)  
2025-12-07 20:43:43,866 - ghidra_adapter - DEBUG -   INFO  ExtractBinaryInfo.py> Writing 3 rows to .\Malware_sample_exe_output\Malware_sample_exe_cross_refs\Malware_sample_exe_00401e66_GLOBAL_sub_I_Reproduce_refs.csv... (GhidraScript)  
2025-12-07 20:43:43,866 - ghidra_adapter - DEBUG -   INFO  ExtractBinaryInfo.py> Writing 3 rows to .\Malware_sample_exe_output\Malware_sample_exe_cross_refs\Malware_sample_exe_00401e66_GLOBAL_sub_I_Z9Reproducev_refs.csv... (GhidraScript)  
2025-12-07 20:43:43,866 - ghidra_adapter - DEBUG -   INFO  ExtractBinaryInfo.py> Writing 1 rows to .\Malware_sample_exe_output\Malware_sample_exe_cross_refs\Malware_sample_exe_00401e90_text_refs.csv... (GhidraScript)  
2025-12-07 20:43:43,866 - ghidra_adapter - DEBUG -   INFO  ExtractBinaryInfo.py> Writing 1 rows to .\Malware_sample_exe_output\Malware_sample_exe_cross_refs\Malware_sample_exe_00401e90_URLDownloadToFileA_refs.csv... (GhidraScript)  
2025-12-07 20:43:43,866 - ghidra_adapter - DEBUG -   INFO  ExtractBinaryInfo.py> Writing 1 rows to .\Malware_sample_exe_output\Malware_sample_exe_cross_refs\Malware_sample_exe_00401ea0_text_refs.csv... (GhidraScript)  
2025-12-07 20:43:43,866 - ghidra_adapter - DEBUG -   INFO  ExtractBinaryInfo.py> Writing 1 rows to .\Malware_sample_exe_output\Malware_sample_exe_cross_refs\Malware_sample_exe_00401ea0_Init_refs.csv... (GhidraScript)  
2025-12-07 20:43:43,866 - ghidra_adapter - DEBUG -   INFO  ExtractBinaryInfo.py> Writing 1 rows to .\Malware_sample_exe_output\Malware_sample_exe_cross_refs\Malware_sample_exe_00401ea0_ZNSt8ios_base4InitD1Ev_refs.csv... (GhidraScript)  
2025-12-07 20:43:43,866 - ghidra_adapter - DEBUG -   INFO  ExtractBinaryInfo.py> Writing 1 rows to .\Malware_sample_exe_output\Malware_sample_exe_cross_refs\Malware_sample_exe_00401ea8_text_refs.csv... (GhidraScript)  
2025-12-07 20:43:43,866 - ghidra_adapter - DEBUG -   INFO  ExtractBinaryInfo.py> Writing 1 rows to .\Malware_sample_exe_output\Malware_sample_exe_cross_refs\Malware_sample_exe_00401ea8_Init_refs.csv... (GhidraScript)  
2025-12-07 20:43:43,866 - ghidra_adapter - DEBUG -   INFO  ExtractBinaryInfo.py> Writing 1 rows to .\Malware_sample_exe_output\Malware_sample_exe_cross_refs\Malware_sample_exe_00401ea8_ZNSt8ios_base4InitC1Ev_refs.csv... (GhidraScript)  
2025-12-07 20:43:43,868 - ghidra_adapter - DEBUG -   INFO  ExtractBinaryInfo.py> Writing 2 rows to .\Malware_sample_exe_output\Malware_sample_exe_cross_refs\Malware_sample_exe_00401eb0_do_global_dtors_refs.csv... (GhidraScript)  
2025-12-07 20:43:43,868 - ghidra_adapter - DEBUG -   INFO  ExtractBinaryInfo.py> Writing 2 rows to .\Malware_sample_exe_output\Malware_sample_exe_cross_refs\Malware_sample_exe_00401eb0_text_refs.csv... (GhidraScript)  
2025-12-07 20:43:43,868 - ghidra_adapter - DEBUG -   INFO  ExtractBinaryInfo.py> Writing 2 rows to .\Malware_sample_exe_output\Malware_sample_exe_cross_refs\Malware_sample_exe_00401ef0_do_global_ctors_refs.csv... (GhidraScript)  
2025-12-07 20:43:43,868 - ghidra_adapter - DEBUG -   INFO  ExtractBinaryInfo.py> Writing 3 rows to .\Malware_sample_exe_output\Malware_sample_exe_cross_refs\Malware_sample_exe_00401f60_main_refs.csv... (GhidraScript)  
2025-12-07 20:43:43,868 - ghidra_adapter - DEBUG -   INFO  ExtractBinaryInfo.py> Writing 2 rows to .\Malware_sample_exe_output\Malware_sample_exe_cross_refs\Malware_sample_exe_00401f80_text_refs.csv... (GhidraScript)  
2025-12-07 20:43:43,868 - ghidra_adapter - DEBUG -   INFO  ExtractBinaryInfo.py> Writing 2 rows to .\Malware_sample_exe_output\Malware_sample_exe_cross_refs\Malware_sample_exe_00401f80_my_lconv_init_refs.csv... (GhidraScript)  
2025-12-07 20:43:43,868 - ghidra_adapter - DEBUG -   INFO  ExtractBinaryInfo.py> Writing 2 rows to .\Malware_sample_exe_output\Malware_sample_exe_cross_refs\Malware_sample_exe_00401f90_setargv_refs.csv... (GhidraScript)  
2025-12-07 20:43:43,868 - ghidra_adapter - DEBUG -   INFO  ExtractBinaryInfo.py> Writing 2 rows to .\Malware_sample_exe_output\Malware_sample_exe_cross_refs\Malware_sample_exe_00401f90_text_refs.csv... (GhidraScript)  
2025-12-07 20:43:43,868 - ghidra_adapter - DEBUG -   INFO  ExtractBinaryInfo.py> Writing 3 rows to .\Malware_sample_exe_output\Malware_sample_exe_cross_refs\Malware_sample_exe_00401fa0_security_init_cookie_refs.csv... (GhidraScript)  
2025-12-07 20:43:43,868 - ghidra_adapter - DEBUG -   INFO  ExtractBinaryInfo.py> Writing 3 rows to .\Malware_sample_exe_output\Malware_sample_exe_cross_refs\Malware_sample_exe_00401fa0_text_refs.csv... (GhidraScript)  
2025-12-07 20:43:43,868 - ghidra_adapter - DEBUG -   INFO  ExtractBinaryInfo.py> Writing 1 rows to .\Malware_sample_exe_output\Malware_sample_exe_cross_refs\Malware_sample_exe_00402080_report_gsfailure_refs.csv... (GhidraScript)  
2025-12-07 20:43:43,868 - ghidra_adapter - DEBUG -   INFO  ExtractBinaryInfo.py> Writing 3 rows to .\Malware_sample_exe_output\Malware_sample_exe_cross_refs\Malware_sample_exe_00402180_tls_callback_1_refs.csv... (GhidraScript)  
2025-12-07 20:43:43,869 - ghidra_adapter - DEBUG -   INFO  ExtractBinaryInfo.py> Writing 3 rows to .\Malware_sample_exe_output\Malware_sample_exe_cross_refs\Malware_sample_exe_00402180_text_refs.csv... (GhidraScript)  
2025-12-07 20:43:43,869 - ghidra_adapter - DEBUG -   INFO  ExtractBinaryInfo.py> Writing 3 rows to .\Malware_sample_exe_output\Malware_sample_exe_cross_refs\Malware_sample_exe_00402180_dyn_tls_dtor_refs.csv... (GhidraScript)  
2025-12-07 20:43:43,869 - ghidra_adapter - DEBUG -   INFO  ExtractBinaryInfo.py> Writing 5 rows to .\Malware_sample_exe_output\Malware_sample_exe_cross_refs\Malware_sample_exe_004021b0_tls_callback_0_refs.csv... (GhidraScript)  
2025-12-07 20:43:43,869 - ghidra_adapter - DEBUG -   INFO  ExtractBinaryInfo.py> Writing 5 rows to .\Malware_sample_exe_output\Malware_sample_exe_cross_refs\Malware_sample_exe_004021b0_dyn_tls_init_refs.csv... (GhidraScript)  
2025-12-07 20:43:43,869 - ghidra_adapter - DEBUG -   INFO  ExtractBinaryInfo.py> Writing 1 rows to .\Malware_sample_exe_output\Malware_sample_exe_cross_refs\Malware_sample_exe_00402230_tlregdtor_refs.csv... (GhidraScript)  
2025-12-07 20:43:43,869 - ghidra_adapter - DEBUG -   INFO  ExtractBinaryInfo.py> Writing 1 rows to .\Malware_sample_exe_output\Malware_sample_exe_cross_refs\Malware_sample_exe_00402240_text_refs.csv... (GhidraScript)  
2025-12-07 20:43:43,869 - ghidra_adapter - DEBUG -   INFO  ExtractBinaryInfo.py> Writing 1 rows to .\Malware_sample_exe_output\Malware_sample_exe_cross_refs\Malware_sample_exe_00402240_mingw_raise_matherr_refs.csv... (GhidraScript)  
2025-12-07 20:43:43,869 - ghidra_adapter - DEBUG -   INFO  ExtractBinaryInfo.py> Writing 2 rows to .\Malware_sample_exe_output\Malware_sample_exe_cross_refs\Malware_sample_exe_00402290_mingw_setusermatherr_refs.csv... (GhidraScript)  
2025-12-07 20:43:43,869 - ghidra_adapter - DEBUG -   INFO  ExtractBinaryInfo.py> Writing 2 rows to .\Malware_sample_exe_output\Malware_sample_exe_cross_refs\Malware_sample_exe_004022a0_matherr_refs.csv... (GhidraScript)  
2025-12-07 20:43:43,869 - ghidra_adapter - DEBUG -   INFO  ExtractBinaryInfo.py> Writing 1 rows to .\Malware_sample_exe_output\Malware_sample_exe_cross_refs\Malware_sample_exe_004022d1_caseD_1_refs.csv... (GhidraScript)  
2025-12-07 20:43:43,869 - ghidra_adapter - DEBUG -   INFO  ExtractBinaryInfo.py> Writing 1 rows to .\Malware_sample_exe_output\Malware_sample_exe_cross_refs\Malware_sample_exe_00402340_caseD_2_refs.csv... (GhidraScript)  
2025-12-07 20:43:43,869 - ghidra_adapter - DEBUG -   INFO  ExtractBinaryInfo.py> Writing 1 rows to .\Malware_sample_exe_output\Malware_sample_exe_cross_refs\Malware_sample_exe_00402350_caseD_3_refs.csv... (GhidraScript)  
2025-12-07 20:43:43,870 - ghidra_adapter - DEBUG -   INFO  ExtractBinaryInfo.py> Writing 1 rows to .\Malware_sample_exe_output\Malware_sample_exe_cross_refs\Malware_sample_exe_00402360_caseD_4_refs.csv... (GhidraScript)  
2025-12-07 20:43:43,870 - ghidra_adapter - DEBUG -   INFO  ExtractBinaryInfo.py> Writing 1 rows to .\Malware_sample_exe_output\Malware_sample_exe_cross_refs\Malware_sample_exe_00402370_caseD_5_refs.csv... (GhidraScript)  
2025-12-07 20:43:43,870 - ghidra_adapter - DEBUG -   INFO  ExtractBinaryInfo.py> Writing 1 rows to .\Malware_sample_exe_output\Malware_sample_exe_cross_refs\Malware_sample_exe_00402380_caseD_6_refs.csv... (GhidraScript)  
2025-12-07 20:43:43,870 - ghidra_adapter - DEBUG -   INFO  ExtractBinaryInfo.py> Writing 2 rows to .\Malware_sample_exe_output\Malware_sample_exe_cross_refs\Malware_sample_exe_00402390_caseD_0_refs.csv... (GhidraScript)  
2025-12-07 20:43:43,870 - ghidra_adapter - DEBUG -   INFO  ExtractBinaryInfo.py> Writing 5 rows to .\Malware_sample_exe_output\Malware_sample_exe_cross_refs\Malware_sample_exe_004023a0_fpreset_refs.csv... (GhidraScript)  
2025-12-07 20:43:43,870 - ghidra_adapter - DEBUG -   INFO  ExtractBinaryInfo.py> Writing 5 rows to .\Malware_sample_exe_output\Malware_sample_exe_cross_refs\Malware_sample_exe_004023a0_fpreset_refs.csv... (GhidraScript)  
2025-12-07 20:43:43,870 - ghidra_adapter - DEBUG -   INFO  ExtractBinaryInfo.py> Writing 5 rows to .\Malware_sample_exe_output\Malware_sample_exe_cross_refs\Malware_sample_exe_004023a0_text_refs.csv... (GhidraScript)  
2025-12-07 20:43:43,870 - ghidra_adapter - DEBUG -   INFO  ExtractBinaryInfo.py> Writing 1 rows to .\Malware_sample_exe_output\Malware_sample_exe_cross_refs\Malware_sample_exe_004023b0_decode_pointer_refs.csv... (GhidraScript)  
2025-12-07 20:43:43,870 - ghidra_adapter - DEBUG -   INFO  ExtractBinaryInfo.py> Writing 1 rows to .\Malware_sample_exe_output\Malware_sample_exe_cross_refs\Malware_sample_exe_004023b0_text_refs.csv... (GhidraScript)  
2025-12-07 20:43:43,870 - ghidra_adapter - DEBUG -   INFO  ExtractBinaryInfo.py> Writing 1 rows to .\Malware_sample_exe_output\Malware_sample_exe_cross_refs\Malware_sample_exe_004023c0_encode_pointer_refs.csv... (GhidraScript)  
2025-12-07 20:43:43,870 - ghidra_adapter - DEBUG -   INFO  ExtractBinaryInfo.py> Writing 6 rows to .\Malware_sample_exe_output\Malware_sample_exe_cross_refs\Malware_sample_exe_004023d0_write_memory_part_0_refs.csv... (GhidraScript)  
2025-12-07 20:43:43,870 - ghidra_adapter - DEBUG -   INFO  ExtractBinaryInfo.py> Writing 6 rows to .\Malware_sample_exe_output\Malware_sample_exe_cross_refs\Malware_sample_exe_004023d0_text_refs.csv... (GhidraScript)  
2025-12-07 20:43:43,870 - ghidra_adapter - DEBUG -   INFO  ExtractBinaryInfo.py> Writing 2 rows to .\Malware_sample_exe_output\Malware_sample_exe_cross_refs\Malware_sample_exe_004025a0_pei386_runtime_relocator_refs.csv... (GhidraScript)  
2025-12-07 20:43:43,870 - ghidra_adapter - DEBUG -   INFO  ExtractBinaryInfo.py> Writing 2 rows to .\Malware_sample_exe_output\Malware_sample_exe_cross_refs\Malware_sample_exe_00402860_text_refs.csv... (GhidraScript)  
2025-12-07 20:43:43,871 - ghidra_adapter - DEBUG -   INFO  ExtractBinaryInfo.py> Writing 2 rows to .\Malware_sample_exe_output\Malware_sample_exe_cross_refs\Malware_sample_exe_00402860_mingw_SEH_error_handler_refs.csv... (GhidraScript)  
2025-12-07 20:43:43,871 - ghidra_adapter - DEBUG -   INFO  ExtractBinaryInfo.py> Writing 2 rows to .\Malware_sample_exe_output\Malware_sample_exe_cross_refs\Malware_sample_exe_00402a00_mingw_init_ehandler_refs.csv... (GhidraScript)  
2025-12-07 20:43:43,871 - ghidra_adapter - DEBUG -   INFO  ExtractBinaryInfo.py> Writing 2 rows to .\Malware_sample_exe_output\Malware_sample_exe_cross_refs\Malware_sample_exe_00402af0_gnu_exception_handler_refs.csv... (GhidraScript)  
2025-12-07 20:43:43,871 - ghidra_adapter - DEBUG -   INFO  ExtractBinaryInfo.py> Writing 3 rows to .\Malware_sample_exe_output\Malware_sample_exe_cross_refs\Malware_sample_exe_00402ce0_mingwthr_run_key_dtors_part_0_refs.csv... (GhidraScript)  
2025-12-07 20:43:43,871 - ghidra_adapter - DEBUG -   INFO  ExtractBinaryInfo.py> Writing 3 rows to .\Malware_sample_exe_output\Malware_sample_exe_cross_refs\Malware_sample_exe_00402ce0_text_refs.csv... (GhidraScript)  
2025-12-07 20:43:43,871 - ghidra_adapter - DEBUG -   INFO  ExtractBinaryInfo.py> Writing 1 rows to .\Malware_sample_exe_output\Malware_sample_exe_cross_refs\Malware_sample_exe_00402d50_w64_mingwthr_add_key_dtor_refs.csv... (GhidraScript)  
2025-12-07 20:43:43,871 - ghidra_adapter - DEBUG -   INFO  ExtractBinaryInfo.py> Writing 1 rows to .\Malware_sample_exe_output\Malware_sample_exe_cross_refs\Malware_sample_exe_00402dd0_w64_mingwthr_remove_key_dtor_refs.csv... (GhidraScript)  
2025-12-07 20:43:43,871 - ghidra_adapter - DEBUG -   INFO  ExtractBinaryInfo.py> Writing 3 rows to .\Malware_sample_exe_output\Malware_sample_exe_cross_refs\Malware_sample_exe_00402e70_mingw_TLScallback_refs.csv... (GhidraScript)  
2025-12-07 20:43:43,871 - ghidra_adapter - DEBUG -   INFO  ExtractBinaryInfo.py> Writing 9 rows to .\Malware_sample_exe_output\Malware_sample_exe_cross_refs\Malware_sample_exe_00402f50_text_refs.csv... (GhidraScript)  
2025-12-07 20:43:43,871 - ghidra_adapter - DEBUG -   INFO  ExtractBinaryInfo.py> Writing 9 rows to .\Malware_sample_exe_output\Malware_sample_exe_cross_refs\Malware_sample_exe_00402f50_ValidateImageBase_part_0_refs.csv... (GhidraScript)  
2025-12-07 20:43:43,871 - ghidra_adapter - DEBUG -   INFO  ExtractBinaryInfo.py> Writing 1 rows to .\Malware_sample_exe_output\Malware_sample_exe_cross_refs\Malware_sample_exe_00402f70_ValidateImageBase_refs.csv... (GhidraScript)  
2025-12-07 20:43:43,871 - ghidra_adapter - DEBUG -   INFO  ExtractBinaryInfo.py> Writing 1 rows to .\Malware_sample_exe_output\Malware_sample_exe_cross_refs\Malware_sample_exe_00402f90_FindPESection_refs.csv... (GhidraScript)  
2025-12-07 20:43:43,871 - ghidra_adapter - DEBUG -   INFO  ExtractBinaryInfo.py> Writing 2 rows to .\Malware_sample_exe_output\Malware_sample_exe_cross_refs\Malware_sample_exe_00402fe0_FindPESectionByName_refs.csv... (GhidraScript)  
2025-12-07 20:43:43,872 - ghidra_adapter - DEBUG -   INFO  ExtractBinaryInfo.py> Writing 2 rows to .\Malware_sample_exe_output\Malware_sample_exe_cross_refs\Malware_sample_exe_00403070_mingw_GetSectionForAddress_refs.csv... (GhidraScript)  
2025-12-07 20:43:43,872 - ghidra_adapter - DEBUG -   INFO  ExtractBinaryInfo.py> Writing 2 rows to .\Malware_sample_exe_output\Malware_sample_exe_cross_refs\Malware_sample_exe_004030f0_mingw_GetSectionCount_refs.csv... (GhidraScript)  
2025-12-07 20:43:43,872 - ghidra_adapter - DEBUG -   INFO  ExtractBinaryInfo.py> Writing 2 rows to .\Malware_sample_exe_output\Malware_sample_exe_cross_refs\Malware_sample_exe_00403130_FindPESectionExec_refs.csv... (GhidraScript)  
2025-12-07 20:43:43,872 - ghidra_adapter - DEBUG -   INFO  ExtractBinaryInfo.py> Writing 3 rows to .\Malware_sample_exe_output\Malware_sample_exe_cross_refs\Malware_sample_exe_004031a0_GetPEImageBase_refs.csv... (GhidraScript)  
2025-12-07 20:43:43,872 - ghidra_adapter - DEBUG -   INFO  ExtractBinaryInfo.py> Writing 1 rows to .\Malware_sample_exe_output\Malware_sample_exe_cross_refs\Malware_sample_exe_004031e0_IsNonwritableInCurrentImage_refs.csv... (GhidraScript)  
2025-12-07 20:43:43,872 - ghidra_adapter - DEBUG -   INFO  ExtractBinaryInfo.py> Writing 1 rows to .\Malware_sample_exe_output\Malware_sample_exe_cross_refs\Malware_sample_exe_00403280_mingw_enum_import_library_names_refs.csv... (GhidraScript)  
2025-12-07 20:43:43,872 - ghidra_adapter - DEBUG -   INFO  ExtractBinaryInfo.py> Writing 2 rows to .\Malware_sample_exe_output\Malware_sample_exe_cross_refs\Malware_sample_exe_00403330_text_refs.csv... (GhidraScript)  
2025-12-07 20:43:43,872 - ghidra_adapter - DEBUG -   INFO  ExtractBinaryInfo.py> Writing 2 rows to .\Malware_sample_exe_output\Malware_sample_exe_cross_refs\Malware_sample_exe_00403330_chkstk_ms_refs.csv... (GhidraScript)  
2025-12-07 20:43:43,872 - ghidra_adapter - DEBUG -   INFO  ExtractBinaryInfo.py> Writing 1 rows to .\Malware_sample_exe_output\Malware_sample_exe_cross_refs\Malware_sample_exe_00403370_text_refs.csv... (GhidraScript)  
2025-12-07 20:43:43,872 - ghidra_adapter - DEBUG -   INFO  ExtractBinaryInfo.py> Writing 1 rows to .\Malware_sample_exe_output\Malware_sample_exe_cross_refs\Malware_sample_exe_00403370_vfprintf_refs.csv... (GhidraScript)  
2025-12-07 20:43:43,872 - ghidra_adapter - DEBUG -   INFO  ExtractBinaryInfo.py> Writing 2 rows to .\Malware_sample_exe_output\Malware_sample_exe_cross_refs\Malware_sample_exe_00403378_text_refs.csv... (GhidraScript)  
2025-12-07 20:43:43,872 - ghidra_adapter - DEBUG -   INFO  ExtractBinaryInfo.py> Writing 2 rows to .\Malware_sample_exe_output\Malware_sample_exe_cross_refs\Malware_sample_exe_00403378_system_refs.csv... (GhidraScript)  
2025-12-07 20:43:43,872 - ghidra_adapter - DEBUG -   INFO  ExtractBinaryInfo.py> Writing 1 rows to .\Malware_sample_exe_output\Malware_sample_exe_cross_refs\Malware_sample_exe_00403380_text_refs.csv... (GhidraScript)  
2025-12-07 20:43:43,872 - ghidra_adapter - DEBUG -   INFO  ExtractBinaryInfo.py> Writing 1 rows to .\Malware_sample_exe_output\Malware_sample_exe_cross_refs\Malware_sample_exe_00403380_strncmp_refs.csv... (GhidraScript)  
2025-12-07 20:43:43,872 - ghidra_adapter - DEBUG -   INFO  ExtractBinaryInfo.py> Writing 3 rows to .\Malware_sample_exe_output\Malware_sample_exe_cross_refs\Malware_sample_exe_00403388_text_refs.csv... (GhidraScript)  
2025-12-07 20:43:43,873 - ghidra_adapter - DEBUG -   INFO  ExtractBinaryInfo.py> Writing 3 rows to .\Malware_sample_exe_output\Malware_sample_exe_cross_refs\Malware_sample_exe_00403388_strlen_refs.csv... (GhidraScript)  
2025-12-07 20:43:43,873 - ghidra_adapter - DEBUG -   INFO  ExtractBinaryInfo.py> Writing 1 rows to .\Malware_sample_exe_output\Malware_sample_exe_cross_refs\Malware_sample_exe_00403390_text_refs.csv... (GhidraScript)  
2025-12-07 20:43:43,873 - ghidra_adapter - DEBUG -   INFO  ExtractBinaryInfo.py> Writing 1 rows to .\Malware_sample_exe_output\Malware_sample_exe_cross_refs\Malware_sample_exe_00403390_strcmp_refs.csv... (GhidraScript)  
2025-12-07 20:43:43,873 - ghidra_adapter - DEBUG -   INFO  ExtractBinaryInfo.py> Writing 2 rows to .\Malware_sample_exe_output\Malware_sample_exe_cross_refs\Malware_sample_exe_00403398_text_refs.csv... (GhidraScript)  
2025-12-07 20:43:43,873 - ghidra_adapter - DEBUG -   INFO  ExtractBinaryInfo.py> Writing 2 rows to .\Malware_sample_exe_output\Malware_sample_exe_cross_refs\Malware_sample_exe_00403398_strcat_refs.csv... (GhidraScript)  
2025-12-07 20:43:43,873 - ghidra_adapter - DEBUG -   INFO  ExtractBinaryInfo.py> Writing 1 rows to .\Malware_sample_exe_output\Malware_sample_exe_cross_refs\Malware_sample_exe_004033a0_text_refs.csv... (GhidraScript)  
2025-12-07 20:43:43,873 - ghidra_adapter - DEBUG -   INFO  ExtractBinaryInfo.py> Writing 1 rows to .\Malware_sample_exe_output\Malware_sample_exe_cross_refs\Malware_sample_exe_004033a0_srand_refs.csv... (GhidraScript)  
2025-12-07 20:43:43,873 - ghidra_adapter - DEBUG -   INFO  ExtractBinaryInfo.py> Writing 16 rows to .\Malware_sample_exe_output\Malware_sample_exe_cross_refs\Malware_sample_exe_004033a8_text_refs.csv... (GhidraScript)  
2025-12-07 20:43:43,873 - ghidra_adapter - DEBUG -   INFO  ExtractBinaryInfo.py> Writing 16 rows to .\Malware_sample_exe_output\Malware_sample_exe_cross_refs\Malware_sample_exe_004033a8_signal_refs.csv... (GhidraScript)  
2025-12-07 20:43:43,873 - ghidra_adapter - DEBUG -   INFO  ExtractBinaryInfo.py> Writing 1 rows to .\Malware_sample_exe_output\Malware_sample_exe_cross_refs\Malware_sample_exe_004033b0_text_refs.csv... (GhidraScript)  
2025-12-07 20:43:43,873 - ghidra_adapter - DEBUG -   INFO  ExtractBinaryInfo.py> Writing 1 rows to .\Malware_sample_exe_output\Malware_sample_exe_cross_refs\Malware_sample_exe_004033b0_rand_refs.csv... (GhidraScript)  
2025-12-07 20:43:43,874 - ghidra_adapter - DEBUG -   INFO  ExtractBinaryInfo.py> Writing 2 rows to .\Malware_sample_exe_output\Malware_sample_exe_cross_refs\Malware_sample_exe_004033b8_text_refs.csv... (GhidraScript)  
2025-12-07 20:43:43,874 - ghidra_adapter - DEBUG -   INFO  ExtractBinaryInfo.py> Writing 2 rows to .\Malware_sample_exe_output\Malware_sample_exe_cross_refs\Malware_sample_exe_004033b8_puts_refs.csv... (GhidraScript)  
2025-12-07 20:43:43,874 - ghidra_adapter - DEBUG -   INFO  ExtractBinaryInfo.py> Writing 1 rows to .\Malware_sample_exe_output\Malware_sample_exe_cross_refs\Malware_sample_exe_004033c0_text_refs.csv... (GhidraScript)  
2025-12-07 20:43:43,874 - ghidra_adapter - DEBUG -   INFO  ExtractBinaryInfo.py> Writing 1 rows to .\Malware_sample_exe_output\Malware_sample_exe_cross_refs\Malware_sample_exe_004033c0_memcpy_refs.csv... (GhidraScript)  
2025-12-07 20:43:43,874 - ghidra_adapter - DEBUG -   INFO  ExtractBinaryInfo.py> Writing 2 rows to .\Malware_sample_exe_output\Malware_sample_exe_cross_refs\Malware_sample_exe_004033c8_text_refs.csv... (GhidraScript)  
2025-12-07 20:43:43,874 - ghidra_adapter - DEBUG -   INFO  ExtractBinaryInfo.py> Writing 2 rows to .\Malware_sample_exe_output\Malware_sample_exe_cross_refs\Malware_sample_exe_004033c8_malloc_refs.csv... (GhidraScript)  
2025-12-07 20:43:43,874 - ghidra_adapter - DEBUG -   INFO  ExtractBinaryInfo.py> Writing 1 rows to .\Malware_sample_exe_output\Malware_sample_exe_cross_refs\Malware_sample_exe_004033d0_text_refs.csv... (GhidraScript)  
2025-12-07 20:43:43,874 - ghidra_adapter - DEBUG -   INFO  ExtractBinaryInfo.py> Writing 1 rows to .\Malware_sample_exe_output\Malware_sample_exe_cross_refs\Malware_sample_exe_004033d0_fwrite_refs.csv... (GhidraScript)  
2025-12-07 20:43:43,874 - ghidra_adapter - DEBUG -   INFO  ExtractBinaryInfo.py> Writing 2 rows to .\Malware_sample_exe_output\Malware_sample_exe_cross_refs\Malware_sample_exe_004033d8_text_refs.csv... (GhidraScript)  
2025-12-07 20:43:43,874 - ghidra_adapter - DEBUG -   INFO  ExtractBinaryInfo.py> Writing 2 rows to .\Malware_sample_exe_output\Malware_sample_exe_cross_refs\Malware_sample_exe_004033d8_free_refs.csv... (GhidraScript)  
2025-12-07 20:43:43,875 - ghidra_adapter - DEBUG -   INFO  ExtractBinaryInfo.py> Writing 1 rows to .\Malware_sample_exe_output\Malware_sample_exe_cross_refs\Malware_sample_exe_004033e0_text_refs.csv... (GhidraScript)  
2025-12-07 20:43:43,875 - ghidra_adapter - DEBUG -   INFO  ExtractBinaryInfo.py> Writing 1 rows to .\Malware_sample_exe_output\Malware_sample_exe_cross_refs\Malware_sample_exe_004033e0_fprintf_refs.csv... (GhidraScript)  
2025-12-07 20:43:43,875 - ghidra_adapter - DEBUG -   INFO  ExtractBinaryInfo.py> Writing 1 rows to .\Malware_sample_exe_output\Malware_sample_exe_cross_refs\Malware_sample_exe_004033e8_text_refs.csv... (GhidraScript)  
2025-12-07 20:43:43,875 - ghidra_adapter - DEBUG -   INFO  ExtractBinaryInfo.py> Writing 1 rows to .\Malware_sample_exe_output\Malware_sample_exe_cross_refs\Malware_sample_exe_004033e8_exit_refs.csv... (GhidraScript)  
2025-12-07 20:43:43,875 - ghidra_adapter - DEBUG -   INFO  ExtractBinaryInfo.py> Writing 1 rows to .\Malware_sample_exe_output\Malware_sample_exe_cross_refs\Malware_sample_exe_004033f0_text_refs.csv... (GhidraScript)  
2025-12-07 20:43:43,875 - ghidra_adapter - DEBUG -   INFO  ExtractBinaryInfo.py> Writing 1 rows to .\Malware_sample_exe_output\Malware_sample_exe_cross_refs\Malware_sample_exe_004033f0_calloc_refs.csv... (GhidraScript)  
2025-12-07 20:43:43,875 - ghidra_adapter - DEBUG -   INFO  ExtractBinaryInfo.py> Writing 2 rows to .\Malware_sample_exe_output\Malware_sample_exe_cross_refs\Malware_sample_exe_004033f8_text_refs.csv... (GhidraScript)  
2025-12-07 20:43:43,875 - ghidra_adapter - DEBUG -   INFO  ExtractBinaryInfo.py> Writing 2 rows to .\Malware_sample_exe_output\Malware_sample_exe_cross_refs\Malware_sample_exe_004033f8_abort_refs.csv... (GhidraScript)  
2025-12-07 20:43:43,875 - ghidra_adapter - DEBUG -   INFO  ExtractBinaryInfo.py> Writing 1 rows to .\Malware_sample_exe_output\Malware_sample_exe_cross_refs\Malware_sample_exe_00403400_text_refs.csv... (GhidraScript)  
2025-12-07 20:43:43,875 - ghidra_adapter - DEBUG -   INFO  ExtractBinaryInfo.py> Writing 1 rows to .\Malware_sample_exe_output\Malware_sample_exe_cross_refs\Malware_sample_exe_00403400_time_refs.csv... (GhidraScript)  
2025-12-07 20:43:43,875 - ghidra_adapter - DEBUG -   INFO  ExtractBinaryInfo.py> Writing 1 rows to .\Malware_sample_exe_output\Malware_sample_exe_cross_refs\Malware_sample_exe_00403408_text_refs.csv... (GhidraScript)  
2025-12-07 20:43:43,875 - ghidra_adapter - DEBUG -   INFO  ExtractBinaryInfo.py> Writing 1 rows to .\Malware_sample_exe_output\Malware_sample_exe_cross_refs\Malware_sample_exe_00403408_onexit_refs.csv... (GhidraScript)  
2025-12-07 20:43:43,875 - ghidra_adapter - DEBUG -   INFO  ExtractBinaryInfo.py> Writing 2 rows to .\Malware_sample_exe_output\Malware_sample_exe_cross_refs\Malware_sample_exe_00403418_text_refs.csv... (GhidraScript)  
2025-12-07 20:43:43,875 - ghidra_adapter - DEBUG -   INFO  ExtractBinaryInfo.py> Writing 2 rows to .\Malware_sample_exe_output\Malware_sample_exe_cross_refs\Malware_sample_exe_00403418_initterm_refs.csv... (GhidraScript)  
2025-12-07 20:43:43,875 - ghidra_adapter - DEBUG -   INFO  ExtractBinaryInfo.py> Writing 1 rows to .\Malware_sample_exe_output\Malware_sample_exe_cross_refs\Malware_sample_exe_00403420_text_refs.csv... (GhidraScript)  
2025-12-07 20:43:43,875 - ghidra_adapter - DEBUG -   INFO  ExtractBinaryInfo.py> Writing 1 rows to .\Malware_sample_exe_output\Malware_sample_exe_cross_refs\Malware_sample_exe_00403420_cexit_refs.csv... (GhidraScript)  
2025-12-07 20:43:43,875 - ghidra_adapter - DEBUG -   INFO  ExtractBinaryInfo.py> Writing 1 rows to .\Malware_sample_exe_output\Malware_sample_exe_cross_refs\Malware_sample_exe_00403428_text_refs.csv... (GhidraScript)  
2025-12-07 20:43:43,875 - ghidra_adapter - DEBUG -   INFO  ExtractBinaryInfo.py> Writing 1 rows to .\Malware_sample_exe_output\Malware_sample_exe_cross_refs\Malware_sample_exe_00403428_amsg_exit_refs.csv... (GhidraScript)  
2025-12-07 20:43:43,875 - ghidra_adapter - DEBUG -   INFO  ExtractBinaryInfo.py> Writing 1 rows to .\Malware_sample_exe_output\Malware_sample_exe_cross_refs\Malware_sample_exe_00403430_text_refs.csv... (GhidraScript)  
2025-12-07 20:43:43,875 - ghidra_adapter - DEBUG -   INFO  ExtractBinaryInfo.py> Writing 1 rows to .\Malware_sample_exe_output\Malware_sample_exe_cross_refs\Malware_sample_exe_00403430_setusermatherr_refs.csv... (GhidraScript)  
2025-12-07 20:43:43,875 - ghidra_adapter - DEBUG -   INFO  ExtractBinaryInfo.py> Writing 2 rows to .\Malware_sample_exe_output\Malware_sample_exe_cross_refs\Malware_sample_exe_00403438_text_refs.csv... (GhidraScript)  
2025-12-07 20:43:43,876 - ghidra_adapter - DEBUG -   INFO  ExtractBinaryInfo.py> Writing 2 rows to .\Malware_sample_exe_output\Malware_sample_exe_cross_refs\Malware_sample_exe_00403438_set_app_type_refs.csv... (GhidraScript)  
2025-12-07 20:43:43,876 - ghidra_adapter - DEBUG -   INFO  ExtractBinaryInfo.py> Writing 1 rows to .\Malware_sample_exe_output\Malware_sample_exe_cross_refs\Malware_sample_exe_00403448_text_refs.csv... (GhidraScript)  
2025-12-07 20:43:43,876 - ghidra_adapter - DEBUG -   INFO  ExtractBinaryInfo.py> Writing 1 rows to .\Malware_sample_exe_output\Malware_sample_exe_cross_refs\Malware_sample_exe_00403448_getmainargs_refs.csv... (GhidraScript)  
2025-12-07 20:43:43,876 - ghidra_adapter - DEBUG -   INFO  ExtractBinaryInfo.py> Writing 2 rows to .\Malware_sample_exe_output\Malware_sample_exe_cross_refs\Malware_sample_exe_00403450_text_refs.csv... (GhidraScript)  
2025-12-07 20:43:43,876 - ghidra_adapter - DEBUG -   INFO  ExtractBinaryInfo.py> Writing 2 rows to .\Malware_sample_exe_output\Malware_sample_exe_cross_refs\Malware_sample_exe_00403450_C_specific_handler_refs.csv... (GhidraScript)  
2025-12-07 20:43:43,876 - ghidra_adapter - DEBUG -   INFO  ExtractBinaryInfo.py> Writing 4 rows to .\Malware_sample_exe_output\Malware_sample_exe_cross_refs\Malware_sample_exe_00403460_acrt_iob_func_refs.csv... (GhidraScript)  
2025-12-07 20:43:43,876 - ghidra_adapter - DEBUG -   INFO  ExtractBinaryInfo.py> Writing 4 rows to .\Malware_sample_exe_output\Malware_sample_exe_cross_refs\Malware_sample_exe_00403460_text_refs.csv... (GhidraScript)  
2025-12-07 20:43:43,876 - ghidra_adapter - DEBUG -   INFO  ExtractBinaryInfo.py> Writing 2 rows to .\Malware_sample_exe_output\Malware_sample_exe_cross_refs\Malware_sample_exe_00403480_mingw_get_invalid_parameter_handler_refs.csv... (GhidraScript)  
2025-12-07 20:43:43,876 - ghidra_adapter - DEBUG -   INFO  ExtractBinaryInfo.py> Writing 2 rows to .\Malware_sample_exe_output\Malware_sample_exe_cross_refs\Malware_sample_exe_00403480_get_invalid_parameter_handler_refs.csv... (GhidraScript)  
2025-12-07 20:43:43,876 - ghidra_adapter - DEBUG -   INFO  ExtractBinaryInfo.py> Writing 2 rows to .\Malware_sample_exe_output\Malware_sample_exe_cross_refs\Malware_sample_exe_00403480_text_refs.csv... (GhidraScript)  
2025-12-07 20:43:43,876 - ghidra_adapter - DEBUG -   INFO  ExtractBinaryInfo.py> Writing 3 rows to .\Malware_sample_exe_output\Malware_sample_exe_cross_refs\Malware_sample_exe_00403490_mingw_set_invalid_parameter_handler_refs.csv... (GhidraScript)  
2025-12-07 20:43:43,876 - ghidra_adapter - DEBUG -   INFO  ExtractBinaryInfo.py> Writing 3 rows to .\Malware_sample_exe_output\Malware_sample_exe_cross_refs\Malware_sample_exe_00403490_set_invalid_parameter_handler_refs.csv... (GhidraScript)  
2025-12-07 20:43:43,876 - ghidra_adapter - DEBUG -   INFO  ExtractBinaryInfo.py> Writing 3 rows to .\Malware_sample_exe_output\Malware_sample_exe_cross_refs\Malware_sample_exe_004034a0_p_acmdln_refs.csv... (GhidraScript)  
2025-12-07 20:43:43,876 - ghidra_adapter - DEBUG -   INFO  ExtractBinaryInfo.py> Writing 3 rows to .\Malware_sample_exe_output\Malware_sample_exe_cross_refs\Malware_sample_exe_004034a0_text_refs.csv... (GhidraScript)  
2025-12-07 20:43:43,877 - ghidra_adapter - DEBUG -   INFO  ExtractBinaryInfo.py> Writing 2 rows to .\Malware_sample_exe_output\Malware_sample_exe_cross_refs\Malware_sample_exe_004034b0_p_fmode_refs.csv... (GhidraScript)  
2025-12-07 20:43:43,877 - ghidra_adapter - DEBUG -   INFO  ExtractBinaryInfo.py> Writing 2 rows to .\Malware_sample_exe_output\Malware_sample_exe_cross_refs\Malware_sample_exe_004034b0_text_refs.csv... (GhidraScript)  
2025-12-07 20:43:43,877 - ghidra_adapter - DEBUG -   INFO  ExtractBinaryInfo.py> Writing 1 rows to .\Malware_sample_exe_output\Malware_sample_exe_cross_refs\Malware_sample_exe_004034c0_text_refs.csv... (GhidraScript)  
2025-12-07 20:43:43,877 - ghidra_adapter - DEBUG -   INFO  ExtractBinaryInfo.py> Writing 1 rows to .\Malware_sample_exe_output\Malware_sample_exe_cross_refs\Malware_sample_exe_004034c0_iob_func_refs.csv... (GhidraScript)  
2025-12-07 20:43:43,877 - ghidra_adapter - DEBUG -   INFO  ExtractBinaryInfo.py> Writing 6 rows to .\Malware_sample_exe_output\Malware_sample_exe_cross_refs\Malware_sample_exe_00403610_report_error_refs.csv... (GhidraScript)  
2025-12-07 20:43:43,877 - ghidra_adapter - DEBUG -   INFO  ExtractBinaryInfo.py> Writing 6 rows to .\Malware_sample_exe_output\Malware_sample_exe_cross_refs\Malware_sample_exe_00403610_text_unlikely_refs.csv... (GhidraScript)  
2025-12-07 20:43:43,877 - ghidra_adapter - DEBUG -   INFO  ExtractBinaryInfo.py> Writing 6 rows to .\Malware_sample_exe_output\Malware_sample_exe_cross_refs\Malware_sample_exe_00403610_text_refs.csv... (GhidraScript)  
2025-12-07 20:43:43,877 - ghidra_adapter - DEBUG -   INFO  ExtractBinaryInfo.py> Writing 2 rows to .\Malware_sample_exe_output\Malware_sample_exe_cross_refs\Malware_sample_exe_00403680_register_frame_ctor_refs.csv... (GhidraScript)  
2025-12-07 20:43:43,877 - ghidra_adapter - DEBUG -   INFO  ExtractBinaryInfo.py> Writing 2 rows to .\Malware_sample_exe_output\Malware_sample_exe_cross_refs\Malware_sample_exe_00403680_text_startup_refs.csv... (GhidraScript)  
2025-12-07 20:43:43,877 - ghidra_adapter - DEBUG -   INFO  ExtractBinaryInfo.py> Writing 5 rows to .\Malware_sample_exe_output\Malware_sample_exe_cross_refs\Malware_sample_exe_00403690_CTOR_LIST_refs.csv... (GhidraScript)  
2025-12-07 20:43:43,877 - ghidra_adapter - DEBUG -   INFO  ExtractBinaryInfo.py> Writing 5 rows to .\Malware_sample_exe_output\Malware_sample_exe_cross_refs\Malware_sample_exe_00403690_CTOR_LIST_refs.csv... (GhidraScript)  
2025-12-07 20:43:43,877 - ghidra_adapter - DEBUG -   INFO  ExtractBinaryInfo.py> Writing 3 rows to .\Malware_sample_exe_output\Malware_sample_exe_cross_refs\Malware_sample_exe_00403698_ctors_refs.csv... (GhidraScript)  
2025-12-07 20:43:43,877 - ghidra_adapter - DEBUG -   INFO  ExtractBinaryInfo.py> Writing 1 rows to .\Malware_sample_exe_output\Malware_sample_exe_cross_refs\Malware_sample_exe_004036a0_ctors_65535_refs.csv... (GhidraScript)  
2025-12-07 20:43:43,878 - ghidra_adapter - DEBUG -   INFO  ExtractBinaryInfo.py> Writing 3 rows to .\Malware_sample_exe_output\Malware_sample_exe_cross_refs\Malware_sample_exe_00404010_data_refs.csv... (GhidraScript)  
2025-12-07 20:43:43,878 - ghidra_adapter - DEBUG -   INFO  ExtractBinaryInfo.py> Writing 3 rows to .\Malware_sample_exe_output\Malware_sample_exe_cross_refs\Malware_sample_exe_00404010_p_93846_refs.csv... (GhidraScript)  
2025-12-07 20:43:43,878 - ghidra_adapter - DEBUG -   INFO  ExtractBinaryInfo.py> Writing 2 rows to .\Malware_sample_exe_output\Malware_sample_exe_cross_refs\Malware_sample_exe_00404030_data_refs.csv... (GhidraScript)  
2025-12-07 20:43:43,878 - ghidra_adapter - DEBUG -   INFO  ExtractBinaryInfo.py> Writing 2 rows to .\Malware_sample_exe_output\Malware_sample_exe_cross_refs\Malware_sample_exe_00404030_dowildcard_refs.csv... (GhidraScript)  
2025-12-07 20:43:43,878 - ghidra_adapter - DEBUG -   INFO  ExtractBinaryInfo.py> Writing 3 rows to .\Malware_sample_exe_output\Malware_sample_exe_cross_refs\Malware_sample_exe_00404050_data_refs.csv... (GhidraScript)  
2025-12-07 20:43:43,878 - ghidra_adapter - DEBUG -   INFO  ExtractBinaryInfo.py> Writing 3 rows to .\Malware_sample_exe_output\Malware_sample_exe_cross_refs\Malware_sample_exe_00404050_CRT_MT_refs.csv... (GhidraScript)  
2025-12-07 20:43:43,878 - ghidra_adapter - DEBUG -   INFO  ExtractBinaryInfo.py> Writing 2 rows to .\Malware_sample_exe_output\Malware_sample_exe_cross_refs\Malware_sample_exe_00404060_data_refs.csv... (GhidraScript)  
2025-12-07 20:43:43,878 - ghidra_adapter - DEBUG -   INFO  ExtractBinaryInfo.py> Writing 2 rows to .\Malware_sample_exe_output\Malware_sample_exe_cross_refs\Malware_sample_exe_00404060_MINGW_INSTALL_DEBUG_MATHERR_refs.csv... (GhidraScript)  
2025-12-07 20:43:43,878 - ghidra_adapter - DEBUG -   INFO  ExtractBinaryInfo.py> Writing 3 rows to .\Malware_sample_exe_output\Malware_sample_exe_cross_refs\Malware_sample_exe_004040b0_data_security_cookie_refs.csv... (GhidraScript)  
2025-12-07 20:43:43,878 - ghidra_adapter - DEBUG -   INFO  ExtractBinaryInfo.py> Writing 3 rows to .\Malware_sample_exe_output\Malware_sample_exe_cross_refs\Malware_sample_exe_004040b0_data_refs.csv... (GhidraScript)  
2025-12-07 20:43:43,878 - ghidra_adapter - DEBUG -   INFO  ExtractBinaryInfo.py> Writing 3 rows to .\Malware_sample_exe_output\Malware_sample_exe_cross_refs\Malware_sample_exe_004040b0_security_cookie_refs.csv... (GhidraScript)  
2025-12-07 20:43:43,878 - ghidra_adapter - DEBUG -   INFO  ExtractBinaryInfo.py> Writing 3 rows to .\Malware_sample_exe_output\Malware_sample_exe_cross_refs\Malware_sample_exe_004040c0_data_security_cookie_complement_refs.csv... (GhidraScript)  
2025-12-07 20:43:43,878 - ghidra_adapter - DEBUG -   INFO  ExtractBinaryInfo.py> Writing 3 rows to .\Malware_sample_exe_output\Malware_sample_exe_cross_refs\Malware_sample_exe_004040c0_security_cookie_complement_refs.csv... (GhidraScript)  
2025-12-07 20:43:43,878 - ghidra_adapter - DEBUG -   INFO  ExtractBinaryInfo.py> Writing 1 rows to .\Malware_sample_exe_output\Malware_sample_exe_cross_refs\Malware_sample_exe_00405290_GS_ExceptionPointers_refs.csv... (GhidraScript)  
2025-12-07 20:43:43,878 - ghidra_adapter - DEBUG -   INFO  ExtractBinaryInfo.py> Writing 1 rows to .\Malware_sample_exe_output\Malware_sample_exe_cross_refs\Malware_sample_exe_00405290_rdata_refs.csv... (GhidraScript)  
2025-12-07 20:43:43,878 - ghidra_adapter - DEBUG -   INFO  ExtractBinaryInfo.py> Writing 2 rows to .\Malware_sample_exe_output\Malware_sample_exe_cross_refs\Malware_sample_exe_004052a0_rdata_refs.csv... (GhidraScript)  
2025-12-07 20:43:43,878 - ghidra_adapter - DEBUG -   INFO  ExtractBinaryInfo.py> Writing 2 rows to .\Malware_sample_exe_output\Malware_sample_exe_cross_refs\Malware_sample_exe_004052a0_dyn_tls_init_callback_refs.csv... (GhidraScript)  
2025-12-07 20:43:43,880 - ghidra_adapter - DEBUG -   INFO  ExtractBinaryInfo.py> Writing 1 rows to .\Malware_sample_exe_output\Malware_sample_exe_cross_refs\Malware_sample_exe_004052c0_tls_used_refs.csv... (GhidraScript)  
2025-12-07 20:43:43,880 - ghidra_adapter - DEBUG -   INFO  ExtractBinaryInfo.py> Writing 1 rows to .\Malware_sample_exe_output\Malware_sample_exe_cross_refs\Malware_sample_exe_00405300_rdata_refs.csv... (GhidraScript)  
2025-12-07 20:43:43,880 - ghidra_adapter - DEBUG -   INFO  ExtractBinaryInfo.py> Writing 2 rows to .\Malware_sample_exe_output\Malware_sample_exe_cross_refs\Malware_sample_exe_00405424_switchdataD_00405424_refs.csv... (GhidraScript)  
2025-12-07 20:43:43,880 - ghidra_adapter - DEBUG -   INFO  ExtractBinaryInfo.py> Writing 1 rows to .\Malware_sample_exe_output\Malware_sample_exe_cross_refs\Malware_sample_exe_00405440_rdata_refs.csv... (GhidraScript)  
2025-12-07 20:43:43,880 - ghidra_adapter - DEBUG -   INFO  ExtractBinaryInfo.py> Writing 1 rows to .\Malware_sample_exe_output\Malware_sample_exe_cross_refs\Malware_sample_exe_00405550_rdata_refs.csv... (GhidraScript)  
2025-12-07 20:43:43,880 - ghidra_adapter - DEBUG -   INFO  ExtractBinaryInfo.py> Writing 1 rows to .\Malware_sample_exe_output\Malware_sample_exe_cross_refs\Malware_sample_exe_00405560_rdata_refptr_CRT_MT_refs.csv... (GhidraScript)  
2025-12-07 20:43:43,880 - ghidra_adapter - DEBUG -   INFO  ExtractBinaryInfo.py> Writing 1 rows to .\Malware_sample_exe_output\Malware_sample_exe_cross_refs\Malware_sample_exe_00405560_refptr_CRT_MT_refs.csv... (GhidraScript)  
2025-12-07 20:43:43,880 - ghidra_adapter - DEBUG -   INFO  ExtractBinaryInfo.py> Writing 1 rows to .\Malware_sample_exe_output\Malware_sample_exe_cross_refs\Malware_sample_exe_00405570_rdata_refptr_MINGW_INSTALL_DEBUG_MATHERR_refs.csv... (GhidraScript)  
2025-12-07 20:43:43,880 - ghidra_adapter - DEBUG -   INFO  ExtractBinaryInfo.py> Writing 1 rows to .\Malware_sample_exe_output\Malware_sample_exe_cross_refs\Malware_sample_exe_00405570_refptr_MINGW_INSTALL_DEBUG_MATHERR_refs.csv... (GhidraScript)  
2025-12-07 20:43:43,881 - ghidra_adapter - DEBUG -   INFO  ExtractBinaryInfo.py> Writing 1 rows to .\Malware_sample_exe_output\Malware_sample_exe_cross_refs\Malware_sample_exe_00405580_rdata_refptr_CTOR_LIST_refs.csv... (GhidraScript)  
2025-12-07 20:43:43,881 - ghidra_adapter - DEBUG -   INFO  ExtractBinaryInfo.py> Writing 1 rows to .\Malware_sample_exe_output\Malware_sample_exe_cross_refs\Malware_sample_exe_00405580_refptr_CTOR_LIST_refs.csv... (GhidraScript)  
2025-12-07 20:43:43,881 - ghidra_adapter - DEBUG -   INFO  ExtractBinaryInfo.py> Writing 1 rows to .\Malware_sample_exe_output\Malware_sample_exe_cross_refs\Malware_sample_exe_00405590_rdata_refptr_RUNTIME_PSEUDO_RELOC_LIST_END_refs.csv... (GhidraScript)  
2025-12-07 20:43:43,881 - ghidra_adapter - DEBUG -   INFO  ExtractBinaryInfo.py> Writing 1 rows to .\Malware_sample_exe_output\Malware_sample_exe_cross_refs\Malware_sample_exe_00405590_refptr_RUNTIME_PSEUDO_RELOC_LIST_END_refs.csv... (GhidraScript)  
2025-12-07 20:43:43,881 - ghidra_adapter - DEBUG -   INFO  ExtractBinaryInfo.py> Writing 1 rows to .\Malware_sample_exe_output\Malware_sample_exe_cross_refs\Malware_sample_exe_004055a0_rdata_refptr_RUNTIME_PSEUDO_RELOC_LIST_refs.csv... (GhidraScript)  
2025-12-07 20:43:43,881 - ghidra_adapter - DEBUG -   INFO  ExtractBinaryInfo.py> Writing 1 rows to .\Malware_sample_exe_output\Malware_sample_exe_cross_refs\Malware_sample_exe_004055a0_refptr_RUNTIME_PSEUDO_RELOC_LIST_refs.csv... (GhidraScript)  
2025-12-07 20:43:43,881 - ghidra_adapter - DEBUG -   INFO  ExtractBinaryInfo.py> Writing 1 rows to .\Malware_sample_exe_output\Malware_sample_exe_cross_refs\Malware_sample_exe_004055b0_rdata_refptr_dyn_tls_init_callback_refs.csv... (GhidraScript)  
2025-12-07 20:43:43,881 - ghidra_adapter - DEBUG -   INFO  ExtractBinaryInfo.py> Writing 1 rows to .\Malware_sample_exe_output\Malware_sample_exe_cross_refs\Malware_sample_exe_004055b0_refptr_dyn_tls_init_callback_refs.csv... (GhidraScript)  
2025-12-07 20:43:43,881 - ghidra_adapter - DEBUG -   INFO  ExtractBinaryInfo.py> Writing 11 rows to .\Malware_sample_exe_output\Malware_sample_exe_cross_refs\Malware_sample_exe_004055c0_rdata_refptr_image_base_refs.csv... (GhidraScript)  
2025-12-07 20:43:43,881 - ghidra_adapter - DEBUG -   INFO  ExtractBinaryInfo.py> Writing 11 rows to .\Malware_sample_exe_output\Malware_sample_exe_cross_refs\Malware_sample_exe_004055c0_refptr_image_base_refs.csv... (GhidraScript)  
2025-12-07 20:43:43,881 - ghidra_adapter - DEBUG -   INFO  ExtractBinaryInfo.py> Writing 1 rows to .\Malware_sample_exe_output\Malware_sample_exe_cross_refs\Malware_sample_exe_004055d0_rdata_refptr_imp_initenv_refs.csv... (GhidraScript)  
2025-12-07 20:43:43,881 - ghidra_adapter - DEBUG -   INFO  ExtractBinaryInfo.py> Writing 1 rows to .\Malware_sample_exe_output\Malware_sample_exe_cross_refs\Malware_sample_exe_004055d0_refptr_imp_initenv_refs.csv... (GhidraScript)  
2025-12-07 20:43:43,881 - ghidra_adapter - DEBUG -   INFO  ExtractBinaryInfo.py> Writing 1 rows to .\Malware_sample_exe_output\Malware_sample_exe_cross_refs\Malware_sample_exe_004055e0_rdata_refptr_imp_acmdln_refs.csv... (GhidraScript)  
2025-12-07 20:43:43,882 - ghidra_adapter - DEBUG -   INFO  ExtractBinaryInfo.py> Writing 1 rows to .\Malware_sample_exe_output\Malware_sample_exe_cross_refs\Malware_sample_exe_004055e0_refptr_imp_acmdln_refs.csv... (GhidraScript)  
2025-12-07 20:43:43,882 - ghidra_adapter - DEBUG -   INFO  ExtractBinaryInfo.py> Writing 1 rows to .\Malware_sample_exe_output\Malware_sample_exe_cross_refs\Malware_sample_exe_004055f0_rdata_refptr_imp_fmode_refs.csv... (GhidraScript)  
2025-12-07 20:43:43,882 - ghidra_adapter - DEBUG -   INFO  ExtractBinaryInfo.py> Writing 1 rows to .\Malware_sample_exe_output\Malware_sample_exe_cross_refs\Malware_sample_exe_004055f0_refptr_imp_fmode_refs.csv... (GhidraScript)  
2025-12-07 20:43:43,882 - ghidra_adapter - DEBUG -   INFO  ExtractBinaryInfo.py> Writing 1 rows to .\Malware_sample_exe_output\Malware_sample_exe_cross_refs\Malware_sample_exe_00405600_rdata_refptr_mingw_oldexcpt_handler_refs.csv... (GhidraScript)  
2025-12-07 20:43:43,882 - ghidra_adapter - DEBUG -   INFO  ExtractBinaryInfo.py> Writing 1 rows to .\Malware_sample_exe_output\Malware_sample_exe_cross_refs\Malware_sample_exe_00405600_refptr_mingw_oldexcpt_handler_refs.csv... (GhidraScript)  
2025-12-07 20:43:43,882 - ghidra_adapter - DEBUG -   INFO  ExtractBinaryInfo.py> Writing 1 rows to .\Malware_sample_exe_output\Malware_sample_exe_cross_refs\Malware_sample_exe_00405610_rdata_refptr_native_startup_lock_refs.csv... (GhidraScript)  
2025-12-07 20:43:43,882 - ghidra_adapter - DEBUG -   INFO  ExtractBinaryInfo.py> Writing 1 rows to .\Malware_sample_exe_output\Malware_sample_exe_cross_refs\Malware_sample_exe_00405610_refptr_native_startup_lock_refs.csv... (GhidraScript)  
2025-12-07 20:43:43,882 - ghidra_adapter - DEBUG -   INFO  ExtractBinaryInfo.py> Writing 2 rows to .\Malware_sample_exe_output\Malware_sample_exe_cross_refs\Malware_sample_exe_00405620_rdata_refptr_native_startup_state_refs.csv... (GhidraScript)  
2025-12-07 20:43:43,882 - ghidra_adapter - DEBUG -   INFO  ExtractBinaryInfo.py> Writing 2 rows to .\Malware_sample_exe_output\Malware_sample_exe_cross_refs\Malware_sample_exe_00405620_refptr_native_startup_state_refs.csv... (GhidraScript)  
2025-12-07 20:43:43,882 - ghidra_adapter - DEBUG -   INFO  ExtractBinaryInfo.py> Writing 1 rows to .\Malware_sample_exe_output\Malware_sample_exe_cross_refs\Malware_sample_exe_00405630_rdata_refptr_xc_a_refs.csv... (GhidraScript)  
2025-12-07 20:43:43,882 - ghidra_adapter - DEBUG -   INFO  ExtractBinaryInfo.py> Writing 1 rows to .\Malware_sample_exe_output\Malware_sample_exe_cross_refs\Malware_sample_exe_00405630_refptr_xc_a_refs.csv... (GhidraScript)  
2025-12-07 20:43:43,882 - ghidra_adapter - DEBUG -   INFO  ExtractBinaryInfo.py> Writing 1 rows to .\Malware_sample_exe_output\Malware_sample_exe_cross_refs\Malware_sample_exe_00405640_rdata_refptr_xc_z_refs.csv... (GhidraScript)  
2025-12-07 20:43:43,883 - ghidra_adapter - DEBUG -   INFO  ExtractBinaryInfo.py> Writing 1 rows to .\Malware_sample_exe_output\Malware_sample_exe_cross_refs\Malware_sample_exe_00405640_refptr_xc_z_refs.csv... (GhidraScript)  
2025-12-07 20:43:43,883 - ghidra_adapter - DEBUG -   INFO  ExtractBinaryInfo.py> Writing 1 rows to .\Malware_sample_exe_output\Malware_sample_exe_cross_refs\Malware_sample_exe_00405650_rdata_refptr_xi_a_refs.csv... (GhidraScript)  
2025-12-07 20:43:43,883 - ghidra_adapter - DEBUG -   INFO  ExtractBinaryInfo.py> Writing 1 rows to .\Malware_sample_exe_output\Malware_sample_exe_cross_refs\Malware_sample_exe_00405650_refptr_xi_a_refs.csv... (GhidraScript)  
2025-12-07 20:43:43,883 - ghidra_adapter - DEBUG -   INFO  ExtractBinaryInfo.py> Writing 1 rows to .\Malware_sample_exe_output\Malware_sample_exe_cross_refs\Malware_sample_exe_00405660_rdata_refptr_xi_z_refs.csv... (GhidraScript)  
2025-12-07 20:43:43,883 - ghidra_adapter - DEBUG -   INFO  ExtractBinaryInfo.py> Writing 1 rows to .\Malware_sample_exe_output\Malware_sample_exe_cross_refs\Malware_sample_exe_00405660_refptr_xi_z_refs.csv... (GhidraScript)  
2025-12-07 20:43:43,883 - ghidra_adapter - DEBUG -   INFO  ExtractBinaryInfo.py> Writing 1 rows to .\Malware_sample_exe_output\Malware_sample_exe_cross_refs\Malware_sample_exe_00405670_rdata_refptr_dowildcard_refs.csv... (GhidraScript)  
2025-12-07 20:43:43,883 - ghidra_adapter - DEBUG -   INFO  ExtractBinaryInfo.py> Writing 1 rows to .\Malware_sample_exe_output\Malware_sample_exe_cross_refs\Malware_sample_exe_00405670_refptr_dowildcard_refs.csv... (GhidraScript)  
2025-12-07 20:43:43,883 - ghidra_adapter - DEBUG -   INFO  ExtractBinaryInfo.py> Writing 1 rows to .\Malware_sample_exe_output\Malware_sample_exe_cross_refs\Malware_sample_exe_00405680_rdata_refptr_fmode_refs.csv... (GhidraScript)  
2025-12-07 20:43:43,883 - ghidra_adapter - DEBUG -   INFO  ExtractBinaryInfo.py> Writing 1 rows to .\Malware_sample_exe_output\Malware_sample_exe_cross_refs\Malware_sample_exe_00405680_refptr_fmode_refs.csv... (GhidraScript)  
2025-12-07 20:43:43,883 - ghidra_adapter - DEBUG -   INFO  ExtractBinaryInfo.py> Writing 1 rows to .\Malware_sample_exe_output\Malware_sample_exe_cross_refs\Malware_sample_exe_004056b0_rdata_refptr_newmode_refs.csv... (GhidraScript)  
2025-12-07 20:43:43,883 - ghidra_adapter - DEBUG -   INFO  ExtractBinaryInfo.py> Writing 1 rows to .\Malware_sample_exe_output\Malware_sample_exe_cross_refs\Malware_sample_exe_004056b0_refptr_newmode_refs.csv... (GhidraScript)  
2025-12-07 20:43:43,884 - ghidra_adapter - DEBUG -   INFO  ExtractBinaryInfo.py> Writing 4 rows to .\Malware_sample_exe_output\Malware_sample_exe_cross_refs\Malware_sample_exe_004056c0_rdata_refptr_mingw_app_type_refs.csv... (GhidraScript)  
2025-12-07 20:43:43,884 - ghidra_adapter - DEBUG -   INFO  ExtractBinaryInfo.py> Writing 4 rows to .\Malware_sample_exe_output\Malware_sample_exe_cross_refs\Malware_sample_exe_004056c0_refptr_mingw_app_type_refs.csv... (GhidraScript)  
2025-12-07 20:43:43,884 - ghidra_adapter - DEBUG -   INFO  ExtractBinaryInfo.py> Writing 1 rows to .\Malware_sample_exe_output\Malware_sample_exe_cross_refs\Malware_sample_exe_004056d0_rdata_refptr_mingw_initcharmax_refs.csv... (GhidraScript)  
2025-12-07 20:43:43,884 - ghidra_adapter - DEBUG -   INFO  ExtractBinaryInfo.py> Writing 1 rows to .\Malware_sample_exe_output\Malware_sample_exe_cross_refs\Malware_sample_exe_004056d0_refptr_mingw_initcharmax_refs.csv... (GhidraScript)  
2025-12-07 20:43:43,884 - ghidra_adapter - DEBUG -   INFO  ExtractBinaryInfo.py> Writing 1 rows to .\Malware_sample_exe_output\Malware_sample_exe_cross_refs\Malware_sample_exe_004056e0_rdata_refptr_mingw_initltsdrot_force_refs.csv... (GhidraScript)  
2025-12-07 20:43:43,884 - ghidra_adapter - DEBUG -   INFO  ExtractBinaryInfo.py> Writing 1 rows to .\Malware_sample_exe_output\Malware_sample_exe_cross_refs\Malware_sample_exe_004056e0_refptr_mingw_initltsdrot_force_refs.csv... (GhidraScript)  
2025-12-07 20:43:43,884 - ghidra_adapter - DEBUG -   INFO  ExtractBinaryInfo.py> Writing 1 rows to .\Malware_sample_exe_output\Malware_sample_exe_cross_refs\Malware_sample_exe_004056f0_rdata_refptr_mingw_initltsdyn_force_refs.csv... (GhidraScript)  
2025-12-07 20:43:43,884 - ghidra_adapter - DEBUG -   INFO  ExtractBinaryInfo.py> Writing 1 rows to .\Malware_sample_exe_output\Malware_sample_exe_cross_refs\Malware_sample_exe_004056f0_refptr_mingw_initltsdyn_force_refs.csv... (GhidraScript)  
2025-12-07 20:43:43,884 - ghidra_adapter - DEBUG -   INFO  ExtractBinaryInfo.py> Writing 1 rows to .\Malware_sample_exe_output\Malware_sample_exe_cross_refs\Malware_sample_exe_00405700_rdata_refptr_mingw_initltssuo_force_refs.csv... (GhidraScript)  
2025-12-07 20:43:43,884 - ghidra_adapter - DEBUG -   INFO  ExtractBinaryInfo.py> Writing 1 rows to .\Malware_sample_exe_output\Malware_sample_exe_cross_refs\Malware_sample_exe_00405700_refptr_mingw_initltssuo_force_refs.csv... (GhidraScript)  
2025-12-07 20:43:43,884 - ghidra_adapter - DEBUG -   INFO  ExtractBinaryInfo.py> Writing 5 rows to .\Malware_sample_exe_output\Malware_sample_exe_cross_refs\Malware_sample_exe_00405750_RUNTIME_PSEUDO_RELOC_LIST_refs.csv... (GhidraScript)  
2025-12-07 20:43:43,885 - ghidra_adapter - DEBUG -   INFO  ExtractBinaryInfo.py> Writing 5 rows to .\Malware_sample_exe_output\Malware_sample_exe_cross_refs\Malware_sample_exe_00405750_rt_psrelocs_start_refs.csv... (GhidraScript)  
2025-12-07 20:43:43,885 - ghidra_adapter - DEBUG -   INFO  ExtractBinaryInfo.py> Writing 5 rows to .\Malware_sample_exe_output\Malware_sample_exe_cross_refs\Malware_sample_exe_00405750_RUNTIME_PSEUDO_RELOC_LIST_END_refs.csv... (GhidraScript)  
2025-12-07 20:43:43,885 - ghidra_adapter - DEBUG -   INFO  ExtractBinaryInfo.py> Writing 5 rows to .\Malware_sample_exe_output\Malware_sample_exe_cross_refs\Malware_sample_exe_00405750_RUNTIME_PSEUDO_RELOC_LIST_refs.csv... (GhidraScript)  
2025-12-07 20:43:43,885 - ghidra_adapter - DEBUG -   INFO  ExtractBinaryInfo.py> Writing 5 rows to .\Malware_sample_exe_output\Malware_sample_exe_cross_refs\Malware_sample_exe_00405750_rt_psrelocs_end_refs.csv... (GhidraScript)  
2025-12-07 20:43:43,885 - ghidra_adapter - DEBUG -   INFO  ExtractBinaryInfo.py> Writing 5 rows to .\Malware_sample_exe_output\Malware_sample_exe_cross_refs\Malware_sample_exe_00405750_RUNTIME_PSEUDO_RELOC_LIST_END_refs.csv... (GhidraScript)  
2025-12-07 20:43:43,885 - ghidra_adapter - DEBUG -   INFO  ExtractBinaryInfo.py> Writing 1 rows to .\Malware_sample_exe_output\Malware_sample_exe_cross_refs\Malware_sample_exe_00407070_xdata_refs.csv... (GhidraScript)  
2025-12-07 20:43:43,885 - ghidra_adapter - DEBUG -   INFO  ExtractBinaryInfo.py> Writing 1 rows to .\Malware_sample_exe_output\Malware_sample_exe_cross_refs\Malware_sample_exe_00407078_xdata_refs.csv... (GhidraScript)  
2025-12-07 20:43:43,885 - ghidra_adapter - DEBUG -   INFO  ExtractBinaryInfo.py> Writing 1 rows to .\Malware_sample_exe_output\Malware_sample_exe_cross_refs\Malware_sample_exe_00407108_xdata_refs.csv... (GhidraScript)  
2025-12-07 20:43:43,885 - ghidra_adapter - DEBUG -   INFO  ExtractBinaryInfo.py> Writing 1 rows to .\Malware_sample_exe_output\Malware_sample_exe_cross_refs\Malware_sample_exe_00407120_xdata_refs.csv... (GhidraScript)  
2025-12-07 20:43:43,885 - ghidra_adapter - DEBUG -   INFO  ExtractBinaryInfo.py> Writing 1 rows to .\Malware_sample_exe_output\Malware_sample_exe_cross_refs\Malware_sample_exe_00407124_xdata_refs.csv... (GhidraScript)  
2025-12-07 20:43:43,885 - ghidra_adapter - DEBUG -   INFO  ExtractBinaryInfo.py> Writing 1 rows to .\Malware_sample_exe_output\Malware_sample_exe_cross_refs\Malware_sample_exe_00407128_xdata_refs.csv... (GhidraScript)  
2025-12-07 20:43:43,886 - ghidra_adapter - DEBUG -   INFO  ExtractBinaryInfo.py> Writing 1 rows to .\Malware_sample_exe_output\Malware_sample_exe_cross_refs\Malware_sample_exe_00407148_xdata_refs.csv... (GhidraScript)  
2025-12-07 20:43:43,886 - ghidra_adapter - DEBUG -   INFO  ExtractBinaryInfo.py> Writing 1 rows to .\Malware_sample_exe_output\Malware_sample_exe_cross_refs\Malware_sample_exe_00407160_xdata_refs.csv... (GhidraScript)  
2025-12-07 20:43:43,886 - ghidra_adapter - DEBUG -   INFO  ExtractBinaryInfo.py> Writing 1 rows to .\Malware_sample_exe_output\Malware_sample_exe_cross_refs\Malware_sample_exe_00407184_xdata_refs.csv... (GhidraScript)  
2025-12-07 20:43:43,886 - ghidra_adapter - DEBUG -   INFO  ExtractBinaryInfo.py> Writing 1 rows to .\Malware_sample_exe_output\Malware_sample_exe_cross_refs\Malware_sample_exe_00407188_xdata_refs.csv... (GhidraScript)  
2025-12-07 20:43:43,886 - ghidra_adapter - DEBUG -   INFO  ExtractBinaryInfo.py> Writing 1 rows to .\Malware_sample_exe_output\Malware_sample_exe_cross_refs\Malware_sample_exe_00407190_xdata_unlikely_refs.csv... (GhidraScript)  
2025-12-07 20:43:43,886 - ghidra_adapter - DEBUG -   INFO  ExtractBinaryInfo.py> Writing 1 rows to .\Malware_sample_exe_output\Malware_sample_exe_cross_refs\Malware_sample_exe_0040719c_xdata_refs.csv... (GhidraScript)  
2025-12-07 20:43:43,886 - ghidra_adapter - DEBUG -   INFO  ExtractBinaryInfo.py> Writing 1 rows to .\Malware_sample_exe_output\Malware_sample_exe_cross_refs\Malware_sample_exe_004071c4_xdata_refs.csv... (GhidraScript)  
2025-12-07 20:43:43,886 - ghidra_adapter - DEBUG -   INFO  ExtractBinaryInfo.py> Writing 1 rows to .\Malware_sample_exe_output\Malware_sample_exe_cross_refs\Malware_sample_exe_004071e4_xdata_refs.csv... (GhidraScript)  
2025-12-07 20:43:43,886 - ghidra_adapter - DEBUG -   INFO  ExtractBinaryInfo.py> Writing 1 rows to .\Malware_sample_exe_output\Malware_sample_exe_cross_refs\Malware_sample_exe_00407214_xdata_refs.csv... (GhidraScript)  
2025-12-07 20:43:43,886 - ghidra_adapter - DEBUG -   INFO  ExtractBinaryInfo.py> Writing 1 rows to .\Malware_sample_exe_output\Malware_sample_exe_cross_refs\Malware_sample_exe_0040725c_xdata_refs.csv... (GhidraScript)  
2025-12-07 20:43:43,886 - ghidra_adapter - DEBUG -   INFO  ExtractBinaryInfo.py> Writing 1 rows to .\Malware_sample_exe_output\Malware_sample_exe_cross_refs\Malware_sample_exe_00407264_xdata_refs.csv... (GhidraScript)  
2025-12-07 20:43:43,886 - ghidra_adapter - DEBUG -   INFO  ExtractBinaryInfo.py> Writing 1 rows to .\Malware_sample_exe_output\Malware_sample_exe_cross_refs\Malware_sample_exe_0040726c_xdata_refs.csv... (GhidraScript)  
2025-12-07 20:43:43,886 - ghidra_adapter - DEBUG -   INFO  ExtractBinaryInfo.py> Writing 1 rows to .\Malware_sample_exe_output\Malware_sample_exe_cross_refs\Malware_sample_exe_00407270_xdata_refs.csv... (GhidraScript)  
2025-12-07 20:43:43,887 - ghidra_adapter - DEBUG -   INFO  ExtractBinaryInfo.py> Writing 1 rows to .\Malware_sample_exe_output\Malware_sample_exe_cross_refs\Malware_sample_exe_00407274_xdata_startup_refs.csv... (GhidraScript)  
2025-12-07 20:43:43,887 - ghidra_adapter - DEBUG -   INFO  ExtractBinaryInfo.py> Writing 2 rows to .\Malware_sample_exe_output\Malware_sample_exe_cross_refs\Malware_sample_exe_00408004_has_cctor_refs.csv... (GhidraScript)  
2025-12-07 20:43:43,887 - ghidra_adapter - DEBUG -   INFO  ExtractBinaryInfo.py> Writing 2 rows to .\Malware_sample_exe_output\Malware_sample_exe_cross_refs\Malware_sample_exe_00408008_managedapp_refs.csv... (GhidraScript)  
2025-12-07 20:43:43,887 - ghidra_adapter - DEBUG -   INFO  ExtractBinaryInfo.py> Writing 2 rows to .\Malware_sample_exe_output\Malware_sample_exe_cross_refs\Malware_sample_exe_0040800c_mainret_refs.csv... (GhidraScript)  
2025-12-07 20:43:43,887 - ghidra_adapter - DEBUG -   INFO  ExtractBinaryInfo.py> Writing 3 rows to .\Malware_sample_exe_output\Malware_sample_exe_cross_refs\Malware_sample_exe_00408010_envp_refs.csv... (GhidraScript)  
2025-12-07 20:43:43,887 - ghidra_adapter - DEBUG -   INFO  ExtractBinaryInfo.py> Writing 4 rows to .\Malware_sample_exe_output\Malware_sample_exe_cross_refs\Malware_sample_exe_00408018_argv_refs.csv... (GhidraScript)  
2025-12-07 20:43:43,887 - ghidra_adapter - DEBUG -   INFO  ExtractBinaryInfo.py> Writing 3 rows to .\Malware_sample_exe_output\Malware_sample_exe_cross_refs\Malware_sample_exe_00408020_argc_refs.csv... (GhidraScript)  
2025-12-07 20:43:43,887 - ghidra_adapter - DEBUG -   INFO  ExtractBinaryInfo.py> Writing 2 rows to .\Malware_sample_exe_output\Malware_sample_exe_cross_refs\Malware_sample_exe_00408030_bss_refs.csv... (GhidraScript)  
2025-12-07 20:43:43,887 - ghidra_adapter - DEBUG -   INFO  ExtractBinaryInfo.py> Writing 2 rows to .\Malware_sample_exe_output\Malware_sample_exe_cross_refs\Malware_sample_exe_00408030_ZStL8_ioinit_refs.csv... (GhidraScript)  
2025-12-07 20:43:43,887 - ghidra_adapter - DEBUG -   INFO  ExtractBinaryInfo.py> Writing 2 rows to .\Malware_sample_exe_output\Malware_sample_exe_cross_refs\Malware_sample_exe_00408030_ioinit_refs.csv... (GhidraScript)  
2025-12-07 20:43:43,887 - ghidra_adapter - DEBUG -   INFO  ExtractBinaryInfo.py> Writing 2 rows to .\Malware_sample_exe_output\Malware_sample_exe_cross_refs\Malware_sample_exe_00408040_bss_refs.csv... (GhidraScript)  
2025-12-07 20:43:43,887 - ghidra_adapter - DEBUG -   INFO  ExtractBinaryInfo.py> Writing 2 rows to .\Malware_sample_exe_output\Malware_sample_exe_cross_refs\Malware_sample_exe_00408040_initialized_refs.csv... (GhidraScript)  
2025-12-07 20:43:43,888 - ghidra_adapter - DEBUG -   INFO  ExtractBinaryInfo.py> Writing 2 rows to .\Malware_sample_exe_output\Malware_sample_exe_cross_refs\Malware_sample_exe_00408050_bss_refs.csv... (GhidraScript)  
2025-12-07 20:43:43,888 - ghidra_adapter - DEBUG -   INFO  ExtractBinaryInfo.py> Writing 2 rows to .\Malware_sample_exe_output\Malware_sample_exe_cross_refs\Malware_sample_exe_00408050_mingw_initcharmax_refs.csv... (GhidraScript)  
2025-12-07 20:43:43,888 - ghidra_adapter - DEBUG -   INFO  ExtractBinaryInfo.py> Writing 4 rows to .\Malware_sample_exe_output\Malware_sample_exe_cross_refs\Malware_sample_exe_00408060_bss_refs.csv... (GhidraScript)  
2025-12-07 20:43:43,888 - ghidra_adapter - DEBUG -   INFO  ExtractBinaryInfo.py> Writing 4 rows to .\Malware_sample_exe_output\Malware_sample_exe_cross_refs\Malware_sample_exe_00408060_GS_ContextRecord_refs.csv... (GhidraScript)  
2025-12-07 20:43:43,888 - ghidra_adapter - DEBUG -   INFO  ExtractBinaryInfo.py> Writing 2 rows to .\Malware_sample_exe_output\Malware_sample_exe_cross_refs\Malware_sample_exe_00408540_GS_ExceptionRecord_refs.csv... (GhidraScript)  
2025-12-07 20:43:43,888 - ghidra_adapter - DEBUG -   INFO  ExtractBinaryInfo.py> Writing 2 rows to .\Malware_sample_exe_output\Malware_sample_exe_cross_refs\Malware_sample_exe_004085e0_bss_refs.csv... (GhidraScript)  
2025-12-07 20:43:43,888 - ghidra_adapter - DEBUG -   INFO  ExtractBinaryInfo.py> Writing 2 rows to .\Malware_sample_exe_output\Malware_sample_exe_cross_refs\Malware_sample_exe_004085e0_newmode_refs.csv... (GhidraScript)  
2025-12-07 20:43:43,888 - ghidra_adapter - DEBUG -   INFO  ExtractBinaryInfo.py> Writing 2 rows to .\Malware_sample_exe_output\Malware_sample_exe_cross_refs\Malware_sample_exe_004085f0_bss_refs.csv... (GhidraScript)  
2025-12-07 20:43:43,888 - ghidra_adapter - DEBUG -   INFO  ExtractBinaryInfo.py> Writing 2 rows to .\Malware_sample_exe_output\Malware_sample_exe_cross_refs\Malware_sample_exe_004085f0_mingw_initltssuo_force_refs.csv... (GhidraScript)  
2025-12-07 20:43:43,888 - ghidra_adapter - DEBUG -   INFO  ExtractBinaryInfo.py> Writing 2 rows to .\Malware_sample_exe_output\Malware_sample_exe_cross_refs\Malware_sample_exe_004085f4_mingw_initltsdyn_force_refs.csv... (GhidraScript)  
2025-12-07 20:43:43,888 - ghidra_adapter - DEBUG -   INFO  ExtractBinaryInfo.py> Writing 2 rows to .\Malware_sample_exe_output\Malware_sample_exe_cross_refs\Malware_sample_exe_004085f8_mingw_initltsdrot_force_refs.csv... (GhidraScript)  
2025-12-07 20:43:43,888 - ghidra_adapter - DEBUG -   INFO  ExtractBinaryInfo.py> Writing 2 rows to .\Malware_sample_exe_output\Malware_sample_exe_cross_refs\Malware_sample_exe_00408600_bss_refs.csv... (GhidraScript)  
2025-12-07 20:43:43,888 - ghidra_adapter - DEBUG -   INFO  ExtractBinaryInfo.py> Writing 2 rows to .\Malware_sample_exe_output\Malware_sample_exe_cross_refs\Malware_sample_exe_00408600_stUserMathErr_refs.csv... (GhidraScript)  
2025-12-07 20:43:43,888 - ghidra_adapter - DEBUG -   INFO  ExtractBinaryInfo.py> Writing 6 rows to .\Malware_sample_exe_output\Malware_sample_exe_cross_refs\Malware_sample_exe_00408610_bss_refs.csv... (GhidraScript)  
2025-12-07 20:43:43,888 - ghidra_adapter - DEBUG -   INFO  ExtractBinaryInfo.py> Writing 6 rows to .\Malware_sample_exe_output\Malware_sample_exe_cross_refs\Malware_sample_exe_00408610_mingw_app_type_refs.csv... (GhidraScript)  
2025-12-07 20:43:43,888 - ghidra_adapter - DEBUG -   INFO  ExtractBinaryInfo.py> Writing 2 rows to .\Malware_sample_exe_output\Malware_sample_exe_cross_refs\Malware_sample_exe_00408620_was_init_95174_refs.csv... (GhidraScript)  
2025-12-07 20:43:43,888 - ghidra_adapter - DEBUG -   INFO  ExtractBinaryInfo.py> Writing 2 rows to .\Malware_sample_exe_output\Malware_sample_exe_cross_refs\Malware_sample_exe_00408620_bss_refs.csv... (GhidraScript)  
2025-12-07 20:43:43,890 - ghidra_adapter - DEBUG -   INFO  ExtractBinaryInfo.py> Writing 5 rows to .\Malware_sample_exe_output\Malware_sample_exe_cross_refs\Malware_sample_exe_00408624_maxSections_refs.csv... (GhidraScript)  
2025-12-07 20:43:43,890 - ghidra_adapter - DEBUG -   INFO  ExtractBinaryInfo.py> Writing 7 rows to .\Malware_sample_exe_output\Malware_sample_exe_cross_refs\Malware_sample_exe_00408628_the_secs_refs.csv... (GhidraScript)  
2025-12-07 20:43:43,890 - ghidra_adapter - DEBUG -   INFO  ExtractBinaryInfo.py> Writing 2 rows to .\Malware_sample_exe_output\Malware_sample_exe_cross_refs\Malware_sample_exe_00408630_bss_refs.csv... (GhidraScript)  
2025-12-07 20:43:43,890 - ghidra_adapter - DEBUG -   INFO  ExtractBinaryInfo.py> Writing 2 rows to .\Malware_sample_exe_output\Malware_sample_exe_cross_refs\Malware_sample_exe_00408630_fmode_refs.csv... (GhidraScript)  
2025-12-07 20:43:43,890 - ghidra_adapter - DEBUG -   INFO  ExtractBinaryInfo.py> Writing 4 rows to .\Malware_sample_exe_output\Malware_sample_exe_cross_refs\Malware_sample_exe_00408640_bss_refs.csv... (GhidraScript)  
2025-12-07 20:43:43,890 - ghidra_adapter - DEBUG -   INFO  ExtractBinaryInfo.py> Writing 4 rows to .\Malware_sample_exe_output\Malware_sample_exe_cross_refs\Malware_sample_exe_00408640_mingw_oldexcpt_handler_refs.csv... (GhidraScript)  
2025-12-07 20:43:43,890 - ghidra_adapter - DEBUG -   INFO  ExtractBinaryInfo.py> Writing 2 rows to .\Malware_sample_exe_output\Malware_sample_exe_cross_refs\Malware_sample_exe_00408648_was_here_95013_refs.csv... (GhidraScript)  
2025-12-07 20:43:43,890 - ghidra_adapter - DEBUG -   INFO  ExtractBinaryInfo.py> Writing 3 rows to .\Malware_sample_exe_output\Malware_sample_exe_cross_refs\Malware_sample_exe_00408660_emu_xdata_refs.csv... (GhidraScript)  
2025-12-07 20:43:43,890 - ghidra_adapter - DEBUG -   INFO  ExtractBinaryInfo.py> Writing 4 rows to .\Malware_sample_exe_output\Malware_sample_exe_cross_refs\Malware_sample_exe_00408760_emu_pdata_refs.csv... (GhidraScript)  
2025-12-07 20:43:43,890 - ghidra_adapter - DEBUG -   INFO  ExtractBinaryInfo.py> Writing 7 rows to .\Malware_sample_exe_output\Malware_sample_exe_cross_refs\Malware_sample_exe_004088e0_key_dtor_list_refs.csv... (GhidraScript)  
2025-12-07 20:43:43,890 - ghidra_adapter - DEBUG -   INFO  ExtractBinaryInfo.py> Writing 7 rows to .\Malware_sample_exe_output\Malware_sample_exe_cross_refs\Malware_sample_exe_004088e0_bss_refs.csv... (GhidraScript)  
2025-12-07 20:43:43,890 - ghidra_adapter - DEBUG -   INFO  ExtractBinaryInfo.py> Writing 8 rows to .\Malware_sample_exe_output\Malware_sample_exe_cross_refs\Malware_sample_exe_004088e8_mingwthr_cs_init_refs.csv... (GhidraScript)  
2025-12-07 20:43:43,890 - ghidra_adapter - DEBUG -   INFO  ExtractBinaryInfo.py> Writing 9 rows to .\Malware_sample_exe_output\Malware_sample_exe_cross_refs\Malware_sample_exe_00408900_mingwthr_cs_refs.csv... (GhidraScript)  
2025-12-07 20:43:43,890 - ghidra_adapter - DEBUG -   INFO  ExtractBinaryInfo.py> Writing 2 rows to .\Malware_sample_exe_output\Malware_sample_exe_cross_refs\Malware_sample_exe_00408950_bss_refs.csv... (GhidraScript)  
2025-12-07 20:43:43,890 - ghidra_adapter - DEBUG -   INFO  ExtractBinaryInfo.py> Writing 2 rows to .\Malware_sample_exe_output\Malware_sample_exe_cross_refs\Malware_sample_exe_00408950_handler_refs.csv... (GhidraScript)  
2025-12-07 20:43:43,891 - ghidra_adapter - DEBUG -   INFO  ExtractBinaryInfo.py> Writing 1 rows to .\Malware_sample_exe_output\Malware_sample_exe_cross_refs\Malware_sample_exe_00408960_bss_refs.csv... (GhidraScript)  
2025-12-07 20:43:43,891 - ghidra_adapter - DEBUG -   INFO  ExtractBinaryInfo.py> Writing 1 rows to .\Malware_sample_exe_output\Malware_sample_exe_cross_refs\Malware_sample_exe_00408960_mingw_winmain_lpCmdLine_refs.csv... (GhidraScript)  
2025-12-07 20:43:43,891 - ghidra_adapter - DEBUG -   INFO  ExtractBinaryInfo.py> Writing 1 rows to .\Malware_sample_exe_output\Malware_sample_exe_cross_refs\Malware_sample_exe_00408968_mingw_winmain_hInstance_refs.csv... (GhidraScript)  
2025-12-07 20:43:43,891 - ghidra_adapter - DEBUG -   INFO  ExtractBinaryInfo.py> Writing 8 rows to .\Malware_sample_exe_output\Malware_sample_exe_cross_refs\Malware_sample_exe_00408970_native_startup_state_refs.csv... (GhidraScript)  
2025-12-07 20:43:43,891 - ghidra_adapter - DEBUG -   INFO  ExtractBinaryInfo.py> Writing 3 rows to .\Malware_sample_exe_output\Malware_sample_exe_cross_refs\Malware_sample_exe_00408978_native_startup_lock_refs.csv... (GhidraScript)  
2025-12-07 20:43:43,891 - ghidra_adapter - DEBUG -   INFO  ExtractBinaryInfo.py> Writing 8 rows to .\Malware_sample_exe_output\Malware_sample_exe_cross_refs\Malware_sample_exe_00409318_idata_5_refs.csv... (GhidraScript)  
2025-12-07 20:43:43,891 - ghidra_adapter - DEBUG -   INFO  ExtractBinaryInfo.py> Writing 8 rows to .\Malware_sample_exe_output\Malware_sample_exe_cross_refs\Malware_sample_exe_00409318_fthunk_refs.csv... (GhidraScript)  
2025-12-07 20:43:43,891 - ghidra_adapter - DEBUG -   INFO  ExtractBinaryInfo.py> Writing 8 rows to .\Malware_sample_exe_output\Malware_sample_exe_cross_refs\Malware_sample_exe_00409318_IAT_start_refs.csv... (GhidraScript)  
2025-12-07 20:43:43,891 - ghidra_adapter - DEBUG -   INFO  ExtractBinaryInfo.py> Writing 8 rows to .\Malware_sample_exe_output\Malware_sample_exe_cross_refs\Malware_sample_exe_00409318_imp_RegCloseKey_refs.csv... (GhidraScript)  
2025-12-07 20:43:43,891 - ghidra_adapter - DEBUG -   INFO  ExtractBinaryInfo.py> Writing 6 rows to .\Malware_sample_exe_output\Malware_sample_exe_cross_refs\Malware_sample_exe_00409320_idata_5_refs.csv... (GhidraScript)  
2025-12-07 20:43:43,891 - ghidra_adapter - DEBUG -   INFO  ExtractBinaryInfo.py> Writing 6 rows to .\Malware_sample_exe_output\Malware_sample_exe_cross_refs\Malware_sample_exe_00409320_imp_RegCreateKeyA_refs.csv... (GhidraScript)  
2025-12-07 20:43:43,892 - ghidra_adapter - DEBUG -   INFO  ExtractBinaryInfo.py> Writing 3 rows to .\Malware_sample_exe_output\Malware_sample_exe_cross_refs\Malware_sample_exe_00409328_idata_5_refs.csv... (GhidraScript)  
2025-12-07 20:43:43,892 - ghidra_adapter - DEBUG -   INFO  ExtractBinaryInfo.py> Writing 3 rows to .\Malware_sample_exe_output\Malware_sample_exe_cross_refs\Malware_sample_exe_00409328_imp_RegOpenKeyExA_refs.csv... (GhidraScript)  
2025-12-07 20:43:43,892 - ghidra_adapter - DEBUG -   INFO  ExtractBinaryInfo.py> Writing 2 rows to .\Malware_sample_exe_output\Malware_sample_exe_cross_refs\Malware_sample_exe_00409330_idata_5_refs.csv... (GhidraScript)  
2025-12-07 20:43:43,892 - ghidra_adapter - DEBUG -   INFO  ExtractBinaryInfo.py> Writing 2 rows to .\Malware_sample_exe_output\Malware_sample_exe_cross_refs\Malware_sample_exe_00409330_imp_RegQueryValueExA_refs.csv... (GhidraScript)  
2025-12-07 20:43:43,892 - ghidra_adapter - DEBUG -   INFO  ExtractBinaryInfo.py> Writing 8 rows to .\Malware_sample_exe_output\Malware_sample_exe_cross_refs\Malware_sample_exe_00409338_idata_5_refs.csv... (GhidraScript)  
2025-12-07 20:43:43,892 - ghidra_adapter - DEBUG -   INFO  ExtractBinaryInfo.py> Writing 8 rows to .\Malware_sample_exe_output\Malware_sample_exe_cross_refs\Malware_sample_exe_00409338_imp_RegSetValueExA_refs.csv... (GhidraScript)  
2025-12-07 20:43:43,892 - ghidra_adapter - DEBUG -   INFO  ExtractBinaryInfo.py> Writing 3 rows to .\Malware_sample_exe_output\Malware_sample_exe_cross_refs\Malware_sample_exe_00409348_idata_5_refs.csv... (GhidraScript)  
2025-12-07 20:43:43,892 - ghidra_adapter - DEBUG -   INFO  ExtractBinaryInfo.py> Writing 3 rows to .\Malware_sample_exe_output\Malware_sample_exe_cross_refs\Malware_sample_exe_00409348_fthunk_refs.csv... (GhidraScript)  
2025-12-07 20:43:43,892 - ghidra_adapter - DEBUG -   INFO  ExtractBinaryInfo.py> Writing 3 rows to .\Malware_sample_exe_output\Malware_sample_exe_cross_refs\Malware_sample_exe_00409348_imp_CopyFileA_refs.csv... (GhidraScript)  
2025-12-07 20:43:43,892 - ghidra_adapter - DEBUG -   INFO  ExtractBinaryInfo.py> Writing 3 rows to .\Malware_sample_exe_output\Malware_sample_exe_cross_refs\Malware_sample_exe_00409350_idata_5_refs.csv... (GhidraScript)  
2025-12-07 20:43:43,892 - ghidra_adapter - DEBUG -   INFO  ExtractBinaryInfo.py> Writing 3 rows to .\Malware_sample_exe_output\Malware_sample_exe_cross_refs\Malware_sample_exe_00409350_imp_DefineDosDeviceA_refs.csv... (GhidraScript)  
2025-12-07 20:43:43,893 - ghidra_adapter - DEBUG -   INFO  ExtractBinaryInfo.py> Writing 2 rows to .\Malware_sample_exe_output\Malware_sample_exe_cross_refs\Malware_sample_exe_00409358_idata_5_refs.csv... (GhidraScript)  
2025-12-07 20:43:43,893 - ghidra_adapter - DEBUG -   INFO  ExtractBinaryInfo.py> Writing 2 rows to .\Malware_sample_exe_output\Malware_sample_exe_cross_refs\Malware_sample_exe_00409358_imp_DeleteCriticalSection_refs.csv... (GhidraScript)  
2025-12-07 20:43:43,893 - ghidra_adapter - DEBUG -   INFO  ExtractBinaryInfo.py> Writing 4 rows to .\Malware_sample_exe_output\Malware_sample_exe_cross_refs\Malware_sample_exe_00409360_idata_5_refs.csv... (GhidraScript)  
2025-12-07 20:43:43,893 - ghidra_adapter - DEBUG -   INFO  ExtractBinaryInfo.py> Writing 4 rows to .\Malware_sample_exe_output\Malware_sample_exe_cross_refs\Malware_sample_exe_00409360_imp_EnterCriticalSection_refs.csv... (GhidraScript)  
2025-12-07 20:43:43,893 - ghidra_adapter - DEBUG -   INFO  ExtractBinaryInfo.py> Writing 2 rows to .\Malware_sample_exe_output\Malware_sample_exe_cross_refs\Malware_sample_exe_00409368_idata_5_refs.csv... (GhidraScript)  
2025-12-07 20:43:43,893 - ghidra_adapter - DEBUG -   INFO  ExtractBinaryInfo.py> Writing 2 rows to .\Malware_sample_exe_output\Malware_sample_exe_cross_refs\Malware_sample_exe_00409368_imp_GetCurrentProcess_refs.csv... (GhidraScript)  
2025-12-07 20:43:43,893 - ghidra_adapter - DEBUG -   INFO  ExtractBinaryInfo.py> Writing 2 rows to .\Malware_sample_exe_output\Malware_sample_exe_cross_refs\Malware_sample_exe_00409370_idata_5_refs.csv... (GhidraScript)  
2025-12-07 20:43:43,893 - ghidra_adapter - DEBUG -   INFO  ExtractBinaryInfo.py> Writing 2 rows to .\Malware_sample_exe_output\Malware_sample_exe_cross_refs\Malware_sample_exe_00409370_imp_GetCurrentProcessId_refs.csv... (GhidraScript)  
2025-12-07 20:43:43,893 - ghidra_adapter - DEBUG -   INFO  ExtractBinaryInfo.py> Writing 2 rows to .\Malware_sample_exe_output\Malware_sample_exe_cross_refs\Malware_sample_exe_00409378_idata_5_refs.csv... (GhidraScript)  
2025-12-07 20:43:43,893 - ghidra_adapter - DEBUG -   INFO  ExtractBinaryInfo.py> Writing 2 rows to .\Malware_sample_exe_output\Malware_sample_exe_cross_refs\Malware_sample_exe_00409378_imp_GetCurrentThreadId_refs.csv... (GhidraScript)  
2025-12-07 20:43:43,893 - ghidra_adapter - DEBUG -   INFO  ExtractBinaryInfo.py> Writing 3 rows to .\Malware_sample_exe_output\Malware_sample_exe_cross_refs\Malware_sample_exe_00409380_idata_5_refs.csv... (GhidraScript)  
2025-12-07 20:43:43,893 - ghidra_adapter - DEBUG -   INFO  ExtractBinaryInfo.py> Writing 3 rows to .\Malware_sample_exe_output\Malware_sample_exe_cross_refs\Malware_sample_exe_00409380_imp_GetLastError_refs.csv... (GhidraScript)  
2025-12-07 20:43:43,894 - ghidra_adapter - DEBUG -   INFO  ExtractBinaryInfo.py> Writing 4 rows to .\Malware_sample_exe_output\Malware_sample_exe_cross_refs\Malware_sample_exe_00409388_idata_5_refs.csv... (GhidraScript)  
2025-12-07 20:43:43,894 - ghidra_adapter - DEBUG -   INFO  ExtractBinaryInfo.py> Writing 4 rows to .\Malware_sample_exe_output\Malware_sample_exe_cross_refs\Malware_sample_exe_00409388_imp_GetModuleFileNameA_refs.csv... (GhidraScript)  
2025-12-07 20:43:43,894 - ghidra_adapter - DEBUG -   INFO  ExtractBinaryInfo.py> Writing 2 rows to .\Malware_sample_exe_output\Malware_sample_exe_cross_refs\Malware_sample_exe_00409390_idata_5_refs.csv... (GhidraScript)  
2025-12-07 20:43:43,894 - ghidra_adapter - DEBUG -   INFO  ExtractBinaryInfo.py> Writing 2 rows to .\Malware_sample_exe_output\Malware_sample_exe_cross_refs\Malware_sample_exe_00409390_imp_GetStartupInfoA_refs.csv... (GhidraScript)  
2025-12-07 20:43:43,894 - ghidra_adapter - DEBUG -   INFO  ExtractBinaryInfo.py> Writing 2 rows to .\Malware_sample_exe_output\Malware_sample_exe_cross_refs\Malware_sample_exe_00409398_idata_5_refs.csv... (GhidraScript)  
2025-12-07 20:43:43,894 - ghidra_adapter - DEBUG -   INFO  ExtractBinaryInfo.py> Writing 2 rows to .\Malware_sample_exe_output\Malware_sample_exe_cross_refs\Malware_sample_exe_00409398_imp_GetSystemDirectoryA_refs.csv... (GhidraScript)  
2025-12-07 20:43:43,894 - ghidra_adapter - DEBUG -   INFO  ExtractBinaryInfo.py> Writing 2 rows to .\Malware_sample_exe_output\Malware_sample_exe_cross_refs\Malware_sample_exe_004093a0_idata_5_refs.csv... (GhidraScript)  
2025-12-07 20:43:43,894 - ghidra_adapter - DEBUG -   INFO  ExtractBinaryInfo.py> Writing 2 rows to .\Malware_sample_exe_output\Malware_sample_exe_cross_refs\Malware_sample_exe_004093a0_imp_GetSystemTimeAsFileTime_refs.csv... (GhidraScript)  
2025-12-07 20:43:43,894 - ghidra_adapter - DEBUG -   INFO  ExtractBinaryInfo.py> Writing 2 rows to .\Malware_sample_exe_output\Malware_sample_exe_cross_refs\Malware_sample_exe_004093a8_idata_5_refs.csv... (GhidraScript)  
2025-12-07 20:43:43,894 - ghidra_adapter - DEBUG -   INFO  ExtractBinaryInfo.py> Writing 2 rows to .\Malware_sample_exe_output\Malware_sample_exe_cross_refs\Malware_sample_exe_004093a8_imp_GetTickCount_refs.csv... (GhidraScript)  
2025-12-07 20:43:43,894 - ghidra_adapter - DEBUG -   INFO  ExtractBinaryInfo.py> Writing 2 rows to .\Malware_sample_exe_output\Malware_sample_exe_cross_refs\Malware_sample_exe_004093b0_idata_5_refs.csv... (GhidraScript)  
2025-12-07 20:43:43,894 - ghidra_adapter - DEBUG -   INFO  ExtractBinaryInfo.py> Writing 2 rows to .\Malware_sample_exe_output\Malware_sample_exe_cross_refs\Malware_sample_exe_004093b0_imp_InitializeCriticalSection_refs.csv... (GhidraScript)  
2025-12-07 20:43:43,895 - ghidra_adapter - DEBUG -   INFO  ExtractBinaryInfo.py> Writing 5 rows to .\Malware_sample_exe_output\Malware_sample_exe_cross_refs\Malware_sample_exe_004093b8_idata_5_refs.csv... (GhidraScript)  
2025-12-07 20:43:43,895 - ghidra_adapter - DEBUG -   INFO  ExtractBinaryInfo.py> Writing 5 rows to .\Malware_sample_exe_output\Malware_sample_exe_cross_refs\Malware_sample_exe_004093b8_imp_LeaveCriticalSection_refs.csv... (GhidraScript)  
2025-12-07 20:43:43,895 - ghidra_adapter - DEBUG -   INFO  ExtractBinaryInfo.py> Writing 2 rows to .\Malware_sample_exe_output\Malware_sample_exe_cross_refs\Malware_sample_exe_004093c0_idata_5_refs.csv... (GhidraScript)  
2025-12-07 20:43:43,895 - ghidra_adapter - DEBUG -   INFO  ExtractBinaryInfo.py> Writing 2 rows to .\Malware_sample_exe_output\Malware_sample_exe_cross_refs\Malware_sample_exe_004093c0_imp_QueryPerformanceCounter_refs.csv... (GhidraScript)  
2025-12-07 20:43:43,895 - ghidra_adapter - DEBUG -   INFO  ExtractBinaryInfo.py> Writing 2 rows to .\Malware_sample_exe_output\Malware_sample_exe_cross_refs\Malware_sample_exe_004093c8_idata_5_refs.csv... (GhidraScript)  
2025-12-07 20:43:43,895 - ghidra_adapter - DEBUG -   INFO  ExtractBinaryInfo.py> Writing 2 rows to .\Malware_sample_exe_output\Malware_sample_exe_cross_refs\Malware_sample_exe_004093c8_imp_RtlAddFunctionTable_refs.csv... (GhidraScript)  
2025-12-07 20:43:43,895 - ghidra_adapter - DEBUG -   INFO  ExtractBinaryInfo.py> Writing 2 rows to .\Malware_sample_exe_output\Malware_sample_exe_cross_refs\Malware_sample_exe_004093d0_idata_5_refs.csv... (GhidraScript)  
2025-12-07 20:43:43,895 - ghidra_adapter - DEBUG -   INFO  ExtractBinaryInfo.py> Writing 2 rows to .\Malware_sample_exe_output\Malware_sample_exe_cross_refs\Malware_sample_exe_004093d0_imp_RtlCaptureContext_refs.csv... (GhidraScript)  
2025-12-07 20:43:43,895 - ghidra_adapter - DEBUG -   INFO  ExtractBinaryInfo.py> Writing 2 rows to .\Malware_sample_exe_output\Malware_sample_exe_cross_refs\Malware_sample_exe_004093d8_idata_5_refs.csv... (GhidraScript)  
2025-12-07 20:43:43,895 - ghidra_adapter - DEBUG -   INFO  ExtractBinaryInfo.py> Writing 2 rows to .\Malware_sample_exe_output\Malware_sample_exe_cross_refs\Malware_sample_exe_004093d8_imp_RtlLookupFunctionEntry_refs.csv... (GhidraScript)  
2025-12-07 20:43:43,895 - ghidra_adapter - DEBUG -   INFO  ExtractBinaryInfo.py> Writing 2 rows to .\Malware_sample_exe_output\Malware_sample_exe_cross_refs\Malware_sample_exe_004093e0_idata_5_refs.csv... (GhidraScript)  
2025-12-07 20:43:43,895 - ghidra_adapter - DEBUG -   INFO  ExtractBinaryInfo.py> Writing 2 rows to .\Malware_sample_exe_output\Malware_sample_exe_cross_refs\Malware_sample_exe_004093e0_imp_RtlVirtualUnwind_refs.csv... (GhidraScript)  
2025-12-07 20:43:43,895 - ghidra_adapter - DEBUG -   INFO  ExtractBinaryInfo.py> Writing 3 rows to .\Malware_sample_exe_output\Malware_sample_exe_cross_refs\Malware_sample_exe_004093e8_idata_5_refs.csv... (GhidraScript)  
2025-12-07 20:43:43,895 - ghidra_adapter - DEBUG -   INFO  ExtractBinaryInfo.py> Writing 3 rows to .\Malware_sample_exe_output\Malware_sample_exe_cross_refs\Malware_sample_exe_004093e8_imp_SetUnhandledExceptionFilter_refs.csv... (GhidraScript)  
2025-12-07 20:43:43,896 - ghidra_adapter - DEBUG -   INFO  ExtractBinaryInfo.py> Writing 4 rows to .\Malware_sample_exe_output\Malware_sample_exe_cross_refs\Malware_sample_exe_004093f0_idata_5_refs.csv... (GhidraScript)  
2025-12-07 20:43:43,896 - ghidra_adapter - DEBUG -   INFO  ExtractBinaryInfo.py> Writing 4 rows to .\Malware_sample_exe_output\Malware_sample_exe_cross_refs\Malware_sample_exe_004093f0_imp_Sleep_refs.csv... (GhidraScript)  
2025-12-07 20:43:43,896 - ghidra_adapter - DEBUG -   INFO  ExtractBinaryInfo.py> Writing 2 rows to .\Malware_sample_exe_output\Malware_sample_exe_cross_refs\Malware_sample_exe_004093f8_idata_5_refs.csv... (GhidraScript)  
2025-12-07 20:43:43,896 - ghidra_adapter - DEBUG -   INFO  ExtractBinaryInfo.py> Writing 2 rows to .\Malware_sample_exe_output\Malware_sample_exe_cross_refs\Malware_sample_exe_004093f8_imp_TerminateProcess_refs.csv... (GhidraScript)  
2025-12-07 20:43:43,896 - ghidra_adapter - DEBUG -   INFO  ExtractBinaryInfo.py> Writing 2 rows to .\Malware_sample_exe_output\Malware_sample_exe_cross_refs\Malware_sample_exe_00409400_idata_5_refs.csv... (GhidraScript)  
2025-12-07 20:43:43,896 - ghidra_adapter - DEBUG -   INFO  ExtractBinaryInfo.py> Writing 2 rows to .\Malware_sample_exe_output\Malware_sample_exe_cross_refs\Malware_sample_exe_00409400_imp_TlsGetValue_refs.csv... (GhidraScript)  
2025-12-07 20:43:43,896 - ghidra_adapter - DEBUG -   INFO  ExtractBinaryInfo.py> Writing 2 rows to .\Malware_sample_exe_output\Malware_sample_exe_cross_refs\Malware_sample_exe_00409408_idata_5_refs.csv... (GhidraScript)  
2025-12-07 20:43:43,896 - ghidra_adapter - DEBUG -   INFO  ExtractBinaryInfo.py> Writing 2 rows to .\Malware_sample_exe_output\Malware_sample_exe_cross_refs\Malware_sample_exe_00409408_imp_UnhandledExceptionFilter_refs.csv... (GhidraScript)  
2025-12-07 20:43:43,896 - ghidra_adapter - DEBUG -   INFO  ExtractBinaryInfo.py> Writing 3 rows to .\Malware_sample_exe_output\Malware_sample_exe_cross_refs\Malware_sample_exe_00409410_idata_5_refs.csv... (GhidraScript)  
2025-12-07 20:43:43,897 - ghidra_adapter - DEBUG -   INFO  ExtractBinaryInfo.py> Writing 3 rows to .\Malware_sample_exe_output\Malware_sample_exe_cross_refs\Malware_sample_exe_00409410_imp_VirtualProtect_refs.csv... (GhidraScript)  
2025-12-07 20:43:43,897 - ghidra_adapter - DEBUG -   INFO  ExtractBinaryInfo.py> Writing 2 rows to .\Malware_sample_exe_output\Malware_sample_exe_cross_refs\Malware_sample_exe_00409418_idata_5_refs.csv... (GhidraScript)  
2025-12-07 20:43:43,897 - ghidra_adapter - DEBUG -   INFO  ExtractBinaryInfo.py> Writing 2 rows to .\Malware_sample_exe_output\Malware_sample_exe_cross_refs\Malware_sample_exe_00409418_imp_VirtualQuery_refs.csv... (GhidraScript)  
2025-12-07 20:43:43,897 - ghidra_adapter - DEBUG -   INFO  ExtractBinaryInfo.py> Writing 1 rows to .\Malware_sample_exe_output\Malware_sample_exe_cross_refs\Malware_sample_exe_00409428_idata_5_refs.csv... (GhidraScript)  
2025-12-07 20:43:43,897 - ghidra_adapter - DEBUG -   INFO  ExtractBinaryInfo.py> Writing 1 rows to .\Malware_sample_exe_output\Malware_sample_exe_cross_refs\Malware_sample_exe_00409428_fthunk_refs.csv... (GhidraScript)  
2025-12-07 20:43:43,897 - ghidra_adapter - DEBUG -   INFO  ExtractBinaryInfo.py> Writing 1 rows to .\Malware_sample_exe_output\Malware_sample_exe_cross_refs\Malware_sample_exe_00409428_imp_C_specific_handler_refs.csv... (GhidraScript)  
2025-12-07 20:43:43,897 - ghidra_adapter - DEBUG -   INFO  ExtractBinaryInfo.py> Writing 1 rows to .\Malware_sample_exe_output\Malware_sample_exe_cross_refs\Malware_sample_exe_00409430_idata_5_refs.csv... (GhidraScript)  
2025-12-07 20:43:43,897 - ghidra_adapter - DEBUG -   INFO  ExtractBinaryInfo.py> Writing 1 rows to .\Malware_sample_exe_output\Malware_sample_exe_cross_refs\Malware_sample_exe_00409430_imp_getmainargs_refs.csv... (GhidraScript)  
2025-12-07 20:43:43,897 - ghidra_adapter - DEBUG -   INFO  ExtractBinaryInfo.py> Writing 2 rows to .\Malware_sample_exe_output\Malware_sample_exe_cross_refs\Malware_sample_exe_00409438_idata_5_refs.csv... (GhidraScript)  
2025-12-07 20:43:43,897 - ghidra_adapter - DEBUG -   INFO  ExtractBinaryInfo.py> Writing 2 rows to .\Malware_sample_exe_output\Malware_sample_exe_cross_refs\Malware_sample_exe_00409438_imp_initenv_refs.csv... (GhidraScript)  
2025-12-07 20:43:43,897 - ghidra_adapter - DEBUG -   INFO  ExtractBinaryInfo.py> Writing 1 rows to .\Malware_sample_exe_output\Malware_sample_exe_cross_refs\Malware_sample_exe_00409440_idata_5_refs.csv... (GhidraScript)  
2025-12-07 20:43:43,897 - ghidra_adapter - DEBUG -   INFO  ExtractBinaryInfo.py> Writing 1 rows to .\Malware_sample_exe_output\Malware_sample_exe_cross_refs\Malware_sample_exe_00409440_imp_iob_func_refs.csv... (GhidraScript)  
2025-12-07 20:43:43,898 - ghidra_adapter - DEBUG -   INFO  ExtractBinaryInfo.py> Writing 2 rows to .\Malware_sample_exe_output\Malware_sample_exe_cross_refs\Malware_sample_exe_00409448_idata_5_refs.csv... (GhidraScript)  
2025-12-07 20:43:43,898 - ghidra_adapter - DEBUG -   INFO  ExtractBinaryInfo.py> Writing 2 rows to .\Malware_sample_exe_output\Malware_sample_exe_cross_refs\Malware_sample_exe_00409448_imp_lconv_init_refs.csv... (GhidraScript)  
2025-12-07 20:43:43,898 - ghidra_adapter - DEBUG -   INFO  ExtractBinaryInfo.py> Writing 1 rows to .\Malware_sample_exe_output\Malware_sample_exe_cross_refs\Malware_sample_exe_00409450_idata_5_refs.csv... (GhidraScript)  
2025-12-07 20:43:43,898 - ghidra_adapter - DEBUG -   INFO  ExtractBinaryInfo.py> Writing 1 rows to .\Malware_sample_exe_output\Malware_sample_exe_cross_refs\Malware_sample_exe_00409450_imp_set_app_type_refs.csv... (GhidraScript)  
2025-12-07 20:43:43,898 - ghidra_adapter - DEBUG -   INFO  ExtractBinaryInfo.py> Writing 1 rows to .\Malware_sample_exe_output\Malware_sample_exe_cross_refs\Malware_sample_exe_00409458_idata_5_refs.csv... (GhidraScript)  
2025-12-07 20:43:43,898 - ghidra_adapter - DEBUG -   INFO  ExtractBinaryInfo.py> Writing 1 rows to .\Malware_sample_exe_output\Malware_sample_exe_cross_refs\Malware_sample_exe_00409458_imp_setusermatherr_refs.csv... (GhidraScript)  
2025-12-07 20:43:43,898 - ghidra_adapter - DEBUG -   INFO  ExtractBinaryInfo.py> Writing 2 rows to .\Malware_sample_exe_output\Malware_sample_exe_cross_refs\Malware_sample_exe_00409460_idata_5_refs.csv... (GhidraScript)  
2025-12-07 20:43:43,898 - ghidra_adapter - DEBUG -   INFO  ExtractBinaryInfo.py> Writing 2 rows to .\Malware_sample_exe_output\Malware_sample_exe_cross_refs\Malware_sample_exe_00409460_imp_acmdln_refs.csv... (GhidraScript)  
2025-12-07 20:43:43,898 - ghidra_adapter - DEBUG -   INFO  ExtractBinaryInfo.py> Writing 1 rows to .\Malware_sample_exe_output\Malware_sample_exe_cross_refs\Malware_sample_exe_00409468_idata_5_refs.csv... (GhidraScript)  
2025-12-07 20:43:43,898 - ghidra_adapter - DEBUG -   INFO  ExtractBinaryInfo.py> Writing 1 rows to .\Malware_sample_exe_output\Malware_sample_exe_cross_refs\Malware_sample_exe_00409468_imp_amsg_exit_refs.csv... (GhidraScript)  
2025-12-07 20:43:43,898 - ghidra_adapter - DEBUG -   INFO  ExtractBinaryInfo.py> Writing 1 rows to .\Malware_sample_exe_output\Malware_sample_exe_cross_refs\Malware_sample_exe_00409470_idata_5_refs.csv... (GhidraScript)  
2025-12-07 20:43:43,899 - ghidra_adapter - DEBUG -   INFO  ExtractBinaryInfo.py> Writing 1 rows to .\Malware_sample_exe_output\Malware_sample_exe_cross_refs\Malware_sample_exe_00409470_imp_cexit_refs.csv... (GhidraScript)  
2025-12-07 20:43:43,899 - ghidra_adapter - DEBUG -   INFO  ExtractBinaryInfo.py> Writing 2 rows to .\Malware_sample_exe_output\Malware_sample_exe_cross_refs\Malware_sample_exe_00409478_idata_5_refs.csv... (GhidraScript)  
2025-12-07 20:43:43,899 - ghidra_adapter - DEBUG -   INFO  ExtractBinaryInfo.py> Writing 2 rows to .\Malware_sample_exe_output\Malware_sample_exe_cross_refs\Malware_sample_exe_00409478_imp_fmode_refs.csv... (GhidraScript)  
2025-12-07 20:43:43,899 - ghidra_adapter - DEBUG -   INFO  ExtractBinaryInfo.py> Writing 1 rows to .\Malware_sample_exe_output\Malware_sample_exe_cross_refs\Malware_sample_exe_00409480_idata_5_refs.csv... (GhidraScript)  
2025-12-07 20:43:43,899 - ghidra_adapter - DEBUG -   INFO  ExtractBinaryInfo.py> Writing 1 rows to .\Malware_sample_exe_output\Malware_sample_exe_cross_refs\Malware_sample_exe_00409480_imp_initterm_refs.csv... (GhidraScript)  
2025-12-07 20:43:43,899 - ghidra_adapter - DEBUG -   INFO  ExtractBinaryInfo.py> Writing 2 rows to .\Malware_sample_exe_output\Malware_sample_exe_cross_refs\Malware_sample_exe_00409488_idata_5_refs.csv... (GhidraScript)  
2025-12-07 20:43:43,899 - ghidra_adapter - DEBUG -   INFO  ExtractBinaryInfo.py> Writing 2 rows to .\Malware_sample_exe_output\Malware_sample_exe_cross_refs\Malware_sample_exe_00409488_imp_itoa_refs.csv... (GhidraScript)  
2025-12-07 20:43:43,899 - ghidra_adapter - DEBUG -   INFO  ExtractBinaryInfo.py> Writing 1 rows to .\Malware_sample_exe_output\Malware_sample_exe_cross_refs\Malware_sample_exe_00409490_idata_5_refs.csv... (GhidraScript)  
2025-12-07 20:43:43,899 - ghidra_adapter - DEBUG -   INFO  ExtractBinaryInfo.py> Writing 1 rows to .\Malware_sample_exe_output\Malware_sample_exe_cross_refs\Malware_sample_exe_00409490_imp_onexit_refs.csv... (GhidraScript)  
2025-12-07 20:43:43,900 - ghidra_adapter - DEBUG -   INFO  ExtractBinaryInfo.py> Writing 1 rows to .\Malware_sample_exe_output\Malware_sample_exe_cross_refs\Malware_sample_exe_00409498_idata_5_refs.csv... (GhidraScript)  
2025-12-07 20:43:43,900 - ghidra_adapter - DEBUG -   INFO  ExtractBinaryInfo.py> Writing 1 rows to .\Malware_sample_exe_output\Malware_sample_exe_cross_refs\Malware_sample_exe_00409498_imp_time_refs.csv... (GhidraScript)  
2025-12-07 20:43:43,900 - ghidra_adapter - DEBUG -   INFO  ExtractBinaryInfo.py> Writing 1 rows to .\Malware_sample_exe_output\Malware_sample_exe_cross_refs\Malware_sample_exe_004094a0_idata_5_refs.csv... (GhidraScript)  
2025-12-07 20:43:43,900 - ghidra_adapter - DEBUG -   INFO  ExtractBinaryInfo.py> Writing 1 rows to .\Malware_sample_exe_output\Malware_sample_exe_cross_refs\Malware_sample_exe_004094a0_imp_abort_refs.csv... (GhidraScript)  
2025-12-07 20:43:43,900 - ghidra_adapter - DEBUG -   INFO  ExtractBinaryInfo.py> Writing 1 rows to .\Malware_sample_exe_output\Malware_sample_exe_cross_refs\Malware_sample_exe_004094a8_idata_5_refs.csv... (GhidraScript)  
2025-12-07 20:43:43,900 - ghidra_adapter - DEBUG -   INFO  ExtractBinaryInfo.py> Writing 1 rows to .\Malware_sample_exe_output\Malware_sample_exe_cross_refs\Malware_sample_exe_004094a8_imp_calloc_refs.csv... (GhidraScript)  
2025-12-07 20:43:43,900 - ghidra_adapter - DEBUG -   INFO  ExtractBinaryInfo.py> Writing 1 rows to .\Malware_sample_exe_output\Malware_sample_exe_cross_refs\Malware_sample_exe_004094b0_idata_5_refs.csv... (GhidraScript)  
2025-12-07 20:43:43,900 - ghidra_adapter - DEBUG -   INFO  ExtractBinaryInfo.py> Writing 1 rows to .\Malware_sample_exe_output\Malware_sample_exe_cross_refs\Malware_sample_exe_004094b0_imp_exit_refs.csv... (GhidraScript)  
2025-12-07 20:43:43,900 - ghidra_adapter - DEBUG -   INFO  ExtractBinaryInfo.py> Writing 1 rows to .\Malware_sample_exe_output\Malware_sample_exe_cross_refs\Malware_sample_exe_004094b8_idata_5_refs.csv... (GhidraScript)  
2025-12-07 20:43:43,900 - ghidra_adapter - DEBUG -   INFO  ExtractBinaryInfo.py> Writing 1 rows to .\Malware_sample_exe_output\Malware_sample_exe_cross_refs\Malware_sample_exe_004094b8_imp_fprintf_refs.csv... (GhidraScript)  
2025-12-07 20:43:43,900 - ghidra_adapter - DEBUG -   INFO  ExtractBinaryInfo.py> Writing 1 rows to .\Malware_sample_exe_output\Malware_sample_exe_cross_refs\Malware_sample_exe_004094c0_idata_5_refs.csv... (GhidraScript)  
2025-12-07 20:43:43,900 - ghidra_adapter - DEBUG -   INFO  ExtractBinaryInfo.py> Writing 1 rows to .\Malware_sample_exe_output\Malware_sample_exe_cross_refs\Malware_sample_exe_004094c0_imp_free_refs.csv... (GhidraScript)  
2025-12-07 20:43:43,901 - ghidra_adapter - DEBUG -   INFO  ExtractBinaryInfo.py> Writing 1 rows to .\Malware_sample_exe_output\Malware_sample_exe_cross_refs\Malware_sample_exe_004094c8_idata_5_refs.csv... (GhidraScript)  
2025-12-07 20:43:43,901 - ghidra_adapter - DEBUG -   INFO  ExtractBinaryInfo.py> Writing 1 rows to .\Malware_sample_exe_output\Malware_sample_exe_cross_refs\Malware_sample_exe_004094c8_imp_fwrite_refs.csv... (GhidraScript)  
2025-12-07 20:43:43,901 - ghidra_adapter - DEBUG -   INFO  ExtractBinaryInfo.py> Writing 1 rows to .\Malware_sample_exe_output\Malware_sample_exe_cross_refs\Malware_sample_exe_004094d0_idata_5_refs.csv... (GhidraScript)  
2025-12-07 20:43:43,901 - ghidra_adapter - DEBUG -   INFO  ExtractBinaryInfo.py> Writing 1 rows to .\Malware_sample_exe_output\Malware_sample_exe_cross_refs\Malware_sample_exe_004094d0_imp_malloc_refs.csv... (GhidraScript)  
2025-12-07 20:43:43,901 - ghidra_adapter - DEBUG -   INFO  ExtractBinaryInfo.py> Writing 1 rows to .\Malware_sample_exe_output\Malware_sample_exe_cross_refs\Malware_sample_exe_004094d8_idata_5_refs.csv... (GhidraScript)  
2025-12-07 20:43:43,901 - ghidra_adapter - DEBUG -   INFO  ExtractBinaryInfo.py> Writing 1 rows to .\Malware_sample_exe_output\Malware_sample_exe_cross_refs\Malware_sample_exe_004094d8_imp_memcpy_refs.csv... (GhidraScript)  
2025-12-07 20:43:43,901 - ghidra_adapter - DEBUG -   INFO  ExtractBinaryInfo.py> Writing 1 rows to .\Malware_sample_exe_output\Malware_sample_exe_cross_refs\Malware_sample_exe_004094e0_idata_5_refs.csv... (GhidraScript)  
2025-12-07 20:43:43,901 - ghidra_adapter - DEBUG -   INFO  ExtractBinaryInfo.py> Writing 1 rows to .\Malware_sample_exe_output\Malware_sample_exe_cross_refs\Malware_sample_exe_004094e0_imp_puts_refs.csv... (GhidraScript)  
2025-12-07 20:43:43,901 - ghidra_adapter - DEBUG -   INFO  ExtractBinaryInfo.py> Writing 1 rows to .\Malware_sample_exe_output\Malware_sample_exe_cross_refs\Malware_sample_exe_004094e8_idata_5_refs.csv... (GhidraScript)  
2025-12-07 20:43:43,901 - ghidra_adapter - DEBUG -   INFO  ExtractBinaryInfo.py> Writing 1 rows to .\Malware_sample_exe_output\Malware_sample_exe_cross_refs\Malware_sample_exe_004094e8_imp_rand_refs.csv... (GhidraScript)  
2025-12-07 20:43:43,901 - ghidra_adapter - DEBUG -   INFO  ExtractBinaryInfo.py> Writing 1 rows to .\Malware_sample_exe_output\Malware_sample_exe_cross_refs\Malware_sample_exe_004094f0_idata_5_refs.csv... (GhidraScript)  
2025-12-07 20:43:43,901 - ghidra_adapter - DEBUG -   INFO  ExtractBinaryInfo.py> Writing 1 rows to .\Malware_sample_exe_output\Malware_sample_exe_cross_refs\Malware_sample_exe_004094f0_imp_signal_refs.csv... (GhidraScript)  
2025-12-07 20:43:43,901 - ghidra_adapter - DEBUG -   INFO  ExtractBinaryInfo.py> Writing 1 rows to .\Malware_sample_exe_output\Malware_sample_exe_cross_refs\Malware_sample_exe_004094f8_idata_5_refs.csv... (GhidraScript)  
2025-12-07 20:43:43,901 - ghidra_adapter - DEBUG -   INFO  ExtractBinaryInfo.py> Writing 1 rows to .\Malware_sample_exe_output\Malware_sample_exe_cross_refs\Malware_sample_exe_004094f8_imp_srand_refs.csv... (GhidraScript)  
2025-12-07 20:43:43,901 - ghidra_adapter - DEBUG -   INFO  ExtractBinaryInfo.py> Writing 1 rows to .\Malware_sample_exe_output\Malware_sample_exe_cross_refs\Malware_sample_exe_00409500_idata_5_refs.csv... (GhidraScript)  
2025-12-07 20:43:43,901 - ghidra_adapter - DEBUG -   INFO  ExtractBinaryInfo.py> Writing 1 rows to .\Malware_sample_exe_output\Malware_sample_exe_cross_refs\Malware_sample_exe_00409500_imp_strcat_refs.csv... (GhidraScript)  
2025-12-07 20:43:43,901 - ghidra_adapter - DEBUG -   INFO  ExtractBinaryInfo.py> Writing 1 rows to .\Malware_sample_exe_output\Malware_sample_exe_cross_refs\Malware_sample_exe_00409508_idata_5_refs.csv... (GhidraScript)  
2025-12-07 20:43:43,901 - ghidra_adapter - DEBUG -   INFO  ExtractBinaryInfo.py> Writing 1 rows to .\Malware_sample_exe_output\Malware_sample_exe_cross_refs\Malware_sample_exe_00409508_imp_strcmp_refs.csv... (GhidraScript)  
2025-12-07 20:43:43,901 - ghidra_adapter - DEBUG -   INFO  ExtractBinaryInfo.py> Writing 1 rows to .\Malware_sample_exe_output\Malware_sample_exe_cross_refs\Malware_sample_exe_00409510_idata_5_refs.csv... (GhidraScript)  
2025-12-07 20:43:43,902 - ghidra_adapter - DEBUG -   INFO  ExtractBinaryInfo.py> Writing 1 rows to .\Malware_sample_exe_output\Malware_sample_exe_cross_refs\Malware_sample_exe_00409510_imp_strlen_refs.csv... (GhidraScript)  
2025-12-07 20:43:43,902 - ghidra_adapter - DEBUG -   INFO  ExtractBinaryInfo.py> Writing 1 rows to .\Malware_sample_exe_output\Malware_sample_exe_cross_refs\Malware_sample_exe_00409518_idata_5_refs.csv... (GhidraScript)  
2025-12-07 20:43:43,902 - ghidra_adapter - DEBUG -   INFO  ExtractBinaryInfo.py> Writing 1 rows to .\Malware_sample_exe_output\Malware_sample_exe_cross_refs\Malware_sample_exe_00409518_imp_strncmp_refs.csv... (GhidraScript)  
2025-12-07 20:43:43,902 - ghidra_adapter - DEBUG -   INFO  ExtractBinaryInfo.py> Writing 1 rows to .\Malware_sample_exe_output\Malware_sample_exe_cross_refs\Malware_sample_exe_00409520_idata_5_refs.csv... (GhidraScript)  
2025-12-07 20:43:43,902 - ghidra_adapter - DEBUG -   INFO  ExtractBinaryInfo.py> Writing 1 rows to .\Malware_sample_exe_output\Malware_sample_exe_cross_refs\Malware_sample_exe_00409520_imp_system_refs.csv... (GhidraScript)  
2025-12-07 20:43:43,902 - ghidra_adapter - DEBUG -   INFO  ExtractBinaryInfo.py> Writing 1 rows to .\Malware_sample_exe_output\Malware_sample_exe_cross_refs\Malware_sample_exe_00409528_idata_5_refs.csv... (GhidraScript)  
2025-12-07 20:43:43,902 - ghidra_adapter - DEBUG -   INFO  ExtractBinaryInfo.py> Writing 1 rows to .\Malware_sample_exe_output\Malware_sample_exe_cross_refs\Malware_sample_exe_00409528_imp_vfprintf_refs.csv... (GhidraScript)  
2025-12-07 20:43:43,902 - ghidra_adapter - DEBUG -   INFO  ExtractBinaryInfo.py> Writing 2 rows to .\Malware_sample_exe_output\Malware_sample_exe_cross_refs\Malware_sample_exe_00409538_idata_5_refs.csv... (GhidraScript)  
2025-12-07 20:43:43,902 - ghidra_adapter - DEBUG -   INFO  ExtractBinaryInfo.py> Writing 2 rows to .\Malware_sample_exe_output\Malware_sample_exe_cross_refs\Malware_sample_exe_00409538_fthunk_refs.csv... (GhidraScript)  
2025-12-07 20:43:43,902 - ghidra_adapter - DEBUG -   INFO  ExtractBinaryInfo.py> Writing 2 rows to .\Malware_sample_exe_output\Malware_sample_exe_cross_refs\Malware_sample_exe_00409538_imp_SHGetSpecialFolderPathA_refs.csv... (GhidraScript)  
2025-12-07 20:43:43,902 - ghidra_adapter - DEBUG -   INFO  ExtractBinaryInfo.py> Writing 1 rows to .\Malware_sample_exe_output\Malware_sample_exe_cross_refs\Malware_sample_exe_00409548_idata_5_refs.csv... (GhidraScript)  
2025-12-07 20:43:43,902 - ghidra_adapter - DEBUG -   INFO  ExtractBinaryInfo.py> Writing 1 rows to .\Malware_sample_exe_output\Malware_sample_exe_cross_refs\Malware_sample_exe_00409548_fthunk_refs.csv... (GhidraScript)  
2025-12-07 20:43:43,902 - ghidra_adapter - DEBUG -   INFO  ExtractBinaryInfo.py> Writing 1 rows to .\Malware_sample_exe_output\Malware_sample_exe_cross_refs\Malware_sample_exe_00409548_imp_URLDownloadToFileA_refs.csv... (GhidraScript)  
2025-12-07 20:43:43,902 - ghidra_adapter - DEBUG -   INFO  ExtractBinaryInfo.py> Writing 2 rows to .\Malware_sample_exe_output\Malware_sample_exe_cross_refs\Malware_sample_exe_00409558_idata_5_refs.csv... (GhidraScript)  
2025-12-07 20:43:43,902 - ghidra_adapter - DEBUG -   INFO  ExtractBinaryInfo.py> Writing 2 rows to .\Malware_sample_exe_output\Malware_sample_exe_cross_refs\Malware_sample_exe_00409558_fthunk_refs.csv... (GhidraScript)  
2025-12-07 20:43:43,903 - ghidra_adapter - DEBUG -   INFO  ExtractBinaryInfo.py> Writing 2 rows to .\Malware_sample_exe_output\Malware_sample_exe_cross_refs\Malware_sample_exe_00409558_imp_GetForegroundWindow_refs.csv... (GhidraScript)  
2025-12-07 20:43:43,903 - ghidra_adapter - DEBUG -   INFO  ExtractBinaryInfo.py> Writing 2 rows to .\Malware_sample_exe_output\Malware_sample_exe_cross_refs\Malware_sample_exe_00409560_idata_5_refs.csv... (GhidraScript)  
2025-12-07 20:43:43,903 - ghidra_adapter - DEBUG -   INFO  ExtractBinaryInfo.py> Writing 2 rows to .\Malware_sample_exe_output\Malware_sample_exe_cross_refs\Malware_sample_exe_00409560_imp_MessageBoxA_refs.csv... (GhidraScript)  
2025-12-07 20:43:43,903 - ghidra_adapter - DEBUG -   INFO  ExtractBinaryInfo.py> Writing 2 rows to .\Malware_sample_exe_output\Malware_sample_exe_cross_refs\Malware_sample_exe_00409568_idata_5_refs.csv... (GhidraScript)  
2025-12-07 20:43:43,903 - ghidra_adapter - DEBUG -   INFO  ExtractBinaryInfo.py> Writing 2 rows to .\Malware_sample_exe_output\Malware_sample_exe_cross_refs\Malware_sample_exe_00409568_imp_ShowWindow_refs.csv... (GhidraScript)  
2025-12-07 20:43:43,903 - ghidra_adapter - DEBUG -   INFO  ExtractBinaryInfo.py> Writing 1 rows to .\Malware_sample_exe_output\Malware_sample_exe_cross_refs\Malware_sample_exe_00409578_idata_5_refs.csv... (GhidraScript)  
2025-12-07 20:43:43,903 - ghidra_adapter - DEBUG -   INFO  ExtractBinaryInfo.py> Writing 1 rows to .\Malware_sample_exe_output\Malware_sample_exe_cross_refs\Malware_sample_exe_00409578_imp_ZNSt8ios_base4InitC1Ev_refs.csv... (GhidraScript)  
2025-12-07 20:43:43,903 - ghidra_adapter - DEBUG -   INFO  ExtractBinaryInfo.py> Writing 1 rows to .\Malware_sample_exe_output\Malware_sample_exe_cross_refs\Malware_sample_exe_00409580_idata_5_refs.csv... (GhidraScript)  
2025-12-07 20:43:43,903 - ghidra_adapter - DEBUG -   INFO  ExtractBinaryInfo.py> Writing 1 rows to .\Malware_sample_exe_output\Malware_sample_exe_cross_refs\Malware_sample_exe_00409580_imp_ZNSt8ios_base4InitD1Ev_refs.csv... (GhidraScript)  
2025-12-07 20:43:43,903 - ghidra_adapter - DEBUG -   INFO  ExtractBinaryInfo.py> Writing 1 rows to .\Malware_sample_exe_output\Malware_sample_exe_cross_refs\Malware_sample_exe_00409a3c_idata_7_refs.csv... (GhidraScript)  
2025-12-07 20:43:43,903 - ghidra_adapter - DEBUG -   INFO  ExtractBinaryInfo.py> Writing 1 rows to .\Malware_sample_exe_output\Malware_sample_exe_cross_refs\Malware_sample_exe_00409a3c_lib64_libadvapi32_a_iname_refs.csv... (GhidraScript)  
2025-12-07 20:43:43,904 - ghidra_adapter - DEBUG -   INFO  ExtractBinaryInfo.py> Writing 1 rows to .\Malware_sample_exe_output\Malware_sample_exe_cross_refs\Malware_sample_exe_00409ab8_idata_7_refs.csv... (GhidraScript)  
2025-12-07 20:43:43,904 - ghidra_adapter - DEBUG -   INFO  ExtractBinaryInfo.py> Writing 1 rows to .\Malware_sample_exe_output\Malware_sample_exe_cross_refs\Malware_sample_exe_00409ab8_lib64_libkernel32_a_iname_refs.csv... (GhidraScript)  
2025-12-07 20:43:43,904 - ghidra_adapter - DEBUG -   INFO  ExtractBinaryInfo.py> Writing 2 rows to .\Malware_sample_exe_output\Malware_sample_exe_cross_refs\Malware_sample_exe_0040a010_CRT_XCZ_refs.csv... (GhidraScript)  
2025-12-07 20:43:43,904 - ghidra_adapter - DEBUG -   INFO  ExtractBinaryInfo.py> Writing 2 rows to .\Malware_sample_exe_output\Malware_sample_exe_cross_refs\Malware_sample_exe_0040a010_xc_z_refs.csv... (GhidraScript)  
2025-12-07 20:43:43,904 - ghidra_adapter - DEBUG -   INFO  ExtractBinaryInfo.py> Writing 2 rows to .\Malware_sample_exe_output\Malware_sample_exe_cross_refs\Malware_sample_exe_0040a018_CRT_XIA_refs.csv... (GhidraScript)  
2025-12-07 20:43:43,904 - ghidra_adapter - DEBUG -   INFO  ExtractBinaryInfo.py> Writing 2 rows to .\Malware_sample_exe_output\Malware_sample_exe_cross_refs\Malware_sample_exe_0040a018_crt_xi_start_refs.csv... (GhidraScript)  
2025-12-07 20:43:43,904 - ghidra_adapter - DEBUG -   INFO  ExtractBinaryInfo.py> Writing 2 rows to .\Malware_sample_exe_output\Malware_sample_exe_cross_refs\Malware_sample_exe_0040a018_crt_xc_end_refs.csv... (GhidraScript)  
2025-12-07 20:43:43,904 - ghidra_adapter - DEBUG -   INFO  ExtractBinaryInfo.py> Writing 2 rows to .\Malware_sample_exe_output\Malware_sample_exe_cross_refs\Malware_sample_exe_0040a018_xi_a_refs.csv... (GhidraScript)  
2025-12-07 20:43:43,904 - ghidra_adapter - DEBUG -   INFO  ExtractBinaryInfo.py> Writing 2 rows to .\Malware_sample_exe_output\Malware_sample_exe_cross_refs\Malware_sample_exe_0040a030_CRT_XIZ_refs.csv... (GhidraScript)  
2025-12-07 20:43:43,904 - ghidra_adapter - DEBUG -   INFO  ExtractBinaryInfo.py> Writing 2 rows to .\Malware_sample_exe_output\Malware_sample_exe_cross_refs\Malware_sample_exe_0040a030_xi_z_refs.csv... (GhidraScript)  
2025-12-07 20:43:43,904 - ghidra_adapter - DEBUG -   INFO  ExtractBinaryInfo.py> Writing 3 rows to .\Malware_sample_exe_output\Malware_sample_exe_cross_refs\Malware_sample_exe_0040a060_xd_z_refs.csv... (GhidraScript)  
2025-12-07 20:43:43,904 - ghidra_adapter - DEBUG -   INFO  ExtractBinaryInfo.py> Writing 3 rows to .\Malware_sample_exe_output\Malware_sample_exe_cross_refs\Malware_sample_exe_0040a060_CRT_XDZ_refs.csv... (GhidraScript)  
2025-12-07 20:43:43,904 - ghidra_adapter - DEBUG -   INFO  ExtractBinaryInfo.py> Writing 1 rows to .\Malware_sample_exe_output\Malware_sample_exe_cross_refs\Malware_sample_exe_0040c000_end_refs.csv... (GhidraScript)  
2025-12-07 20:43:43,904 - ghidra_adapter - DEBUG -   INFO  ExtractBinaryInfo.py> --- Cross-Reference Extraction Complete --- (GhidraScript)  
2025-12-07 20:43:43,906 - ghidra_adapter - DEBUG -   INFO  ExtractBinaryInfo.py> Generated 487 cross-reference files. (GhidraScript)  
2025-12-07 20:43:43,906 - ghidra_adapter - DEBUG -   INFO  ExtractBinaryInfo.py> 
2025-12-07 20:43:43,906 - ghidra_adapter - DEBUG -   --- Binary Information & Cross-Ref Extraction Complete --- (GhidraScript)  
2025-12-07 20:43:43,906 - ghidra_adapter - DEBUG -   INFO  ExtractBinaryInfo.py> Output files generated with prefix: Malware_sample_exe (GhidraScript)  
2025-12-07 20:43:43,906 - ghidra_adapter - DEBUG -   INFO  ExtractBinaryInfo.py> Main output directory: E:\WorkSpace\ReBind_demo\tmp\Malware_sample_ghidemo\Malware_sample_exe_output (GhidraScript)  
2025-12-07 20:43:43,906 - ghidra_adapter - DEBUG -   INFO  ExtractBinaryInfo.py> Cross-reference files directory: E:\WorkSpace\ReBind_demo\tmp\Malware_sample_ghidemo\Malware_sample_exe_output\Malware_sample_exe_cross_refs (GhidraScript)  
2025-12-07 20:43:43,906 - ghidra_adapter - DEBUG -   INFO  SCRIPT: E:\WorkSpace\ReBind_demo\tmp\Malware_sample_ghidemo\ExtractDisassembly.py (HeadlessAnalyzer)  
2025-12-07 20:43:43,906 - ghidra_adapter - DEBUG -   INFO  ExtractDisassembly.py> Created output directory: ./Malware_sample_exe_disassembly (GhidraScript)  
2025-12-07 20:43:43,906 - ghidra_adapter - DEBUG -   INFO  ExtractDisassembly.py> Found 199 functions, starting disassembly extraction... (GhidraScript)  
2025-12-07 20:43:43,906 - ghidra_adapter - DEBUG -   INFO  ExtractDisassembly.py>    Progress: 50/199 (GhidraScript)  
2025-12-07 20:43:43,906 - ghidra_adapter - DEBUG -   INFO  ExtractDisassembly.py>    Progress: 100/199 (GhidraScript)  
2025-12-07 20:43:43,906 - ghidra_adapter - DEBUG -   INFO  ExtractDisassembly.py> 
2025-12-07 20:43:43,906 - ghidra_adapter - DEBUG -   --- Disassembly Extraction Complete --- (GhidraScript)  
2025-12-07 20:43:43,907 - ghidra_adapter - DEBUG -   INFO  ExtractDisassembly.py> Successfully Extracted: 130 (GhidraScript)  
2025-12-07 20:43:43,907 - ghidra_adapter - DEBUG -   INFO  ExtractDisassembly.py> Errors Occurred: 0 (GhidraScript)  
2025-12-07 20:43:43,907 - ghidra_adapter - DEBUG -   INFO  ExtractDisassembly.py> Total Functions: 199 (GhidraScript)  
2025-12-07 20:43:43,907 - ghidra_adapter - DEBUG -   INFO  ExtractDisassembly.py> Disassembly files saved to: ./Malware_sample_exe_disassembly (GhidraScript)  
2025-12-07 20:43:43,907 - ghidra_adapter - DEBUG -   INFO  SCRIPT: E:\WorkSpace\ReBind_demo\tmp\Malware_sample_ghidemo\ExtractPseudocode.py (HeadlessAnalyzer)  
2025-12-07 20:43:43,907 - ghidra_adapter - DEBUG -   INFO  ExtractPseudocode.py> --- Pseudocode Extraction Script --- (GhidraScript)  
2025-12-07 20:43:43,907 - ghidra_adapter - DEBUG -   INFO  ExtractPseudocode.py> Created output directory: ./Malware_sample_exe_pseudocode (GhidraScript)  
2025-12-07 20:43:43,907 - ghidra_adapter - DEBUG -   INFO  ExtractPseudocode.py> Opening decompiler for program Malware_sample.exe... (GhidraScript)  
2025-12-07 20:43:43,907 - ghidra_adapter - DEBUG -   INFO  ExtractPseudocode.py> Found 199 functions, starting decompilation... (GhidraScript)  
2025-12-07 20:43:43,907 - ghidra_adapter - DEBUG -   INFO  ExtractPseudocode.py>   Progress: 50/199 (GhidraScript)  
2025-12-07 20:43:43,907 - ghidra_adapter - DEBUG -   INFO  ExtractPseudocode.py>   Progress: 100/199 (GhidraScript)  
2025-12-07 20:43:43,907 - ghidra_adapter - DEBUG -   INFO  ExtractPseudocode.py> 
2025-12-07 20:43:43,907 - ghidra_adapter - DEBUG -   --- Pseudocode Extraction Complete --- (GhidraScript)  
2025-12-07 20:43:43,907 - ghidra_adapter - DEBUG -   INFO  ExtractPseudocode.py> Successfully Decompiled: 130 (GhidraScript)  
2025-12-07 20:43:43,907 - ghidra_adapter - DEBUG -   INFO  ExtractPseudocode.py> Failed/Skipped: 0 (GhidraScript)  
2025-12-07 20:43:43,908 - ghidra_adapter - DEBUG -   INFO  ExtractPseudocode.py> Total Functions: 199 (GhidraScript)  
2025-12-07 20:43:43,908 - ghidra_adapter - DEBUG -   INFO  ExtractPseudocode.py> Pseudocode files saved to: ./Malware_sample_exe_pseudocode (GhidraScript)  
2025-12-07 20:43:43,908 - ghidra_adapter - DEBUG -   INFO  ANALYZING changes made by post scripts: file:///E:/WorkSpace/ReBind_demo/tmp/Malware_sample_ghidemo/Malware_sample.exe (HeadlessAnalyzer)  
2025-12-07 20:43:43,908 - ghidra_adapter - DEBUG -   INFO  REPORT: Post-analysis succeeded for file: file:///E:/WorkSpace/ReBind_demo/tmp/Malware_sample_ghidemo/Malware_sample.exe (HeadlessAnalyzer)  
2025-12-07 20:43:43,908 - ghidra_adapter - DEBUG -   INFO  REPORT: Save succeeded for: /Malware_sample.exe (MyPEAnalysisTemp_Malware_sample.exe:/Malware_sample.exe) (HeadlessAnalyzer)  
2025-12-07 20:43:43,908 - ghidra_adapter - DEBUG -   INFO  REPORT: Import succeeded (HeadlessAnalyzer)  
2025-12-07 20:43:43,908 - ghidra_adapter - INFO - Ghidra分析完成
2025-12-07 20:43:43,908 - ghidra_adapter - DEBUG - 文件名清理: Malware_sample.exe -> Malware_sample.exe
2025-12-07 20:43:43,908 - ghidra_adapter - INFO - 处理输出文件...
2025-12-07 20:43:43,908 - ghidra_adapter - DEBUG - 清理后的文件名: Malware_sample.exe
2025-12-07 20:43:43,908 - ghidra_adapter - DEBUG - 当前工作目录: E:\WorkSpace\ReBind_demo\tools\Ghidra_Headless_Demo
2025-12-07 20:43:43,909 - ghidra_adapter - DEBUG - 检查目录: Malware_sample.exe_disassembly (绝对路径: E:\WorkSpace\ReBind_demo\tools\Ghidra_Headless_Demo\Malware_sample.exe_disassembly)
2025-12-07 20:43:43,909 - ghidra_adapter - WARNING - 输出目录不存在: Malware_sample.exe_disassembly
2025-12-07 20:43:43,909 - ghidra_adapter - DEBUG - 当前目录内容:
2025-12-07 20:43:43,909 - ghidra_adapter - DEBUG -   - .gitignore
2025-12-07 20:43:43,909 - ghidra_adapter - DEBUG -   - config.yaml
2025-12-07 20:43:43,909 - ghidra_adapter - DEBUG -   - ExtractBinaryInfo.py
2025-12-07 20:43:43,909 - ghidra_adapter - DEBUG -   - ExtractDisassembly.py
2025-12-07 20:43:43,909 - ghidra_adapter - DEBUG -   - ExtractPseudocode.py
2025-12-07 20:43:43,909 - ghidra_adapter - DEBUG -   - ghidra_adapter.log
2025-12-07 20:43:43,909 - ghidra_adapter - DEBUG -   - ghidra_adapter.py
2025-12-07 20:43:43,909 - ghidra_adapter - DEBUG -   - input_prehandle_start.bat
2025-12-07 20:43:43,910 - ghidra_adapter - DEBUG -   - README.md
2025-12-07 20:43:43,910 - ghidra_adapter - DEBUG - 检查目录: Malware_sample.exe_output (绝对路径: E:\WorkSpace\ReBind_demo\tools\Ghidra_Headless_Demo\Malware_sample.exe_output)
2025-12-07 20:43:43,910 - ghidra_adapter - WARNING - 输出目录不存在: Malware_sample.exe_output
2025-12-07 20:43:43,910 - ghidra_adapter - DEBUG - 当前目录内容:
2025-12-07 20:43:43,910 - ghidra_adapter - DEBUG -   - .gitignore
2025-12-07 20:43:43,910 - ghidra_adapter - DEBUG -   - config.yaml
2025-12-07 20:43:43,910 - ghidra_adapter - DEBUG -   - ExtractBinaryInfo.py
2025-12-07 20:43:43,910 - ghidra_adapter - DEBUG -   - ExtractDisassembly.py
2025-12-07 20:43:43,910 - ghidra_adapter - DEBUG -   - ExtractPseudocode.py
2025-12-07 20:43:43,910 - ghidra_adapter - DEBUG -   - ghidra_adapter.log
2025-12-07 20:43:43,910 - ghidra_adapter - DEBUG -   - ghidra_adapter.py
2025-12-07 20:43:43,910 - ghidra_adapter - DEBUG -   - input_prehandle_start.bat
2025-12-07 20:43:43,910 - ghidra_adapter - DEBUG -   - README.md
2025-12-07 20:43:43,911 - ghidra_adapter - DEBUG - 检查目录: Malware_sample.exe_pseudocode (绝对路径: E:\WorkSpace\ReBind_demo\tools\Ghidra_Headless_Demo\Malware_sample.exe_pseudocode)
2025-12-07 20:43:43,911 - ghidra_adapter - WARNING - 输出目录不存在: Malware_sample.exe_pseudocode
2025-12-07 20:43:43,911 - ghidra_adapter - DEBUG - 当前目录内容:
2025-12-07 20:43:43,911 - ghidra_adapter - DEBUG -   - .gitignore
2025-12-07 20:43:43,911 - ghidra_adapter - DEBUG -   - config.yaml
2025-12-07 20:43:43,911 - ghidra_adapter - DEBUG -   - ExtractBinaryInfo.py
2025-12-07 20:43:43,911 - ghidra_adapter - DEBUG -   - ExtractDisassembly.py
2025-12-07 20:43:43,912 - ghidra_adapter - DEBUG -   - ExtractPseudocode.py
2025-12-07 20:43:43,912 - ghidra_adapter - DEBUG -   - ghidra_adapter.log
2025-12-07 20:43:43,912 - ghidra_adapter - DEBUG -   - ghidra_adapter.py
2025-12-07 20:43:43,912 - ghidra_adapter - DEBUG -   - input_prehandle_start.bat
2025-12-07 20:43:43,912 - ghidra_adapter - DEBUG -   - README.md
2025-12-07 20:43:43,912 - ghidra_adapter - DEBUG - 删除临时脚本: ExtractBinaryInfo.py
2025-12-07 20:43:43,913 - ghidra_adapter - DEBUG - 删除临时脚本: ExtractDisassembly.py
2025-12-07 20:43:43,913 - ghidra_adapter - DEBUG - 删除临时脚本: ExtractPseudocode.py
2025-12-07 20:43:43,914 - ghidra_adapter - INFO - 分析完成，输出目录: E:\WorkSpace\ReBind_demo\tmp\Malware_sample_ghidemo
2025-12-07 21:11:13,995 - ghidra_adapter - INFO - 开始分析文件: E:\WorkSpace\ReBind_demo\tmp\Malware_sample.exe
2025-12-07 21:11:13,995 - ghidra_adapter - INFO - 准备工作目录: E:\WorkSpace\ReBind_demo\tmp\Malware_sample_exe_ghidemo
2025-12-07 21:11:14,005 - ghidra_adapter - INFO - 执行Ghidra命令...
2025-12-07 21:13:27,116 - ghidra_adapter - INFO - Ghidra分析完成
2025-12-07 21:13:27,116 - ghidra_adapter - INFO - 处理输出文件...
2025-12-07 21:13:27,116 - ghidra_adapter - WARNING - 输出目录不存在: Malware_sample.exe_disassembly
2025-12-07 21:13:27,116 - ghidra_adapter - WARNING - 输出目录不存在: Malware_sample.exe_binaryinfo
2025-12-07 21:13:27,117 - ghidra_adapter - WARNING - 输出目录不存在: Malware_sample.exe_pseudocode
2025-12-07 21:13:27,118 - ghidra_adapter - INFO - 分析完成，输出目录: E:\WorkSpace\ReBind_demo\tmp\Malware_sample_exe_ghidemo
2025-12-07 21:27:49,255 - ghidra_adapter - INFO - 开始分析文件: E:\WorkSpace\ReBind_demo\tmp\Malware_sample.exe
2025-12-07 21:27:49,256 - ghidra_adapter - INFO - 准备工作目录: E:\WorkSpace\ReBind_demo\tmp\Malware_sample_exe_ghidemo
2025-12-07 21:27:49,265 - ghidra_adapter - INFO - 执行Ghidra命令...
2025-12-07 21:29:53,854 - ghidra_adapter - INFO - Ghidra分析完成
2025-12-07 21:29:53,855 - ghidra_adapter - INFO - 处理输出文件...
2025-12-07 21:29:53,855 - ghidra_adapter - WARNING - 输出目录不存在: Malware_sample.exe_disassembly
2025-12-07 21:29:53,855 - ghidra_adapter - WARNING - 输出目录不存在: Malware_sample.exe_binaryinfo
2025-12-07 21:29:53,856 - ghidra_adapter - WARNING - 输出目录不存在: Malware_sample.exe_pseudocode
2025-12-07 21:29:53,857 - ghidra_adapter - INFO - 分析完成，输出目录: E:\WorkSpace\ReBind_demo\tmp\Malware_sample_exe_ghidemo
2025-12-07 21:35:03,499 - ghidra_adapter - INFO - 开始分析文件: E:\WorkSpace\ReBind_demo\tmp\Malware_sample.exe
2025-12-07 21:35:03,500 - ghidra_adapter - INFO - 准备工作目录: E:\WorkSpace\ReBind_demo\tmp\Malware_sample_exe_ghidemo
2025-12-07 21:35:03,507 - ghidra_adapter - INFO - 执行Ghidra命令...
2025-12-07 21:37:03,330 - ghidra_adapter - INFO - Ghidra分析完成
2025-12-07 21:37:03,331 - ghidra_adapter - INFO - 处理输出文件...
2025-12-07 21:37:03,331 - ghidra_adapter - WARNING - 输出目录不存在: Malware_sample.exe_disassembly
2025-12-07 21:37:03,331 - ghidra_adapter - WARNING - 输出目录不存在: Malware_sample.exe_binaryinfo
2025-12-07 21:37:03,332 - ghidra_adapter - WARNING - 输出目录不存在: Malware_sample.exe_pseudocode
2025-12-07 21:37:03,334 - ghidra_adapter - INFO - 分析完成，输出目录: E:\WorkSpace\ReBind_demo\tmp\Malware_sample_exe_ghidemo
2025-12-07 21:49:33,881 - ghidra_adapter - INFO - 开始分析文件: E:\WorkSpace\ReBind_demo\tmp\Malware_sample.exe
2025-12-07 21:49:33,882 - ghidra_adapter - INFO - 准备工作目录: E:\WorkSpace\ReBind_demo\tmp\Malware_sample_exe_ghidemo
2025-12-07 21:49:33,889 - ghidra_adapter - INFO - 执行Ghidra命令...
2025-12-07 21:54:20,123 - ghidra_adapter - INFO - 开始分析文件: E:\WorkSpace\ReBind_demo\tmp\Malware_sample.exe
2025-12-07 21:54:20,123 - ghidra_adapter - INFO - 准备工作目录: E:\WorkSpace\ReBind_demo\tmp\Malware_sample_exe_ghidemo
2025-12-07 21:54:20,131 - ghidra_adapter - INFO - 执行Ghidra命令...
2025-12-07 21:56:19,874 - ghidra_adapter - INFO - Ghidra分析完成
2025-12-07 21:56:19,874 - ghidra_adapter - INFO - 处理输出文件...
2025-12-07 21:56:19,875 - ghidra_adapter - WARNING - 输出目录不存在: Malware_sample.exe_disassembly
2025-12-07 21:56:19,875 - ghidra_adapter - WARNING - 输出目录不存在: Malware_sample.exe_binaryinfo
2025-12-07 21:56:19,875 - ghidra_adapter - WARNING - 输出目录不存在: Malware_sample.exe_pseudocode
2025-12-07 21:56:19,878 - ghidra_adapter - INFO - 分析完成，输出目录: E:\WorkSpace\ReBind_demo\tmp\Malware_sample_exe_ghidemo
2025-12-07 22:13:50,384 - ghidra_adapter - INFO - 开始分析文件: E:\WorkSpace\ReBind_demo\tmp\Malware_sample.exe
2025-12-07 22:13:50,385 - ghidra_adapter - INFO - 准备工作目录: E:\WorkSpace\ReBind_demo\tmp\Malware_sample_exe_ghidemo
2025-12-07 22:13:50,392 - ghidra_adapter - INFO - 执行Ghidra命令...
2025-12-07 22:15:49,397 - ghidra_adapter - INFO - Ghidra分析完成
2025-12-07 22:15:49,397 - ghidra_adapter - INFO - 处理输出文件...
2025-12-07 22:15:49,398 - ghidra_adapter - WARNING - 输出目录不存在: Malware_sample.exe_disassembly
2025-12-07 22:15:49,398 - ghidra_adapter - WARNING - 输出目录不存在: Malware_sample.exe_binaryinfo
2025-12-07 22:15:49,399 - ghidra_adapter - WARNING - 输出目录不存在: Malware_sample.exe_pseudocode
2025-12-07 22:15:49,400 - ghidra_adapter - INFO - 分析完成，输出目录: E:\WorkSpace\ReBind_demo\tmp\Malware_sample_exe_ghidemo
2025-12-07 22:19:08,258 - ghidra_adapter - INFO - 开始分析文件: E:\WorkSpace\ReBind_demo\tmp\Malware_sample.exe
2025-12-07 22:19:08,259 - ghidra_adapter - INFO - 准备工作目录: E:\WorkSpace\ReBind_demo\tmp\Malware_sample_exe_ghidemo
2025-12-07 22:19:08,266 - ghidra_adapter - INFO - 执行Ghidra命令...
2025-12-07 22:21:07,439 - ghidra_adapter - INFO - Ghidra分析完成
2025-12-07 22:21:07,439 - ghidra_adapter - INFO - 处理输出文件...
2025-12-07 22:21:07,439 - ghidra_adapter - WARNING - 输出目录不存在: Malware_sample.exe_disassembly
2025-12-07 22:21:07,440 - ghidra_adapter - WARNING - 输出目录不存在: Malware_sample.exe_binaryinfo
2025-12-07 22:21:07,440 - ghidra_adapter - WARNING - 输出目录不存在: Malware_sample.exe_pseudocode
2025-12-07 22:21:07,442 - ghidra_adapter - INFO - 分析完成，输出目录: E:\WorkSpace\ReBind_demo\tmp\Malware_sample_exe_ghidemo
2025-12-07 22:37:12,984 - ghidra_adapter - INFO - 开始分析文件: E:\WorkSpace\ReBind_demo\tmp\Malware_sample.exe
2025-12-07 22:37:12,985 - ghidra_adapter - INFO - 准备工作目录: E:\WorkSpace\ReBind_demo\tmp\Malware_sample_exe_ghidemo
2025-12-07 22:37:12,993 - ghidra_adapter - INFO - 执行Ghidra命令...
2025-12-07 22:39:12,511 - ghidra_adapter - INFO - Ghidra分析完成
2025-12-07 22:39:12,511 - ghidra_adapter - INFO - 处理输出文件...
2025-12-07 22:39:12,512 - ghidra_adapter - WARNING - 输出目录不存在: Malware_sample.exe_disassembly
2025-12-07 22:39:12,512 - ghidra_adapter - WARNING - 输出目录不存在: Malware_sample.exe_binaryinfo
2025-12-07 22:39:12,512 - ghidra_adapter - WARNING - 输出目录不存在: Malware_sample.exe_pseudocode
2025-12-07 22:39:12,514 - ghidra_adapter - INFO - 分析完成，输出目录: E:\WorkSpace\ReBind_demo\tmp\Malware_sample_exe_ghidemo
2025-12-08 09:49:07,683 - ghidra_adapter - INFO - 开始分析文件: E:\WorkSpace\ReBind_demo\tmp\Malware_sample.exe
2025-12-08 09:49:07,684 - ghidra_adapter - INFO - 准备工作目录: E:\WorkSpace\ReBind_demo\tmp\Malware_sample_exe_ghidemo
2025-12-08 09:49:07,693 - ghidra_adapter - INFO - 执行Ghidra命令...
2025-12-08 09:51:01,511 - ghidra_adapter - INFO - Ghidra分析完成
2025-12-08 09:51:01,512 - ghidra_adapter - INFO - 处理输出文件...
2025-12-08 09:51:01,512 - ghidra_adapter - WARNING - 输出目录不存在: Malware_sample.exe_disassembly
2025-12-08 09:51:01,512 - ghidra_adapter - WARNING - 输出目录不存在: Malware_sample.exe_binaryinfo
2025-12-08 09:51:01,513 - ghidra_adapter - WARNING - 输出目录不存在: Malware_sample.exe_pseudocode
2025-12-08 09:51:01,514 - ghidra_adapter - INFO - 分析完成，输出目录: E:\WorkSpace\ReBind_demo\tmp\Malware_sample_exe_ghidemo
2025-12-08 21:11:38,737 - ghidra_adapter - INFO - 开始分析文件: E:\WorkSpace\ReBind_demo\tmp\Malware_sample.exe
2025-12-08 21:11:38,738 - ghidra_adapter - INFO - 准备工作目录: E:\WorkSpace\ReBind_demo\tmp\Malware_sample_exe_ghidemo
2025-12-08 21:11:38,748 - ghidra_adapter - INFO - 执行Ghidra命令...
2025-12-08 21:13:32,201 - ghidra_adapter - INFO - Ghidra分析完成
2025-12-08 21:13:32,202 - ghidra_adapter - INFO - 处理输出文件...
2025-12-08 21:13:32,202 - ghidra_adapter - WARNING - 输出目录不存在: Malware_sample.exe_disassembly
2025-12-08 21:13:32,203 - ghidra_adapter - WARNING - 输出目录不存在: Malware_sample.exe_binaryinfo
2025-12-08 21:13:32,203 - ghidra_adapter - WARNING - 输出目录不存在: Malware_sample.exe_pseudocode
2025-12-08 21:13:32,205 - ghidra_adapter - INFO - 分析完成，输出目录: E:\WorkSpace\ReBind_demo\tmp\Malware_sample_exe_ghidemo
2025-12-08 21:29:57,149 - ghidra_adapter - INFO - 开始分析文件: E:\WorkSpace\ReBind_demo\tmp\Malware_sample.exe
2025-12-08 21:29:57,149 - ghidra_adapter - INFO - 准备工作目录: E:\WorkSpace\ReBind_demo\tmp\Malware_sample_exe_ghidemo
2025-12-08 21:29:57,158 - ghidra_adapter - INFO - 执行Ghidra命令...
2025-12-08 21:31:49,152 - ghidra_adapter - INFO - Ghidra分析完成
2025-12-08 21:31:49,153 - ghidra_adapter - INFO - 处理输出文件...
2025-12-08 21:31:49,153 - ghidra_adapter - WARNING - 输出目录不存在: Malware_sample.exe_disassembly
2025-12-08 21:31:49,154 - ghidra_adapter - WARNING - 输出目录不存在: Malware_sample.exe_binaryinfo
2025-12-08 21:31:49,154 - ghidra_adapter - WARNING - 输出目录不存在: Malware_sample.exe_pseudocode
2025-12-08 21:31:49,156 - ghidra_adapter - INFO - 分析完成，输出目录: E:\WorkSpace\ReBind_demo\tmp\Malware_sample_exe_ghidemo
2025-12-08 22:43:32,479 - ghidra_adapter - INFO - 开始分析文件: E:\WorkSpace\ReBind_demo\tmp\firebox_re\liblogxlate.so
2025-12-08 22:43:32,480 - ghidra_adapter - INFO - 准备工作目录: E:\WorkSpace\ReBind_demo\tmp\firebox_re\liblogxlate_so_ghidemo
2025-12-08 22:43:32,504 - ghidra_adapter - INFO - 执行Ghidra命令...
2025-12-08 22:44:36,944 - ghidra_adapter - INFO - Ghidra分析完成
2025-12-08 22:44:36,944 - ghidra_adapter - INFO - 处理输出文件...
2025-12-08 22:44:36,944 - ghidra_adapter - WARNING - 输出目录不存在: liblogxlate.so_disassembly
2025-12-08 22:44:36,946 - ghidra_adapter - WARNING - 输出目录不存在: liblogxlate.so_binaryinfo
2025-12-08 22:44:36,946 - ghidra_adapter - WARNING - 输出目录不存在: liblogxlate.so_pseudocode
2025-12-08 22:44:36,948 - ghidra_adapter - INFO - 分析完成，输出目录: E:\WorkSpace\ReBind_demo\tmp\firebox_re\liblogxlate_so_ghidemo
2025-12-08 22:59:59,920 - ghidra_adapter - INFO - 开始分析文件: E:\WorkSpace\ReBind_demo\tmp\firebox_re\liblogxlate.so
2025-12-08 22:59:59,920 - ghidra_adapter - INFO - 准备工作目录: E:\WorkSpace\ReBind_demo\tmp\firebox_re\liblogxlate_so_ghidemo
2025-12-08 22:59:59,929 - ghidra_adapter - INFO - 执行Ghidra命令...
2025-12-08 23:00:55,794 - ghidra_adapter - INFO - Ghidra分析完成
2025-12-08 23:00:55,794 - ghidra_adapter - INFO - 处理输出文件...
2025-12-08 23:00:55,794 - ghidra_adapter - WARNING - 输出目录不存在: liblogxlate.so_disassembly
2025-12-08 23:00:55,796 - ghidra_adapter - WARNING - 输出目录不存在: liblogxlate.so_binaryinfo
2025-12-08 23:00:55,796 - ghidra_adapter - WARNING - 输出目录不存在: liblogxlate.so_pseudocode
2025-12-08 23:00:55,798 - ghidra_adapter - INFO - 分析完成，输出目录: E:\WorkSpace\ReBind_demo\tmp\firebox_re\liblogxlate_so_ghidemo
2025-12-09 07:27:50,983 - ghidra_adapter - INFO - 开始分析文件: E:\WorkSpace\ReBind_demo\tmp\firebox_re\liblogxlate.so
2025-12-09 07:27:50,984 - ghidra_adapter - INFO - 准备工作目录: E:\WorkSpace\ReBind_demo\tmp\firebox_re\liblogxlate_so_ghidemo
2025-12-09 07:27:50,993 - ghidra_adapter - INFO - 执行Ghidra命令...
2025-12-09 07:28:47,570 - ghidra_adapter - INFO - Ghidra分析完成
2025-12-09 07:28:47,571 - ghidra_adapter - INFO - 处理输出文件...
2025-12-09 07:28:47,571 - ghidra_adapter - WARNING - 输出目录不存在: liblogxlate.so_disassembly
2025-12-09 07:28:47,573 - ghidra_adapter - WARNING - 输出目录不存在: liblogxlate.so_binaryinfo
2025-12-09 07:28:47,573 - ghidra_adapter - WARNING - 输出目录不存在: liblogxlate.so_pseudocode
2025-12-09 07:28:47,574 - ghidra_adapter - INFO - 分析完成，输出目录: E:\WorkSpace\ReBind_demo\tmp\firebox_re\liblogxlate_so_ghidemo
2025-12-09 07:51:52,109 - ghidra_adapter - INFO - 开始分析文件: E:\WorkSpace\ReBind_demo\tmp\firebox_re\libwgapt.so
2025-12-09 07:51:52,110 - ghidra_adapter - INFO - 准备工作目录: E:\WorkSpace\ReBind_demo\tmp\firebox_re\libwgapt_so_ghidemo
2025-12-09 07:51:52,118 - ghidra_adapter - INFO - 执行Ghidra命令...
2025-12-09 07:56:34,848 - ghidra_adapter - INFO - 开始分析文件: E:\WorkSpace\ReBind_demo\tmp\firebox_re\liblogxlate.so
2025-12-09 07:56:34,849 - ghidra_adapter - INFO - 准备工作目录: E:\WorkSpace\ReBind_demo\tmp\firebox_re\liblogxlate_so_ghidemo
2025-12-09 07:56:34,857 - ghidra_adapter - INFO - 执行Ghidra命令...
2025-12-09 07:57:34,506 - ghidra_adapter - INFO - Ghidra分析完成
2025-12-09 07:57:34,508 - ghidra_adapter - INFO - 处理输出文件...
2025-12-09 07:57:34,508 - ghidra_adapter - WARNING - 输出目录不存在: liblogxlate.so_disassembly
2025-12-09 07:57:34,508 - ghidra_adapter - WARNING - 输出目录不存在: liblogxlate.so_binaryinfo
2025-12-09 07:57:34,509 - ghidra_adapter - WARNING - 输出目录不存在: liblogxlate.so_pseudocode
2025-12-09 07:57:34,510 - ghidra_adapter - INFO - 分析完成，输出目录: E:\WorkSpace\ReBind_demo\tmp\firebox_re\liblogxlate_so_ghidemo
2025-12-09 08:31:19,865 - ghidra_adapter - INFO - 开始分析文件: E:\WorkSpace\ReBind_demo\tmp\firebox_re\libwgapt.so
2025-12-09 08:31:19,865 - ghidra_adapter - INFO - 准备工作目录: E:\WorkSpace\ReBind_demo\tmp\firebox_re\libwgapt_so_ghidemo
2025-12-09 08:31:19,878 - ghidra_adapter - INFO - 执行Ghidra命令...
2025-12-09 08:31:51,030 - ghidra_adapter - INFO - Ghidra分析完成
2025-12-09 08:31:51,030 - ghidra_adapter - INFO - 处理输出文件...
2025-12-09 08:31:51,031 - ghidra_adapter - WARNING - 输出目录不存在: libwgapt.so_disassembly
2025-12-09 08:31:51,031 - ghidra_adapter - WARNING - 输出目录不存在: libwgapt.so_binaryinfo
2025-12-09 08:31:51,031 - ghidra_adapter - WARNING - 输出目录不存在: libwgapt.so_pseudocode
2025-12-09 08:31:51,034 - ghidra_adapter - INFO - 分析完成，输出目录: E:\WorkSpace\ReBind_demo\tmp\firebox_re\libwgapt_so_ghidemo
2025-12-10 11:46:59,305 - ghidra_adapter - INFO - 开始分析文件: E:\WorkSpace\ReBind_demo\tmp\firebox_re\liblogxlate.so
2025-12-10 11:46:59,306 - ghidra_adapter - INFO - 准备工作目录: E:\WorkSpace\ReBind_demo\tmp\firebox_re\liblogxlate_so_ghidemo
2025-12-10 11:46:59,317 - ghidra_adapter - INFO - 执行Ghidra命令...
2025-12-10 11:47:59,115 - ghidra_adapter - INFO - Ghidra分析完成
2025-12-10 11:47:59,115 - ghidra_adapter - INFO - 处理输出文件...
2025-12-10 11:47:59,116 - ghidra_adapter - WARNING - 输出目录不存在: liblogxlate.so_disassembly
2025-12-10 11:47:59,116 - ghidra_adapter - WARNING - 输出目录不存在: liblogxlate.so_binaryinfo
2025-12-10 11:47:59,117 - ghidra_adapter - WARNING - 输出目录不存在: liblogxlate.so_pseudocode
2025-12-10 11:47:59,120 - ghidra_adapter - INFO - 分析完成，输出目录: E:\WorkSpace\ReBind_demo\tmp\firebox_re\liblogxlate_so_ghidemo
2025-12-10 11:49:23,878 - ghidra_adapter - INFO - 开始分析文件: E:\WorkSpace\ReBind_demo\tmp\firebox_re\liblogxlate.so
2025-12-10 11:49:23,878 - ghidra_adapter - INFO - 准备工作目录: E:\WorkSpace\ReBind_demo\tmp\firebox_re\liblogxlate_so_ghidemo
2025-12-10 11:49:23,887 - ghidra_adapter - INFO - 执行Ghidra命令...
2025-12-10 11:50:25,800 - ghidra_adapter - INFO - Ghidra分析完成
2025-12-10 11:50:25,801 - ghidra_adapter - INFO - 处理输出文件...
2025-12-10 11:50:25,801 - ghidra_adapter - WARNING - 输出目录不存在: liblogxlate.so_disassembly
2025-12-10 11:50:25,802 - ghidra_adapter - WARNING - 输出目录不存在: liblogxlate.so_binaryinfo
2025-12-10 11:50:25,802 - ghidra_adapter - WARNING - 输出目录不存在: liblogxlate.so_pseudocode
2025-12-10 11:50:25,805 - ghidra_adapter - INFO - 分析完成，输出目录: E:\WorkSpace\ReBind_demo\tmp\firebox_re\liblogxlate_so_ghidemo
